桩号(km),左高程(mm),右高程(mm),速度(m/s)
0.52300,48.59,,0.14
0.52310,45.81,,0.43
0.52320,45.01,,0.54
0.52330,45.08,,0.68
0.52340,45.21,,0.84
0.52350,45.37,,1.01
0.52360,45.56,,1.15
0.52370,46.08,,1.28
0.52380,46.41,,1.40
0.52390,46.79,,1.51
0.52400,47.04,,1.61
0.52410,46.95,,1.71
0.52420,46.83,,1.80
0.52430,46.89,,1.90
0.52440,47.57,,1.98
0.52450,48.48,,2.03
0.52460,48.89,,2.12
0.52470,49.67,,2.16
0.52480,50.19,,2.26
0.52490,50.43,,2.27
0.52500,50.80,,2.34
0.52510,51.29,,2.41
0.52520,51.66,,2.44
0.52530,52.11,,2.50
0.52540,52.61,,2.55
0.52550,53.46,,2.58
0.52560,54.60,,2.65
0.52570,55.23,,2.70
0.52580,55.56,,2.72
0.52590,55.97,,2.80
0.52600,56.55,,2.85
0.52610,57.33,,2.87
0.52620,58.25,,2.94
0.52630,59.50,,2.96
0.52640,60.19,,3.05
0.52650,60.52,,3.07
0.52660,60.72,,3.10
0.52670,60.83,,3.17
0.52680,60.92,,3.25
0.52690,60.03,,3.19
0.52700,59.33,,3.35
0.52710,59.11,,3.39
0.52720,59.22,,3.38
0.52730,59.59,,3.45
0.52740,60.28,,3.53
0.52750,61.11,,3.51
0.52760,62.08,,3.59
0.52770,62.68,,3.58
0.52780,63.33,,3.73
0.52790,63.53,,3.71
0.52800,64.12,,3.80
0.52810,64.89,,3.94
0.52820,65.43,,3.86
0.52830,65.91,,3.98
0.52840,65.99,,4.01
0.52850,66.23,,4.02
0.52860,66.82,,4.05
0.52870,66.74,,4.15
0.52880,66.70,,4.22
0.52890,67.43,,4.24
0.52900,67.49,,4.28
0.52910,67.87,,4.32
0.52920,67.21,,4.37
0.52930,66.30,,4.46
0.52940,64.60,,4.47
0.52950,63.19,,4.46
0.52960,63.01,,4.47
0.52970,63.55,,4.56
0.52980,64.48,,4.52
0.52990,65.01,,4.56
0.53000,65.94,,5.16
0.53010,66.84,,4.47
0.53020,67.20,,4.46
0.53030,64.51,,4.91
0.53040,56.33,,5.09
0.53050,52.72,,4.85
0.53060,51.93,,4.67
0.53070,52.46,,4.97
0.53080,52.46,,5.16
0.53090,52.24,,4.97
0.53100,56.10,,4.79
0.53110,64.35,,4.96
0.53120,64.77,,5.16
0.53130,62.99,,5.22
0.53140,61.24,,5.09
0.53150,60.24,,5.03
0.53160,59.39,,5.16
0.53170,57.70,,5.29
0.53180,55.85,,5.23
0.53190,55.98,,5.09
0.53200,56.42,,5.37
0.53210,56.05,,5.44
0.53220,55.76,,5.22
0.53230,56.43,,5.16
0.53240,57.72,,5.44
0.53250,56.90,,5.44
0.53260,56.92,,5.44
0.53270,57.04,,5.37
0.53280,57.01,,5.44
0.53290,56.59,,5.44
0.53300,56.36,,5.51
0.53310,56.46,,5.59
0.53320,56.50,,5.51
0.53330,56.33,,5.59
0.53340,56.45,,5.51
0.53350,56.69,,5.63
0.53360,57.08,,5.63
0.53370,57.03,,5.67
0.53380,56.82,,5.71
0.53390,56.56,,5.71
0.53400,56.42,,5.75
0.53410,56.50,,5.75
0.53420,56.22,,5.80
0.53430,55.43,,5.87
0.53440,54.95,,5.84
0.53450,54.48,,5.83
0.53460,54.29,,5.84
0.53470,53.47,,6.10
0.53480,52.62,,5.93
0.53490,52.29,,5.92
0.53500,51.62,,6.01
0.53510,50.65,,6.02
0.53520,50.29,,6.10
0.53530,50.47,,6.11
0.53540,50.29,,6.19
0.53550,50.35,,6.11
0.53560,49.83,,6.10
0.53570,49.16,,6.20
0.53580,48.34,,6.19
0.53590,48.17,,6.16
0.53600,47.39,,6.24
0.53610,46.66,,6.29
0.53620,46.43,,6.30
0.53630,46.30,,6.34
0.53640,46.65,,6.35
0.53650,47.12,,6.34
0.53660,47.22,,6.25
0.53670,47.19,,6.39
0.53680,46.53,,6.40
0.53690,46.30,,6.49
0.53700,45.87,,6.39
0.53710,45.66,,6.51
0.53720,45.93,,6.49
0.53730,46.70,,6.51
0.53740,47.36,,6.60
0.53750,47.55,,6.40
0.53760,47.66,,6.54
0.53770,48.15,,7.03
0.53780,48.06,,6.54
0.53790,48.24,,6.56
0.53800,48.17,,6.44
0.53810,48.08,,6.76
0.53820,48.02,,6.97
0.53830,47.72,,6.60
0.53840,46.99,,6.51
0.53850,46.34,,6.71
0.53860,46.43,,6.97
0.53870,46.05,,6.94
0.53880,47.17,,6.85
0.53890,48.12,,6.82
0.53900,48.59,,6.71
0.53910,48.73,,6.91
0.53920,48.37,,7.00
0.53930,48.65,,6.85
0.53940,48.91,,6.94
0.53950,49.21,,6.97
0.53960,49.62,,6.94
0.53970,50.29,,6.97
0.53980,50.47,,6.94
0.53990,51.24,,7.15
0.54000,52.46,,7.12
0.54010,53.15,,7.06
0.54020,53.53,,7.09
0.54030,53.55,,6.94
0.54040,53.67,,7.09
0.54050,53.49,,7.19
0.54060,53.40,,7.22
0.54070,53.81,,7.19
0.54080,54.11,,7.09
0.54090,54.54,,7.12
0.54100,54.69,,7.38
0.54110,56.42,,7.35
0.54120,57.09,,7.19
0.54130,57.65,,7.15
0.54140,57.87,,7.25
0.54150,58.29,,7.35
0.54160,58.42,,7.38
0.54170,58.62,,7.35
0.54180,58.30,,7.25
0.54190,58.57,,7.29
0.54200,58.90,,7.52
0.54210,59.71,,7.52
0.54220,59.56,,7.42
0.54230,59.85,,7.38
0.54240,60.07,,7.42
0.54250,60.75,,7.45
0.54260,61.11,,7.64
0.54270,60.82,,7.45
0.54280,60.55,,7.35
0.54290,59.34,,7.59
0.54300,59.14,,7.74
0.54310,59.15,,7.71
0.54320,59.03,,7.66
0.54330,59.00,,7.42
0.54340,58.82,,7.45
0.54350,58.56,,7.71
0.54360,58.53,,7.89
0.54370,58.70,,7.71
0.54380,59.20,,7.66
0.54390,59.32,,7.56
0.54400,59.41,,7.66
0.54410,59.09,,7.89
0.54420,58.97,,7.79
0.54430,59.01,,7.59
0.54440,58.91,,7.79
0.54450,59.31,,7.81
0.54460,59.92,,8.02
0.54470,60.92,,7.89
0.54480,60.50,,7.86
0.54490,59.94,,7.81
0.54500,59.26,,7.89
0.54510,58.12,,7.79
0.54520,56.28,,7.66
0.54530,55.19,,7.86
0.54540,55.60,,8.05
0.54550,56.47,,8.27
0.54560,56.65,,8.13
0.54570,56.91,,7.86
0.54580,56.81,,7.59
0.54590,57.05,,7.94
0.54600,57.41,,8.21
0.54610,58.35,,8.30
0.54620,57.51,,8.19
0.54630,57.02,,7.81
0.54640,56.90,,7.71
0.54650,56.62,,8.05
0.54660,56.79,,8.45
0.54670,57.37,,8.38
0.54680,57.89,,8.10
0.54690,57.85,,7.97
0.54700,58.26,,7.97
0.54710,58.64,,8.19
0.54720,59.22,,8.30
0.54730,60.25,,8.45
0.54740,60.83,,8.30
0.54750,61.20,,8.02
0.54760,61.26,,7.97
0.54770,61.22,,8.36
0.54780,61.14,,8.38
0.54790,61.49,,8.45
0.54800,61.21,,8.30
0.54810,61.12,,8.21
0.54820,61.95,,8.19
0.54830,62.35,,8.30
0.54840,62.62,,8.54
0.54850,62.87,,8.38
0.54860,63.40,,8.36
0.54870,63.29,,8.47
0.54880,63.42,,8.45
0.54890,63.50,,8.47
0.54900,62.65,,8.38
0.54910,62.35,,8.45
0.54920,62.18,,8.47
0.54930,61.79,,8.54
0.54940,61.96,,8.65
0.54950,62.36,,8.54
0.54960,63.19,,8.56
0.54970,63.44,,8.63
0.54980,63.21,,8.47
0.54990,63.20,,8.45
0.55000,62.34,,8.65
0.55010,62.61,,8.65
0.55020,63.50,,8.54
0.55030,62.32,,8.84
0.55040,62.02,,8.82
0.55050,61.83,,8.75
0.55060,60.89,,8.63
0.55070,60.35,,8.75
0.55080,60.71,,8.73
0.55090,61.15,,8.56
0.55100,61.08,,8.73
0.55110,61.42,,8.84
0.55120,63.03,,8.84
0.55130,63.10,,8.92
0.55140,64.17,,8.94
0.55150,64.31,,8.73
0.55160,63.80,,8.56
0.55170,63.13,,8.63
0.55180,64.67,,9.04
0.55190,66.38,,9.13
0.55200,66.48,,9.15
0.55210,67.11,,8.75
0.55220,66.91,,8.63
0.55230,67.46,,8.75
0.55240,67.77,,8.92
0.55250,68.09,,9.15
0.55260,67.84,,9.23
0.55270,67.58,,9.04
0.55280,67.82,,8.82
0.55290,67.75,,8.75
0.55300,67.38,,8.92
0.55310,67.14,,9.15
0.55320,66.91,,9.36
0.55330,66.35,,9.23
0.55340,65.82,,9.15
0.55350,64.84,,8.92
0.55360,63.82,,8.94
0.55370,63.43,,9.02
0.55380,64.03,,9.25
0.55390,64.59,,9.34
0.55400,64.70,,9.36
0.55410,64.26,,9.25
0.55420,63.79,,9.02
0.55430,63.12,,9.15
0.55440,62.56,,9.23
0.55450,62.23,,9.47
0.55460,61.84,,9.34
0.55470,61.64,,9.47
0.55480,61.43,,9.34
0.55490,60.98,,9.25
0.55500,60.42,,9.23
0.55510,59.68,,9.36
0.55520,59.54,,9.47
0.55530,59.99,,9.45
0.55540,60.03,,9.47
0.55550,59.94,,9.57
0.55560,59.77,,9.47
0.55570,59.31,,9.34
0.55580,58.76,,9.25
0.55590,58.55,,9.57
0.55600,59.08,,9.58
0.55610,59.07,,9.47
0.55620,59.03,,9.57
0.55630,58.51,,9.47
0.55640,57.96,,9.45
0.55650,57.75,,9.47
0.55660,57.57,,9.57
0.55670,57.06,,9.58
0.55680,56.90,,9.80
0.55690,57.21,,9.81
0.55700,56.79,,9.69
0.55710,56.26,,9.47
0.55720,55.54,,9.36
0.55730,55.24,,9.57
0.55740,57.18,,9.70
0.55750,55.09,,9.69
0.55760,54.73,,9.94
0.55770,54.28,,9.69
0.55780,54.08,,9.70
0.55790,53.59,,9.69
0.55800,53.07,,9.58
0.55810,53.70,,9.81
0.55820,53.53,,9.93
0.55830,53.40,,9.81
0.55840,53.43,,9.80
0.55850,53.34,,9.70
0.55860,53.05,,9.69
0.55870,52.35,,9.81
0.55880,52.19,,9.93
0.55890,52.16,,10.06
0.55900,52.35,,9.93
0.55910,52.34,,9.81
0.55920,52.25,,9.94
0.55930,52.75,,10.05
0.55940,52.36,,9.94
0.55950,52.04,,10.05
0.55960,51.40,,9.81
0.55970,51.32,,9.69
0.55980,51.92,,9.94
0.55990,52.11,,10.05
0.56000,52.06,,10.32
0.56010,51.94,,10.06
0.56020,51.74,,10.05
0.56030,51.81,,10.06
0.56040,51.64,,9.93
0.56050,52.12,,10.06
0.56060,52.12,,10.18
0.56070,51.92,,10.32
0.56080,51.41,,10.05
0.56090,51.14,,10.06
0.56100,50.90,,9.93
0.56110,50.73,,10.06
0.56120,50.93,,10.32
0.56130,50.85,,10.18
0.56140,51.22,,10.32
0.56150,51.36,,10.31
0.56160,51.94,,10.19
0.56170,52.27,,10.18
0.56180,52.32,,10.32
0.56190,51.86,,10.18
0.56200,51.85,,10.19
0.56210,52.19,,10.06
0.56220,52.62,,10.18
0.56230,53.00,,10.45
0.56240,53.33,,10.31
0.56250,53.03,,10.45
0.56260,52.76,,10.31
0.56270,52.68,,10.19
0.56280,52.36,,10.31
0.56290,52.51,,10.32
0.56300,52.64,,10.45
0.56310,52.29,,10.45
0.56320,52.57,,10.59
0.56330,52.67,,10.45
0.56340,53.18,,10.45
0.56350,53.13,,10.31
0.56360,53.31,,10.19
0.56370,53.59,,10.59
0.56380,53.49,,10.59
0.56390,53.56,,10.45
0.56400,53.38,,10.45
0.56410,53.73,,10.45
0.56420,54.03,,10.45
0.56430,54.28,,10.45
0.56440,54.45,,10.45
0.56450,54.56,,10.73
0.56460,55.33,,10.59
0.56470,55.07,,10.59
0.56480,55.19,,10.59
0.56490,55.33,,10.59
0.56500,55.18,,10.45
0.56510,55.23,,10.59
0.56520,55.12,,10.73
0.56530,54.73,,10.59
0.56540,54.55,,10.73
0.56550,54.63,,10.88
0.56560,54.19,,10.73
0.56570,54.15,,10.59
0.56580,54.18,,10.73
0.56590,54.28,,10.73
0.56600,54.20,,10.64
0.56610,54.14,,10.83
0.56620,54.22,,10.73
0.56630,54.10,,10.88
0.56640,54.12,,10.73
0.56650,53.72,,10.73
0.56660,53.21,,10.73
0.56670,52.88,,10.73
0.56680,53.13,,10.98
0.56690,53.11,,10.92
0.56700,53.08,,10.73
0.56710,52.95,,10.73
0.56720,53.12,,10.88
0.56730,52.80,,10.88
0.56740,52.86,,10.88
0.56750,52.70,,11.03
0.56760,52.64,,10.88
0.56770,53.02,,11.03
0.56780,52.96,,11.02
0.56790,52.98,,10.88
0.56800,52.42,,10.88
0.56810,51.86,,10.88
0.56820,51.31,,10.88
0.56830,51.17,,10.88
0.56840,50.69,,11.03
0.56850,50.27,,11.02
0.56860,49.99,,11.19
0.56870,50.15,,10.88
0.56880,50.40,,11.03
0.56890,49.95,,11.02
0.56900,50.05,,10.88
0.56910,50.01,,10.88
0.56920,50.19,,11.02
0.56930,50.21,,11.19
0.56940,50.08,,11.02
0.56950,50.01,,11.03
0.56960,50.06,,11.02
0.56970,50.28,,11.03
0.56980,50.58,,11.02
0.56990,50.93,,11.03
0.57000,50.94,,11.02
0.57010,50.89,,11.18
0.57020,50.88,,11.19
0.57030,50.88,,11.13
0.57040,50.93,,11.08
0.57050,51.14,,11.18
0.57060,51.46,,11.35
0.57070,51.21,,11.02
0.57080,51.26,,11.03
0.57090,51.56,,11.18
0.57100,51.99,,11.03
0.57110,52.21,,11.33
0.57120,52.29,,11.33
0.57130,52.43,,11.19
0.57140,52.83,,11.18
0.57150,53.18,,11.19
0.57160,53.18,,11.18
0.57170,53.15,,11.13
0.57180,53.08,,11.07
0.57190,53.16,,11.24
0.57200,53.74,,11.44
0.57210,54.08,,11.33
0.57220,54.11,,11.35
0.57230,54.19,,11.33
0.57240,54.36,,11.03
0.57250,54.85,,11.18
0.57260,55.12,,11.35
0.57270,55.42,,11.33
0.57280,55.68,,11.51
0.57290,55.67,,11.50
0.57300,56.13,,11.35
0.57310,55.96,,11.33
0.57320,56.35,,11.33
0.57330,56.53,,11.19
0.57340,56.83,,11.33
0.57350,57.10,,11.35
0.57360,57.28,,11.44
0.57370,57.45,,11.40
0.57380,57.90,,11.33
0.57390,58.33,,11.51
0.57400,58.61,,11.33
0.57410,58.77,,11.33
0.57420,58.95,,11.40
0.57430,59.01,,11.44
0.57440,59.28,,11.51
0.57450,59.70,,11.50
0.57460,59.91,,11.51
0.57470,60.01,,11.50
0.57480,60.20,,11.51
0.57490,60.36,,11.50
0.57500,60.21,,11.51
0.57510,60.09,,11.50
0.57520,60.16,,11.33
0.57530,60.10,,11.51
0.57540,59.97,,11.50
0.57550,59.60,,11.51
0.57560,59.17,,11.39
0.57570,59.40,,11.45
0.57580,59.39,,11.50
0.57590,59.69,,11.68
0.57600,60.15,,11.66
0.57610,60.37,,11.78
0.57620,60.44,,11.57
0.57630,60.20,,11.66
0.57640,60.00,,11.51
0.57650,59.79,,11.39
0.57660,59.84,,11.29
0.57670,59.97,,11.50
0.57680,60.06,,11.51
0.57690,60.56,,11.50
0.57700,60.57,,11.68
0.57710,60.53,,11.61
0.57720,60.42,,11.55
0.57730,60.35,,11.51
0.57740,60.69,,11.72
0.57750,60.95,,11.79
0.57760,61.03,,11.83
0.57770,60.86,,11.68
0.57780,60.90,,11.72
0.57790,60.77,,11.62
0.57800,60.87,,11.50
0.57810,61.20,,11.51
0.57820,61.43,,11.50
0.57830,61.53,,11.61
0.57840,61.59,,11.79
0.57850,61.64,,11.83
0.57860,61.62,,11.79
0.57870,61.86,,11.66
0.57880,62.10,,11.51
0.57890,62.14,,11.66
0.57900,61.94,,11.68
0.57910,61.59,,11.66
0.57920,61.54,,11.72
0.57930,61.51,,11.79
0.57940,61.47,,11.83
0.57950,61.62,,11.68
0.57960,61.79,,11.72
0.57970,61.68,,11.79
0.57980,61.52,,11.66
0.57990,61.30,,11.85
0.58000,60.92,,11.72
0.58010,60.55,,11.79
0.58020,60.19,,11.83
0.58030,59.68,,11.61
0.58040,59.55,,11.57
0.58050,59.35,,11.83
0.58060,59.06,,11.85
0.58070,58.31,,12.01
0.58080,57.62,,11.85
0.58090,57.22,,11.83
0.58100,56.74,,11.74
0.58110,56.32,,11.72
0.58120,56.05,,11.72
0.58130,55.49,,11.85
0.58140,55.04,,12.01
0.58150,54.48,,11.91
0.58160,53.83,,12.07
0.58170,53.36,,11.91
0.58180,52.67,,11.83
0.58190,51.85,,11.68
0.58200,50.86,,11.66
0.58210,50.47,,11.85
0.58220,50.01,,11.95
0.58230,49.59,,12.07
0.58240,48.88,,12.28
0.58250,48.26,,12.13
0.58260,47.47,,12.03
0.58270,46.54,,11.83
0.58280,45.73,,11.68
0.58290,44.87,,11.66
0.58300,44.42,,11.91
0.58310,43.85,,12.07
0.58320,43.40,,12.07
0.58330,42.75,,12.22
0.58340,42.10,,12.19
0.58350,41.34,,12.09
0.58360,40.72,,11.95
0.58370,40.11,,11.68
0.58380,39.78,,11.83
0.58390,39.85,,12.03
0.58400,39.86,,12.19
0.58410,39.41,,12.41
0.58420,39.15,,12.32
0.58430,38.84,,12.07
0.58440,38.42,,11.85
0.58450,37.97,,11.89
0.58460,37.02,,12.03
0.58470,35.56,,11.95
0.58480,35.03,,11.91
0.58490,35.24,,12.13
0.58500,36.09,,12.41
0.58510,36.51,,12.26
0.58520,36.49,,12.13
0.58530,36.00,,12.03
0.58540,35.76,,12.13
0.58550,35.55,,12.09
0.58560,35.13,,12.19
0.58570,34.79,,12.22
0.58580,34.48,,12.07
0.58590,34.38,,12.16
0.58600,34.21,,12.01
0.58610,34.01,,12.09
0.58620,34.01,,12.13
0.58630,33.77,,12.01
0.58640,33.26,,12.22
0.58650,33.00,,12.19
0.58660,32.99,,12.03
0.58670,33.16,,12.01
0.58680,33.18,,11.91
0.58690,35.05,,12.32
0.58700,34.76,,12.41
0.58710,32.61,,12.19
0.58720,31.79,,12.19
0.58730,31.64,,12.16
0.58740,31.69,,12.07
0.58750,31.19,,12.22
0.58760,30.70,,12.01
0.58770,30.77,,11.91
0.58780,30.86,,12.32
0.58790,30.51,,12.22
0.58800,30.45,,12.38
0.58810,30.11,,12.28
0.58820,29.98,,12.13
0.58830,29.82,,11.83
0.58840,29.78,,11.85
0.58850,29.98,,12.01
0.58860,30.27,,12.22
0.58870,30.29,,12.44
0.58880,31.05,,12.54
0.58890,31.26,,12.38
0.58900,31.00,,12.22
0.58910,31.24,,12.19
0.58920,31.40,,12.07
0.58930,31.33,,11.97
0.58940,31.58,,12.01
0.58950,31.79,,12.22
0.58960,32.14,,12.38
0.58970,31.92,,12.41
0.58980,32.12,,12.38
0.58990,31.85,,12.22
0.59000,31.95,,12.01
0.59010,32.20,,11.97
0.59020,32.49,,12.07
0.59030,32.59,,12.19
0.59040,33.19,,12.28
0.59050,33.24,,12.44
0.59060,33.28,,12.28
0.59070,33.41,,12.38
0.59080,33.53,,12.22
0.59090,33.80,,12.07
0.59100,33.58,,12.03
0.59110,34.07,,12.13
0.59120,34.33,,12.19
0.59130,34.18,,12.41
0.59140,34.15,,12.26
0.59150,34.12,,12.28
0.59160,34.53,,12.19
0.59170,34.55,,12.03
0.59180,34.85,,12.07
0.59190,35.10,,12.03
0.59200,36.08,,12.07
0.59210,36.55,,12.28
0.59220,37.03,,12.32
0.59230,37.24,,12.44
0.59240,37.53,,12.28
0.59250,37.60,,12.38
0.59260,37.96,,12.22
0.59270,38.62,,12.01
0.59280,38.69,,12.09
0.59290,39.31,,12.13
0.59300,39.63,,12.22
0.59310,39.77,,12.19
0.59320,40.42,,12.19
0.59330,40.87,,12.28
0.59340,41.07,,12.32
0.59350,41.20,,12.16
0.59360,41.31,,12.07
0.59370,41.87,,12.22
0.59380,42.46,,12.01
0.59390,43.03,,12.22
0.59400,43.14,,12.19
0.59410,43.68,,12.34
0.59420,44.09,,12.26
0.59430,44.39,,12.19
0.59440,44.86,,12.22
0.59450,45.19,,12.19
0.59460,45.50,,12.22
0.59470,45.69,,12.01
0.59480,45.95,,12.22
0.59490,46.50,,12.19
0.59500,47.16,,12.22
0.59510,47.58,,12.19
0.59520,47.77,,12.38
0.59530,47.83,,12.22
0.59540,48.29,,12.07
0.59550,48.77,,11.97
0.59560,49.22,,12.01
0.59570,49.70,,12.03
0.59580,50.33,,12.19
0.59590,50.94,,12.28
0.59600,50.93,,12.32
0.59610,51.20,,12.41
0.59620,51.80,,12.19
0.59630,52.04,,12.07
0.59640,51.99,,12.16
0.59650,52.63,,12.01
0.59660,52.77,,12.03
0.59670,52.75,,12.19
0.59680,52.90,,12.22
0.59690,52.69,,12.57
0.59700,52.81,,12.28
0.59710,52.30,,12.32
0.59720,52.51,,12.07
0.59730,52.64,,12.16
0.59740,53.10,,12.01
0.59750,53.19,,12.22
0.59760,53.05,,12.19
0.59770,53.40,,12.22
0.59780,53.52,,12.26
0.59790,53.61,,12.16
0.59800,53.73,,12.19
0.59810,53.95,,12.03
0.59820,53.99,,12.01
0.59830,54.27,,12.13
0.59840,54.30,,12.16
0.59850,54.50,,12.19
0.59860,55.03,,12.16
0.59870,55.60,,12.38
0.59880,55.74,,12.34
0.59890,55.77,,12.26
0.59900,55.37,,12.22
0.59910,55.43,,12.01
0.59920,55.56,,11.89
0.59930,55.83,,11.97
0.59940,55.99,,12.01
0.59950,56.32,,12.16
0.59960,56.67,,12.32
0.59970,57.07,,12.54
0.59980,56.81,,12.57
0.59990,56.29,,12.22
0.60000,56.17,,12.13
0.60010,56.30,,11.91
0.60020,56.50,,11.66
0.60030,56.59,,11.83
0.60040,56.56,,12.03
0.60050,56.80,,12.26
0.60060,56.91,,12.41
0.60070,56.84,,12.44
0.60080,56.89,,12.28
0.60090,56.71,,12.19
0.60100,56.90,,11.85
0.60110,57.03,,11.66
0.60120,56.86,,12.01
0.60130,57.14,,12.03
0.60140,57.32,,12.26
0.60150,57.29,,12.41
0.60160,57.24,,12.44
0.60170,57.07,,12.28
0.60180,57.65,,12.19
0.60190,57.48,,11.91
0.60200,57.83,,11.95
0.60210,57.79,,12.03
0.60220,58.31,,12.19
0.60230,58.21,,12.19
0.60240,58.00,,12.22
0.60250,57.76,,12.26
0.60260,57.67,,12.16
0.60270,57.74,,12.19
0.60280,57.28,,12.03
0.60290,56.69,,12.01
0.60300,56.79,,12.03
0.60310,57.08,,12.01
0.60320,57.08,,12.19
0.60330,56.62,,12.22
0.60340,56.73,,12.19
0.60350,56.38,,12.34
0.60360,55.86,,12.19
0.60370,55.30,,12.09
0.60380,55.21,,12.01
0.60390,55.08,,12.03
0.60400,54.89,,12.01
0.60410,54.55,,12.22
0.60420,54.59,,12.19
0.60430,54.39,,12.38
0.60440,54.30,,12.34
0.60450,53.94,,12.32
0.60460,53.73,,12.34
0.60470,53.42,,12.19
0.60480,52.80,,11.97
0.60490,52.47,,11.89
0.60500,52.76,,11.97
0.60510,53.14,,12.07
0.60520,52.92,,12.41
0.60530,52.97,,12.38
0.60540,53.01,,12.38
0.60550,52.81,,12.22
0.60560,53.08,,12.01
0.60570,52.95,,12.03
0.60580,52.96,,11.95
0.60590,52.75,,12.03
0.60600,52.79,,12.19
0.60610,52.17,,12.28
0.60620,52.09,,12.19
0.60630,51.83,,12.19
0.60640,51.84,,12.22
0.60650,51.66,,12.01
0.60660,51.47,,12.03
0.60670,51.25,,12.01
0.60680,51.06,,12.09
0.60690,50.82,,12.13
0.60700,50.73,,12.22
0.60710,50.47,,12.19
0.60720,49.84,,12.03
0.60730,49.88,,12.19
0.60740,49.51,,12.01
0.60750,49.57,,12.22
0.60760,49.65,,12.07
0.60770,49.71,,12.16
0.60780,49.38,,12.19
0.60790,48.98,,12.16
0.60800,48.55,,12.07
0.60810,47.94,,11.91
0.60820,47.64,,11.95
0.60830,47.77,,11.83
0.60840,47.49,,12.03
0.60850,47.13,,12.19
0.60860,46.70,,12.28
0.60870,46.58,,12.32
0.60880,46.23,,12.22
0.60890,45.94,,12.19
0.60900,46.01,,12.03
0.60910,45.76,,12.01
0.60920,45.53,,12.03
0.60930,45.23,,11.95
0.60940,44.96,,11.95
0.60950,44.91,,11.97
0.60960,44.93,,12.01
0.60970,44.97,,12.03
0.60980,44.85,,12.19
0.60990,44.74,,12.16
0.61000,44.68,,12.07
0.61010,44.27,,12.03
0.61020,44.82,,12.01
0.61030,45.41,,12.01
0.61040,45.94,,12.03
0.61050,45.91,,12.01
0.61060,45.13,,12.22
0.61070,44.43,,12.07
0.61080,44.21,,12.16
0.61090,44.10,,12.01
0.61100,43.90,,12.03
0.61110,43.91,,11.89
0.61120,43.80,,11.97
0.61130,44.07,,12.01
0.61140,44.25,,12.19
0.61150,44.46,,12.03
0.61160,44.83,,12.19
0.61170,44.94,,12.03
0.61180,44.92,,12.07
0.61190,44.83,,11.97
0.61200,44.90,,12.01
0.61210,44.96,,11.85
0.61220,44.74,,11.89
0.61230,44.59,,11.95
0.61240,44.74,,12.03
0.61250,45.18,,12.19
0.61260,45.78,,12.03
0.61270,46.13,,12.01
0.61280,46.11,,12.03
0.61290,45.89,,11.83
0.61300,45.84,,12.03
0.61310,45.85,,12.01
0.61320,45.90,,12.03
0.61330,45.82,,12.01
0.61340,45.79,,12.01
0.61350,45.62,,11.85
0.61360,45.73,,11.83
0.61370,46.21,,11.97
0.61380,46.25,,12.07
0.61390,46.60,,12.03
0.61400,46.89,,12.19
0.61410,47.13,,12.16
0.61420,47.37,,12.07
0.61430,47.71,,11.83
0.61440,47.96,,11.68
0.61450,47.81,,11.72
0.61460,47.20,,11.79
0.61470,46.91,,12.01
0.61480,46.71,,11.97
0.61490,46.55,,12.07
0.61500,46.89,,12.03
0.61510,47.09,,12.01
0.61520,47.17,,11.97
0.61530,47.11,,11.83
0.61540,46.96,,11.83
0.61550,47.05,,11.91
0.61560,47.10,,11.95
0.61570,47.20,,12.03
0.61580,47.44,,12.07
0.61590,47.55,,12.03
0.61600,47.82,,12.01
0.61610,48.06,,11.85
0.61620,48.43,,11.66
0.61630,48.42,,11.83
0.61640,48.11,,11.85
0.61650,48.23,,11.83
0.61660,48.08,,12.03
0.61670,47.82,,11.83
0.61680,47.75,,11.85
0.61690,47.97,,11.83
0.61700,48.34,,11.85
0.61710,48.27,,11.95
0.61720,48.19,,11.91
0.61730,47.84,,11.83
0.61740,47.61,,11.83
0.61750,47.69,,11.91
0.61760,47.82,,11.95
0.61770,47.61,,11.68
0.61780,47.41,,11.83
0.61790,47.39,,11.85
0.61800,47.49,,11.89
0.61810,47.45,,11.97
0.61820,46.83,,11.83
0.61830,46.42,,11.83
0.61840,46.41,,11.62
0.61850,46.51,,11.61
0.61860,46.76,,11.79
0.61870,46.82,,11.83
0.61880,46.95,,11.85
0.61890,47.00,,11.83
0.61900,46.92,,11.74
0.61910,46.88,,11.78
0.61920,46.90,,11.62
0.61930,47.10,,11.55
0.61940,47.46,,11.83
0.61950,47.47,,11.85
0.61960,47.43,,11.83
0.61970,47.63,,11.79
0.61980,47.72,,11.72
0.61990,47.69,,11.51
0.62000,47.66,,11.55
0.62010,47.58,,11.62
0.62020,47.44,,11.66
0.62030,46.99,,11.83
0.62040,46.28,,11.68
0.62050,45.94,,11.83
0.62060,45.88,,11.85
0.62070,45.42,,11.66
0.62080,44.75,,11.68
0.62090,44.27,,11.66
0.62100,44.17,,11.51
0.62110,44.45,,11.66
0.62120,44.43,,11.62
0.62130,44.39,,11.72
0.62140,44.19,,11.83
0.62150,43.81,,11.68
0.62160,43.39,,11.50
0.62170,43.16,,11.57
0.62180,43.21,,11.50
0.62190,42.96,,11.45
0.62200,42.17,,11.83
0.62210,41.71,,11.79
0.62220,41.56,,11.72
0.62230,41.43,,11.83
0.62240,41.42,,11.51
0.62250,41.36,,11.50
0.62260,41.10,,11.51
0.62270,40.86,,11.50
0.62280,40.70,,11.45
0.62290,41.04,,11.55
0.62300,40.95,,11.74
0.62310,40.66,,11.78
0.62320,40.33,,11.68
0.62330,39.71,,11.66
0.62340,39.42,,11.39
0.62350,39.21,,11.45
0.62360,38.87,,11.50
0.62370,38.42,,11.68
0.62380,37.95,,11.50
0.62390,37.41,,11.51
0.62400,37.18,,11.33
0.62410,37.00,,11.51
0.62420,36.69,,11.50
0.62430,36.35,,11.50
0.62440,36.24,,11.68
0.62450,35.81,,11.50
0.62460,35.60,,11.51
0.62470,35.27,,11.50
0.62480,34.71,,11.35
0.62490,34.46,,11.50
0.62500,34.30,,11.51
0.62510,34.14,,11.50
0.62520,34.02,,11.51
0.62530,33.92,,11.66
0.62540,33.60,,11.44
0.62550,33.21,,11.24
0.62560,32.85,,11.33
0.62570,32.52,,11.19
0.62580,32.38,,11.50
0.62590,32.19,,11.68
0.62600,31.53,,11.66
0.62610,31.25,,11.62
0.62620,31.08,,11.39
0.62630,31.22,,11.33
0.62640,31.17,,11.19
0.62650,31.28,,11.02
0.62660,31.30,,11.35
0.62670,31.02,,11.33
0.62680,30.89,,11.57
0.62690,30.67,,11.61
0.62700,30.64,,11.35
0.62710,30.58,,11.33
0.62720,30.73,,11.19
0.62730,30.77,,11.33
0.62740,30.51,,11.33
0.62750,30.17,,11.45
0.62760,30.00,,11.39
0.62770,29.81,,11.45
0.62780,29.87,,11.23
0.62790,29.81,,11.19
0.62800,29.93,,11.18
0.62810,29.73,,11.19
0.62820,30.16,,11.18
0.62830,30.36,,11.33
0.62840,30.53,,11.24
0.62850,31.04,,11.28
0.62860,31.33,,11.35
0.62870,31.61,,11.28
0.62880,32.00,,11.24
0.62890,32.02,,11.18
0.62900,32.14,,11.03
0.62910,32.34,,11.28
0.62920,32.52,,11.13
0.62930,32.40,,11.18
0.62940,32.50,,11.13
0.62950,32.91,,11.19
0.62960,33.41,,11.02
0.62970,33.46,,11.19
0.62980,33.79,,11.18
0.62990,34.01,,11.19
0.63000,33.92,,11.13
0.63010,34.22,,11.08
0.63020,34.43,,11.02
0.63030,34.85,,11.03
0.63040,35.14,,11.02
0.63050,35.30,,10.88
0.63060,35.40,,11.03
0.63070,35.82,,11.18
0.63080,36.04,,11.03
0.63090,36.38,,11.02
0.63100,36.40,,11.03
0.63110,36.44,,10.88
0.63120,36.36,,10.73
0.63130,36.54,,10.73
0.63140,36.97,,10.88
0.63150,37.09,,11.03
0.63160,37.10,,11.18
0.63170,37.14,,11.03
0.63180,37.48,,10.73
0.63190,37.64,,10.73
0.63200,38.27,,10.73
0.63210,38.89,,10.73
0.63220,39.18,,11.02
0.63230,39.18,,11.03
0.63240,39.17,,11.02
0.63250,39.40,,10.73
0.63260,39.47,,10.73
0.63270,39.94,,10.45
0.63280,40.01,,10.59
0.63290,39.99,,10.73
0.63300,39.88,,10.73
0.63310,39.97,,10.88
0.63320,40.01,,10.73
0.63330,40.37,,10.73
0.63340,40.43,,10.59
0.63350,40.37,,10.59
0.63360,39.88,,10.73
0.63370,39.56,,10.73
0.63380,39.52,,10.59
0.63390,39.61,,10.59
0.63400,39.53,,10.45
0.63410,39.69,,10.45
0.63420,39.53,,10.45
0.63430,39.36,,10.45
0.63440,39.53,,10.45
0.63450,39.80,,10.73
0.63460,39.83,,10.59
0.63470,39.85,,10.59
0.63480,39.75,,10.59
0.63490,39.57,,10.45
0.63500,38.87,,10.31
0.63510,38.52,,10.32
0.63520,38.32,,10.31
0.63530,38.36,,10.45
0.63540,38.36,,10.45
0.63550,38.45,,10.31
0.63560,38.52,,10.32
0.63570,38.52,,10.31
0.63580,38.77,,10.32
0.63590,38.76,,10.31
0.63600,38.88,,10.45
0.63610,38.60,,10.31
0.63620,38.24,,10.19
0.63630,37.94,,10.05
0.63640,37.43,,10.06
0.63650,36.87,,10.06
0.63660,36.57,,10.18
0.63670,36.03,,10.19
0.63680,35.87,,10.18
0.63690,35.62,,10.06
0.63700,34.16,,9.80
0.63710,34.48,,9.94
0.63720,36.08,,10.18
0.63730,36.57,,10.45
0.63740,35.27,,10.59
0.63750,34.19,,10.45
0.63760,33.28,,9.70
0.63770,34.34,,9.23
0.63780,36.04,,9.36
0.63790,38.53,,9.69
0.63800,40.14,,10.06
0.63810,41.16,,10.18
0.63820,42.05,,10.06
0.63830,42.82,,9.69
0.63840,43.48,,9.58
0.63850,44.11,,9.58
0.63860,44.53,,9.93
0.63870,45.07,,10.06
0.63880,45.39,,10.05
0.63890,45.84,,9.94
0.63900,46.02,,9.45
0.63910,45.90,,9.15
0.63920,45.43,,9.02
0.63930,45.79,,9.25
0.63940,46.15,,9.47
0.63950,45.83,,9.80
0.63960,46.32,,9.94
0.63970,46.44,,9.69
0.63980,47.12,,9.58
0.63990,47.28,,9.45
0.64000,47.87,,9.47
0.64010,47.83,,9.45
0.64020,48.03,,9.36
0.64030,48.23,,9.34
0.64040,48.34,,9.25
0.64050,48.75,,9.15
0.64060,48.86,,9.13
0.64070,48.18,,9.15
0.64080,46.99,,9.23
0.64090,46.56,,9.36
0.64100,46.19,,9.34
0.64110,46.14,,9.25
0.64120,45.97,,9.34
0.64130,46.29,,9.25
0.64140,46.16,,9.36
0.64150,45.81,,9.23
0.64160,45.47,,9.15
0.64170,44.95,,8.92
0.64180,44.97,,8.84
0.64190,45.06,,9.02
0.64200,44.75,,8.94
0.64210,44.53,,9.13
0.64220,44.36,,9.04
0.64230,44.17,,9.13
0.64240,44.17,,9.04
0.64250,44.38,,9.15
0.64260,45.12,,9.23
0.64270,45.18,,8.94
0.64280,44.49,,8.82
0.64290,43.81,,8.56
0.64300,43.62,,8.54
0.64310,43.64,,8.65
0.64320,43.55,,8.92
0.64330,43.38,,8.94
0.64340,43.15,,8.84
0.64350,43.13,,8.82
0.64360,42.86,,8.65
0.64370,42.51,,8.73
0.64380,42.16,,8.94
0.64390,41.81,,8.82
0.64400,41.68,,8.65
0.64410,41.54,,8.45
0.64420,41.47,,8.30
0.64430,41.64,,8.45
0.64440,41.39,,8.47
0.64450,40.92,,8.65
0.64460,40.19,,8.54
0.64470,39.33,,8.38
0.64480,38.99,,8.36
0.64490,39.45,,8.56
0.64500,39.75,,8.63
0.64510,40.09,,8.65
0.64520,39.82,,8.19
0.64530,39.83,,8.05
0.64540,39.66,,7.97
0.64550,39.53,,8.19
0.64560,39.44,,8.38
0.64570,39.49,,8.27
0.64580,39.21,,8.13
0.64590,38.82,,8.10
0.64600,38.55,,8.13
0.64610,38.23,,8.19
0.64620,38.10,,8.30
0.64630,37.79,,8.19
0.64640,37.24,,7.97
0.64650,36.87,,7.89
0.64660,36.72,,7.94
0.64670,36.59,,7.97
0.64680,36.49,,8.02
0.64690,36.55,,8.05
0.64700,36.29,,7.79
0.64710,35.97,,7.89
0.64720,35.44,,7.86
0.64730,35.13,,8.05
0.64740,34.94,,7.89
0.64750,34.95,,7.71
0.64760,34.76,,7.66
0.64770,34.64,,7.56
0.64780,34.22,,7.74
0.64790,34.19,,7.86
0.64800,34.02,,7.81
0.64810,34.12,,7.71
0.64820,33.97,,7.52
0.64830,34.04,,7.49
0.64840,34.20,,7.59
0.64850,34.80,,7.66
0.64860,34.92,,7.71
0.64870,35.18,,7.45
0.64880,34.75,,7.49
0.64890,34.59,,7.32
0.64900,34.81,,7.49
0.64910,34.56,,7.38
0.64920,34.46,,7.42
0.64930,34.07,,7.45
0.64940,33.85,,7.38
0.64950,33.91,,7.42
0.64960,33.53,,7.19
0.64970,32.93,,7.22
0.64980,32.53,,7.19
0.64990,32.57,,7.22
0.65000,32.59,,7.19
0.65010,32.60,,7.22
0.65020,32.55,,7.12
0.65030,32.52,,7.15
0.65040,32.07,,7.19
0.65050,31.80,,7.06
0.65060,32.13,,6.97
0.65070,32.17,,6.94
0.65080,32.14,,7.15
0.65090,32.44,,7.12
0.65100,32.38,,7.09
0.65110,32.20,,6.88
0.65120,32.08,,6.91
0.65130,31.98,,7.12
0.65140,31.73,,7.12
0.65150,31.88,,6.97
0.65160,31.80,,6.82
0.65170,31.73,,6.79
0.65180,31.88,,6.94
0.65190,31.82,,7.03
0.65200,31.72,,6.94
0.65210,31.79,,6.91
0.65220,31.65,,6.88
0.65230,31.28,,6.97
0.65240,31.08,,6.71
0.65250,30.85,,6.76
0.65260,30.47,,6.91
0.65270,30.98,,6.88
0.65280,31.26,,6.91
0.65290,31.38,,6.82
0.65300,31.19,,6.85
0.65310,31.01,,6.71
0.65320,30.50,,6.73
0.65330,30.57,,6.71
0.65340,30.85,,6.76
0.65350,30.88,,6.79
0.65360,30.82,,6.94
0.65370,30.45,,6.67
0.65380,29.80,,6.60
0.65390,29.94,,6.67
0.65400,31.37,,6.82
0.65410,32.96,,6.79
0.65420,33.60,,6.65
0.65430,34.21,,6.51
0.65440,34.36,,6.71
0.65450,34.56,,6.82
0.65460,34.85,,6.73
0.65470,35.13,,6.49
0.65480,35.22,,6.40
0.65490,35.18,,6.71
0.65500,35.24,,6.85
0.65510,35.63,,6.71
0.65520,36.04,,6.40
0.65530,35.96,,6.49
0.65540,35.59,,6.65
0.65550,35.55,,6.79
0.65560,35.58,,6.60
0.65570,35.83,,6.51
0.65580,36.49,,6.49
0.65590,36.98,,6.67
0.65600,37.20,,6.76
0.65610,37.45,,6.62
0.65620,38.00,,6.39
0.65630,38.19,,6.51
0.65640,38.47,,6.71
0.65650,38.84,,6.71
0.65660,39.61,,6.51
0.65670,39.83,,6.49
0.65680,39.95,,6.56
0.65690,40.33,,6.65
0.65700,40.98,,6.62
0.65710,41.57,,6.49
0.65720,41.85,,6.40
0.65730,41.93,,6.60
0.65740,42.29,,6.62
0.65750,42.22,,6.49
0.65760,42.57,,6.49
0.65770,42.91,,6.51
0.65780,43.35,,6.54
0.65790,43.61,,6.56
0.65800,43.97,,6.49
0.65810,43.71,,6.56
0.65820,43.69,,6.54
0.65830,44.40,,6.51
0.65840,44.88,,6.49
0.65850,44.97,,6.44
0.65860,44.83,,6.40
0.65870,45.07,,6.49
0.65880,45.21,,6.62
0.65890,45.51,,6.54
0.65900,45.80,,6.46
0.65910,45.88,,6.39
0.65920,45.33,,6.51
0.65930,45.30,,6.49
0.65940,44.88,,6.40
0.65950,44.57,,6.49
0.65960,44.97,,6.54
0.65970,44.98,,6.51
0.65980,45.59,,6.44
0.65990,45.86,,6.35
0.66000,46.03,,6.49
0.66010,46.03,,6.51
0.66020,46.18,,6.39
0.66030,45.96,,6.40
0.66040,45.65,,6.39
0.66050,45.60,,6.49
0.66060,45.72,,6.51
0.66070,45.67,,6.49
0.66080,45.98,,6.51
0.66090,46.42,,6.49
0.66100,46.74,,6.40
0.66110,46.74,,6.34
0.66120,46.97,,6.51
0.66130,47.07,,6.54
0.66140,48.26,,6.51
0.66150,48.47,,6.39
0.66160,48.57,,6.39
0.66170,48.86,,6.51
0.66180,49.33,,6.60
0.66190,49.99,,6.40
0.66200,50.32,,6.49
0.66210,50.31,,6.56
0.66220,50.02,,6.44
0.66230,49.96,,6.40
0.66240,49.11,,6.60
0.66250,48.84,,6.71
0.66260,50.27,,6.67
0.66270,50.89,,6.29
0.66280,50.07,,6.25
0.66290,49.45,,6.65
0.66300,48.51,,6.97
0.66310,47.96,,6.76
0.66320,49.07,,6.40
0.66330,49.25,,6.39
0.66340,48.99,,6.51
0.66350,49.77,,6.71
0.66360,49.09,,6.60
0.66370,49.79,,6.62
0.66380,50.37,,6.60
0.66390,51.73,,6.73
0.66400,52.16,,6.54
0.66410,52.23,,6.56
0.66420,52.55,,6.60
0.66430,52.78,,6.67
0.66440,53.70,,6.65
0.66450,54.79,,6.60
0.66460,55.83,,6.62
0.66470,56.43,,6.65
0.66480,56.72,,6.79
0.66490,56.72,,6.71
0.66500,57.06,,6.62
0.66510,56.95,,6.49
0.66520,56.73,,6.67
0.66530,56.49,,6.76
0.66540,56.62,,6.73
0.66550,57.12,,6.60
0.66560,56.82,,6.76
0.66570,56.88,,6.79
0.66580,57.63,,6.82
0.66590,57.88,,6.51
0.66600,57.94,,6.60
0.66610,57.36,,6.85
0.66620,58.05,,6.94
0.66630,58.78,,6.97
0.66640,59.00,,6.60
0.66650,59.71,,6.54
0.66660,59.72,,6.79
0.66670,60.78,,7.06
0.66680,61.24,,6.91
0.66690,62.04,,6.65
0.66700,61.77,,6.51
0.66710,60.37,,6.82
0.66720,60.21,,7.09
0.66730,60.30,,7.00
0.66740,60.44,,6.73
0.66750,60.31,,6.65
0.66760,60.25,,6.71
0.66770,60.87,,6.97
0.66780,61.10,,7.06
0.66790,62.32,,6.97
0.66800,62.82,,6.71
0.66810,62.69,,6.73
0.66820,62.07,,7.06
0.66830,62.40,,7.09
0.66840,62.28,,6.94
0.66850,62.24,,6.71
0.66860,60.72,,6.73
0.66870,59.89,,7.06
0.66880,60.21,,7.22
0.66890,60.25,,7.06
0.66900,60.46,,6.85
0.66910,59.71,,6.82
0.66920,58.95,,6.97
0.66930,58.87,,7.19
0.66940,58.97,,7.09
0.66950,58.96,,6.82
0.66960,58.76,,6.88
0.66970,58.15,,7.03
0.66980,58.78,,7.32
0.66990,58.70,,7.22
0.67000,58.88,,7.06
0.67010,58.38,,6.91
0.67020,58.01,,7.00
0.67030,57.97,,7.22
0.67040,57.99,,7.19
0.67050,58.29,,7.06
0.67060,58.31,,7.03
0.67070,59.12,,7.12
0.67080,59.52,,7.29
0.67090,60.69,,7.32
0.67100,61.22,,7.29
0.67110,60.49,,7.00
0.67120,59.43,,6.97
0.67130,58.17,,7.25
0.67140,58.31,,7.22
0.67150,59.47,,7.32
0.67160,60.07,,7.38
0.67170,61.70,,7.22
0.67180,62.55,,7.12
0.67190,62.37,,7.22
0.67200,62.15,,7.38
0.67210,62.26,,7.35
0.67220,62.14,,7.32
0.67230,61.55,,7.29
0.67240,61.72,,7.32
0.67250,62.26,,7.32
0.67260,62.44,,7.49
0.67270,63.04,,7.38
0.67280,63.16,,7.29
0.67290,63.61,,7.32
0.67300,64.20,,7.35
0.67310,64.61,,7.59
0.67320,65.07,,7.49
0.67330,65.41,,7.45
0.67340,65.95,,7.29
0.67350,66.71,,7.45
0.67360,67.11,,7.59
0.67370,68.14,,7.56
0.67380,68.36,,7.59
0.67390,69.05,,7.35
0.67400,69.40,,7.45
0.67410,69.61,,7.64
0.67420,69.37,,7.66
0.67430,70.25,,7.49
0.67440,70.84,,7.38
0.67450,71.35,,7.59
0.67460,72.00,,7.64
0.67470,72.15,,7.74
0.67480,72.67,,7.49
0.67490,73.02,,7.52
0.67500,73.80,,7.56
0.67510,74.52,,7.74
0.67520,75.05,,7.71
0.67530,75.41,,7.74
0.67540,75.99,,7.64
0.67550,76.67,,7.59
0.67560,77.09,,7.66
0.67570,77.54,,7.79
0.67580,77.86,,7.74
0.67590,77.93,,7.64
0.67600,77.93,,7.89
0.67610,77.58,,7.71
0.67620,78.21,,7.74
0.67630,78.03,,7.79
0.67640,77.71,,7.81
0.67650,78.04,,7.81
0.67660,78.20,,7.86
0.67670,78.04,,7.89
0.67680,78.02,,7.79
0.67690,78.11,,7.74
0.67700,77.90,,7.86
0.67710,77.99,,7.89
0.67720,78.29,,7.94
0.67730,78.81,,8.05
0.67740,79.10,,8.02
0.67750,79.53,,7.89
0.67760,79.25,,7.74
0.67770,79.00,,7.79
0.67780,78.78,,8.05
0.67790,78.74,,8.19
0.67800,79.03,,8.13
0.67810,78.86,,7.94
0.67820,78.21,,7.89
0.67830,78.07,,8.02
0.67840,78.10,,8.13
0.67850,78.29,,8.30
0.67860,78.10,,8.19
0.67870,77.48,,7.89
0.67880,77.01,,7.86
0.67890,76.14,,8.05
0.67900,76.21,,8.27
0.67910,76.03,,8.30
0.67920,75.36,,8.36
0.67930,74.52,,8.13
0.67940,73.83,,8.02
0.67950,73.24,,8.13
0.67960,72.34,,8.21
0.67970,71.63,,8.36
0.67980,71.24,,8.21
0.67990,70.66,,8.02
0.68000,69.73,,8.05
0.68010,68.69,,8.27
0.68020,68.72,,8.56
0.68030,68.32,,8.54
0.68040,67.97,,8.38
0.68050,67.01,,7.97
0.68060,66.48,,8.02
0.68070,66.15,,8.30
0.68080,66.68,,8.45
0.68090,66.77,,8.56
0.68100,66.64,,8.54
0.68110,66.40,,8.13
0.68120,65.99,,8.10
0.68130,65.03,,8.21
0.68140,64.36,,8.54
0.68150,64.20,,8.65
0.68160,63.57,,8.47
0.68170,63.10,,8.36
0.68180,62.99,,8.38
0.68190,62.63,,8.27
0.68200,61.49,,8.47
0.68210,60.15,,8.45
0.68220,60.12,,8.47
0.68230,59.71,,8.36
0.68240,59.36,,8.47
0.68250,59.35,,8.56
0.68260,59.16,,8.45
0.68270,58.69,,8.38
0.68280,57.96,,8.27
0.68290,57.44,,8.56
0.68300,58.13,,8.63
0.68310,57.85,,8.75
0.68320,57.95,,8.63
0.68330,57.50,,8.38
0.68340,56.94,,8.27
0.68350,56.40,,8.38
0.68360,56.16,,8.56
0.68370,55.76,,8.73
0.68380,55.63,,8.75
0.68390,55.74,,8.73
0.68400,55.29,,8.47
0.68410,55.01,,8.54
0.68420,54.86,,8.47
0.68430,54.14,,8.73
0.68440,54.09,,8.75
0.68450,53.85,,8.54
0.68460,53.27,,8.56
0.68470,53.05,,8.56
0.68480,53.07,,8.73
0.68490,53.18,,8.65
0.68500,53.00,,8.73
0.68510,52.87,,8.75
0.68520,52.29,,8.73
0.68530,51.93,,8.65
0.68540,51.39,,8.63
0.68550,50.81,,8.65
0.68560,50.31,,8.65
0.68570,49.96,,8.82
0.68580,49.40,,8.84
0.68590,48.50,,8.73
0.68600,47.71,,8.47
0.68610,46.93,,8.54
0.68620,47.50,,8.84
0.68630,47.56,,8.92
0.68640,47.48,,8.84
0.68650,46.86,,8.82
0.68660,46.23,,8.65
0.68670,45.72,,8.75
0.68680,45.60,,8.73
0.68690,45.34,,8.94
0.68700,45.02,,9.02
0.68710,44.77,,8.84
0.68720,43.84,,8.63
0.68730,42.36,,8.56
0.68740,41.70,,8.63
0.68750,41.53,,8.94
0.68760,41.17,,9.04
0.68770,40.89,,9.02
0.68780,40.60,,8.94
0.68790,39.92,,8.82
0.68800,39.58,,8.84
0.68810,39.01,,8.73
0.68820,38.12,,8.75
0.68830,37.14,,8.82
0.68840,36.33,,8.84
0.68850,36.03,,8.92
0.68860,36.00,,8.94
0.68870,35.93,,8.84
0.68880,35.50,,8.92
0.68890,34.62,,8.84
0.68900,34.64,,8.92
0.68910,33.49,,8.84
0.68920,32.56,,8.82
0.68930,31.87,,8.84
0.68940,31.88,,8.82
0.68950,31.64,,8.75
0.68960,31.34,,8.94
0.68970,31.69,,8.92
0.68980,32.00,,9.04
0.68990,31.78,,8.92
0.69000,31.57,,8.84
0.69010,31.27,,8.73
0.69020,31.27,,8.84
0.69030,31.38,,8.82
0.69040,32.01,,8.84
0.69050,32.07,,8.73
0.69060,32.51,,8.84
0.69070,34.07,,8.84
0.69080,35.31,,9.02
0.69090,35.87,,8.94
0.69100,35.81,,8.82
0.69110,36.10,,8.75
0.69120,36.24,,8.82
0.69130,36.01,,8.84
0.69140,35.96,,8.82
0.69150,36.22,,8.84
0.69160,36.75,,8.75
0.69170,37.08,,8.73
0.69180,38.05,,8.84
0.69190,38.79,,8.92
0.69200,39.63,,8.94
0.69210,40.07,,8.73
0.69220,40.58,,8.65
0.69230,41.60,,8.82
0.69240,42.38,,8.75
0.69250,42.94,,8.92
0.69260,43.05,,8.84
0.69270,43.14,,8.75
0.69280,43.39,,8.54
0.69290,43.67,,8.75
0.69300,43.65,,8.92
0.69310,43.50,,8.94
0.69320,43.73,,8.92
0.69330,43.98,,8.65
0.69340,43.94,,8.63
0.69350,44.11,,8.47
0.69360,44.46,,8.75
0.69370,44.93,,8.92
0.69380,45.20,,9.04
0.69390,45.07,,8.82
0.69400,44.59,,8.65
0.69410,44.87,,8.63
0.69420,45.27,,8.75
0.69430,45.89,,8.82
0.69440,46.17,,8.84
0.69450,46.26,,8.82
0.69460,46.47,,8.56
0.69470,46.68,,8.65
0.69480,47.34,,8.73
0.69490,47.99,,8.94
0.69500,48.00,,8.92
0.69510,47.67,,8.65
0.69520,47.34,,8.54
0.69530,47.43,,8.65
0.69540,47.71,,8.73
0.69550,48.08,,8.94
0.69560,48.62,,8.75
0.69570,48.83,,8.82
0.69580,48.64,,8.56
0.69590,48.73,,8.54
0.69600,49.10,,8.65
0.69610,48.99,,8.73
0.69620,48.89,,8.84
0.69630,49.32,,8.73
0.69640,49.68,,8.65
0.69650,49.68,,8.54
0.69660,50.00,,8.65
0.69670,50.17,,8.56
0.69680,50.21,,8.73
0.69690,50.65,,8.65
0.69700,51.08,,8.63
0.69710,51.51,,8.75
0.69720,51.67,,8.63
0.69730,52.09,,8.65
0.69740,52.40,,8.63
0.69750,52.65,,8.47
0.69760,52.97,,8.56
0.69770,53.00,,8.63
0.69780,53.29,,8.75
0.69790,53.51,,8.63
0.69800,53.90,,8.56
0.69810,53.82,,8.54
0.69820,53.74,,8.65
0.69830,53.90,,8.54
0.69840,53.71,,8.56
0.69850,53.52,,8.73
0.69860,53.62,,8.56
0.69870,53.83,,8.56
0.69880,53.80,,8.63
0.69890,53.88,,8.56
0.69900,54.40,,8.54
0.69910,54.55,,8.56
0.69920,54.17,,8.54
0.69930,53.97,,8.56
0.69940,53.88,,8.63
0.69950,53.69,,8.56
0.69960,53.66,,8.47
0.69970,53.62,,8.54
0.69980,53.68,,8.65
0.69990,54.14,,8.54
0.70000,54.72,,8.65
0.70010,54.90,,8.45
0.70020,54.69,,8.47
0.70030,54.46,,8.45
0.70040,54.80,,8.56
0.70050,55.06,,8.63
0.70060,54.83,,8.56
0.70070,54.70,,8.56
0.70080,54.99,,8.45
0.70090,54.61,,8.38
0.70100,54.86,,8.54
0.70110,54.65,,8.56
0.70120,54.62,,8.54
0.70130,54.38,,8.38
0.70140,53.97,,8.45
0.70150,54.01,,8.47
0.70160,54.03,,8.56
0.70170,53.90,,8.54
0.70180,53.79,,8.47
0.70190,53.37,,8.36
0.70200,53.32,,8.38
0.70210,53.46,,8.45
0.70220,53.30,,8.38
0.70230,53.12,,8.45
0.70240,53.00,,8.47
0.70250,52.67,,8.36
0.70260,52.06,,8.38
0.70270,51.76,,8.38
0.70280,51.14,,8.45
0.70290,50.78,,8.47
0.70300,50.41,,8.27
0.70310,50.18,,8.30
0.70320,49.94,,8.27
0.70330,49.89,,8.38
0.70340,50.05,,8.54
0.70350,50.05,,8.38
0.70360,50.03,,8.30
0.70370,49.69,,8.27
0.70380,49.29,,8.21
0.70390,49.77,,8.36
0.70400,49.74,,8.30
0.70410,49.54,,8.36
0.70420,49.71,,8.30
0.70430,49.52,,8.19
0.70440,49.34,,8.30
0.70450,48.98,,8.36
0.70460,48.99,,8.30
0.70470,48.62,,8.30
0.70480,48.18,,8.02
0.70490,47.41,,7.97
0.70500,47.09,,8.02
0.70510,47.16,,8.30
0.70520,47.65,,8.45
0.70530,47.92,,8.30
0.70540,47.48,,8.10
0.70550,47.36,,8.05
0.70560,47.45,,7.97
0.70570,47.01,,8.19
0.70580,46.90,,8.13
0.70590,46.77,,8.02
0.70600,47.19,,7.97
0.70610,47.19,,7.94
0.70620,47.13,,7.97
0.70630,47.23,,8.10
0.70640,47.17,,8.21
0.70650,46.67,,7.94
0.70660,46.22,,7.89
0.70670,45.78,,7.74
0.70680,45.67,,7.79
0.70690,45.57,,7.89
0.70700,46.12,,7.94
0.70710,46.51,,7.97
0.70720,46.50,,7.79
0.70730,46.51,,7.81
0.70740,46.29,,7.71
0.70750,45.97,,7.66
0.70760,45.89,,7.74
0.70770,45.50,,7.71
0.70780,45.27,,7.81
0.70790,45.38,,7.79
0.70800,45.29,,7.74
0.70810,44.99,,7.64
0.70820,44.68,,7.59
0.70830,44.57,,7.49
0.70840,44.44,,7.59
0.70850,43.96,,7.64
0.70860,44.11,,7.59
0.70870,44.03,,7.59
0.70880,44.04,,7.49
0.70890,43.96,,7.59
0.70900,43.79,,7.49
0.70910,43.55,,7.45
0.70920,43.05,,7.49
0.70930,42.71,,7.45
0.70940,42.44,,7.35
0.70950,42.09,,7.32
0.70960,41.60,,7.32
0.70970,41.13,,7.42
0.70980,40.83,,7.38
0.70990,40.73,,7.35
0.71000,40.27,,7.32
0.71010,39.67,,7.09
0.71020,39.21,,7.19
0.71030,38.71,,7.22
0.71040,38.42,,7.45
0.71050,38.32,,7.35
0.71060,38.21,,7.25
0.71070,38.21,,7.06
0.71080,38.20,,7.15
0.71090,38.06,,7.32
0.71100,37.79,,7.22
0.71110,37.40,,7.06
0.71120,36.93,,7.09
0.71130,36.57,,7.19
0.71140,36.36,,7.22
0.71150,36.01,,7.19
0.71160,35.81,,7.09
0.71170,35.29,,7.19
0.71180,35.13,,7.19
0.71190,34.80,,7.09
0.71200,34.82,,7.00
0.71210,34.48,,6.85
0.71220,33.85,,7.12
0.71230,33.58,,7.22
0.71240,33.42,,7.25
0.71250,33.47,,7.03
0.71260,33.16,,6.94
0.71270,32.82,,7.06
0.71280,32.52,,6.85
0.71290,32.02,,6.94
0.71300,31.75,,6.97
0.71310,31.22,,7.06
0.71320,31.35,,7.22
0.71330,31.27,,7.19
0.71340,30.89,,6.73
0.71350,30.35,,6.60
0.71360,30.42,,6.97
0.71370,30.46,,7.19
0.71380,30.36,,7.06
0.71390,30.10,,6.85
0.71400,30.08,,6.76
0.71410,30.04,,7.03
0.71420,29.76,,7.12
0.71430,29.76,,7.03
0.71440,29.68,,6.65
0.71450,29.98,,6.73
0.71460,30.38,,7.00
0.71470,30.29,,7.06
0.71480,30.23,,6.73
0.71490,29.90,,6.71
0.71500,29.71,,6.97
0.71510,29.83,,7.06
0.71520,29.69,,6.97
0.71530,29.26,,6.88
0.71540,29.15,,6.79
0.71550,29.26,,6.71
0.71560,29.35,,7.03
0.71570,29.29,,7.38
0.71580,29.40,,6.94
0.71590,29.53,,6.85
0.71600,29.58,,7.00
0.71610,29.47,,6.91
0.71620,29.82,,6.71
0.71630,30.57,,6.97
0.71640,31.08,,7.06
0.71650,31.30,,7.22
0.71660,31.77,,7.19
0.71670,31.95,,6.82
0.71680,31.98,,6.73
0.71690,31.58,,7.06
0.71700,31.18,,7.29
0.71710,30.80,,7.06
0.71720,30.93,,6.91
0.71730,30.90,,7.00
0.71740,31.02,,7.15
0.71750,31.34,,7.32
0.71760,31.37,,7.09
0.71770,31.60,,6.94
0.71780,31.96,,7.00
0.71790,32.33,,7.03
0.71800,32.18,,7.06
0.71810,31.91,,7.09
0.71820,32.10,,7.19
0.71830,32.40,,7.35
0.71840,32.35,,7.19
0.71850,32.19,,7.09
0.71860,32.13,,6.94
0.71870,32.16,,6.94
0.71880,32.31,,7.09
0.71890,32.41,,7.32
0.71900,32.03,,7.35
0.71910,31.77,,7.32
0.71920,31.80,,6.97
0.71930,32.08,,6.94
0.71940,32.30,,7.22
0.71950,32.64,,7.25
0.71960,32.92,,7.29
0.71970,32.88,,7.32
0.71980,33.07,,7.25
0.71990,33.34,,7.03
0.72000,33.56,,7.19
0.72010,33.99,,7.22
0.72020,34.24,,7.32
0.72030,34.44,,7.49
0.72040,34.49,,7.19
0.72050,34.61,,7.22
0.72060,34.89,,7.25
0.72070,35.05,,7.25
0.72080,35.21,,7.35
0.72090,35.25,,7.32
0.72100,35.24,,7.35
0.72110,35.21,,7.38
0.72120,35.57,,7.56
0.72130,35.69,,7.38
0.72140,35.76,,7.15
0.72150,35.63,,7.19
0.72160,35.78,,7.42
0.72170,36.05,,7.59
0.72180,36.28,,7.52
0.72190,36.18,,7.35
0.72200,36.37,,7.32
0.72210,37.17,,7.42
0.72220,37.93,,7.66
0.72230,38.42,,7.49
0.72240,38.48,,7.45
0.72250,38.30,,7.35
0.72260,38.00,,7.45
0.72270,37.99,,7.59
0.72280,38.59,,7.64
0.72290,39.19,,7.45
0.72300,39.90,,7.49
0.72310,40.25,,7.59
0.72320,40.44,,7.64
0.72330,40.66,,7.66
0.72340,41.09,,7.56
0.72350,41.37,,7.45
0.72360,41.05,,7.56
0.72370,40.42,,7.52
0.72380,39.56,,7.59
0.72390,38.98,,7.49
0.72400,39.38,,7.74
0.72410,40.08,,7.71
0.72420,40.40,,7.74
0.72430,40.37,,7.71
0.72440,40.71,,7.59
0.72450,40.81,,7.49
0.72460,40.47,,7.59
0.72470,40.33,,7.89
0.72480,40.81,,7.86
0.72490,41.37,,7.89
0.72500,41.29,,7.86
0.72510,40.85,,7.66
0.72520,40.25,,7.56
0.72530,39.92,,7.59
0.72540,39.72,,7.79
0.72550,39.77,,7.89
0.72560,39.89,,7.94
0.72570,40.31,,7.97
0.72580,40.56,,7.66
0.72590,41.16,,7.86
0.72600,41.57,,7.89
0.72610,41.45,,7.94
0.72620,41.71,,7.97
0.72630,41.85,,7.71
0.72640,41.97,,7.81
0.72650,41.74,,7.94
0.72660,41.90,,8.05
0.72670,42.37,,8.05
0.72680,42.73,,8.02
0.72690,42.96,,7.97
0.72700,43.11,,7.79
0.72710,43.22,,7.89
0.72720,43.11,,7.94
0.72730,43.52,,7.97
0.72740,43.63,,8.19
0.72750,43.91,,8.05
0.72760,44.60,,8.10
0.72770,45.36,,8.05
0.72780,45.83,,8.05
0.72790,46.44,,8.10
0.72800,46.60,,8.05
0.72810,46.67,,8.10
0.72820,46.99,,8.13
0.72830,47.19,,8.10
0.72840,47.38,,7.97
0.72850,47.88,,8.02
0.72860,48.46,,8.13
0.72870,49.68,,8.38
0.72880,50.91,,8.36
0.72890,51.21,,8.21
0.72900,50.88,,8.02
0.72910,50.06,,7.89
0.72920,49.34,,8.19
0.72930,48.99,,8.30
0.72940,49.04,,8.36
0.72950,49.27,,8.30
0.72960,49.76,,8.10
0.72970,50.73,,8.21
0.72980,51.38,,8.38
0.72990,52.02,,8.36
0.73000,52.95,,8.30
0.73010,53.74,,8.27
0.73020,55.01,,8.21
0.73030,55.91,,8.27
0.73040,56.58,,8.38
0.73050,56.88,,8.36
0.73060,57.21,,8.38
0.73070,57.26,,8.38
0.73080,57.41,,8.36
0.73090,57.52,,8.38
0.73100,57.61,,8.27
0.73110,57.56,,8.30
0.73120,57.57,,8.36
0.73130,57.48,,8.38
0.73140,58.08,,8.54
0.73150,58.77,,8.47
0.73160,59.30,,8.45
0.73170,58.97,,8.38
0.73180,59.17,,8.56
0.73190,59.58,,8.45
0.73200,59.61,,8.38
0.73210,60.35,,8.45
0.73220,60.67,,8.56
0.73230,61.60,,8.54
0.73240,62.54,,8.47
0.73250,62.91,,8.45
0.73260,63.50,,8.56
0.73270,63.87,,8.47
0.73280,64.34,,8.54
0.73290,64.78,,8.56
0.73300,65.12,,8.63
0.73310,65.45,,8.56
0.73320,65.66,,8.63
0.73330,65.69,,8.47
0.73340,65.99,,8.54
0.73350,65.94,,8.56
0.73360,66.47,,8.63
0.73370,66.85,,8.75
0.73380,67.23,,8.75
0.73390,67.41,,8.54
0.73400,67.57,,8.47
0.73410,68.12,,8.54
0.73420,68.60,,8.75
0.73430,69.29,,8.82
0.73440,69.73,,8.84
0.73450,69.92,,8.63
0.73460,69.93,,8.56
0.73470,69.78,,8.56
0.73480,70.37,,8.63
0.73490,70.81,,8.84
0.73500,71.01,,8.92
0.73510,71.28,,8.75
0.73520,71.16,,8.63
0.73530,71.16,,8.56
0.73540,71.55,,8.82
0.73550,71.76,,9.04
0.73560,71.93,,8.92
0.73570,72.12,,8.84
0.73580,71.92,,8.65
0.73590,71.75,,8.54
0.73600,71.92,,8.75
0.73610,72.05,,9.13
0.73620,71.92,,9.15
0.73630,71.83,,8.73
0.73640,71.31,,8.65
0.73650,71.27,,8.73
0.73660,71.95,,8.94
0.73670,72.03,,9.15
0.73680,71.83,,9.13
0.73690,71.52,,8.94
0.73700,70.90,,8.63
0.73710,70.32,,8.65
0.73720,69.77,,8.82
0.73730,69.83,,9.15
0.73740,69.77,,9.13
0.73750,69.72,,9.04
0.73760,69.25,,8.92
0.73770,68.92,,8.75
0.73780,68.99,,8.84
0.73790,69.17,,9.13
0.73800,69.15,,9.15
0.73810,68.64,,9.02
0.73820,68.12,,8.94
0.73830,67.61,,8.82
0.73840,67.20,,8.94
0.73850,67.25,,9.13
0.73860,66.98,,9.15
0.73870,66.61,,9.13
0.73880,65.74,,8.94
0.73890,65.27,,8.94
0.73900,65.23,,9.02
0.73910,65.04,,9.04
0.73920,64.71,,9.23
0.73930,64.41,,9.15
0.73940,64.12,,9.02
0.73950,63.64,,8.94
0.73960,63.47,,8.92
0.73970,63.64,,9.25
0.73980,63.69,,9.25
0.73990,63.16,,9.23
0.74000,62.42,,9.15
0.74010,62.04,,9.02
0.74020,61.86,,8.94
0.74030,61.68,,9.23
0.74040,61.63,,9.25
0.74050,61.39,,9.23
0.74060,60.60,,9.15
0.74070,59.82,,9.13
0.74080,59.37,,8.94
0.74090,58.99,,9.15
0.74100,58.74,,9.23
0.74110,58.32,,9.36
0.74120,58.11,,9.34
0.74130,57.71,,9.15
0.74140,57.81,,9.13
0.74150,57.48,,9.15
0.74160,57.46,,9.34
0.74170,57.43,,9.36
0.74180,56.94,,9.36
0.74190,56.50,,9.13
0.74200,55.84,,8.94
0.74210,55.64,,9.23
0.74220,56.04,,9.36
0.74230,55.81,,9.45
0.74240,55.36,,9.58
0.74250,54.73,,9.23
0.74260,54.44,,9.15
0.74270,54.38,,9.23
0.74280,54.62,,9.25
0.74290,54.86,,9.47
0.74300,55.10,,9.45
0.74310,54.88,,9.25
0.74320,54.83,,9.23
0.74330,54.75,,9.25
0.74340,54.85,,9.45
0.74350,54.79,,9.47
0.74360,54.73,,9.45
0.74370,54.31,,9.36
0.74380,53.85,,9.36
0.74390,53.86,,9.23
0.74400,53.69,,9.47
0.74410,53.78,,9.57
0.74420,53.76,,9.47
0.74430,53.24,,9.45
0.74440,53.05,,9.25
0.74450,52.75,,9.23
0.74460,52.69,,9.47
0.74470,52.90,,9.57
0.74480,53.13,,9.58
0.74490,53.02,,9.47
0.74500,52.95,,9.45
0.74510,52.90,,9.36
0.74520,52.99,,9.45
0.74530,52.94,,9.47
0.74540,52.99,,9.57
0.74550,52.87,,9.58
0.74560,52.61,,9.57
0.74570,52.21,,9.47
0.74580,52.07,,9.47
0.74590,52.22,,9.45
0.74600,52.48,,9.58
0.74610,52.43,,9.57
0.74620,52.02,,9.58
0.74630,51.76,,9.57
0.74640,51.47,,9.47
0.74650,51.04,,9.45
0.74660,51.07,,9.58
0.74670,50.65,,9.69
0.74680,50.47,,9.58
0.74690,50.15,,9.58
0.74700,49.89,,9.57
0.74710,49.92,,9.47
0.74720,49.91,,9.69
0.74730,50.20,,9.70
0.74740,50.01,,9.69
0.74750,50.09,,9.70
0.74760,49.80,,9.57
0.74770,49.84,,9.47
0.74780,50.02,,9.58
0.74790,49.90,,9.69
0.74800,49.88,,9.81
0.74810,49.55,,9.69
0.74820,49.04,,9.58
0.74830,48.96,,9.69
0.74840,48.66,,9.58
0.74850,48.42,,9.69
0.74860,48.28,,9.70
0.74870,47.70,,9.69
0.74880,47.85,,9.70
0.74890,48.05,,9.81
0.74900,48.42,,9.69
0.74910,48.60,,9.70
0.74920,48.30,,9.69
0.74930,48.19,,9.70
0.74940,48.01,,9.69
0.74950,47.83,,9.70
0.74960,47.88,,9.80
0.74970,47.97,,9.81
0.74980,47.94,,9.94
0.74990,47.89,,9.80
0.75000,47.61,,9.58
0.75010,47.36,,9.69
0.75020,47.47,,9.70
0.75030,47.82,,9.80
0.75040,47.77,,9.81
0.75050,47.88,,9.93
0.75060,48.19,,9.81
0.75070,48.40,,9.80
0.75080,48.56,,9.70
0.75090,49.15,,9.70
0.75100,49.29,,9.80
0.75110,49.27,,9.81
0.75120,49.27,,9.93
0.75130,49.28,,9.81
0.75140,49.60,,9.80
0.75150,49.89,,9.81
0.75160,50.38,,9.80
0.75170,50.65,,9.81
0.75180,50.90,,9.81
0.75190,51.04,,9.93
0.75200,51.20,,9.81
0.75210,51.46,,9.93
0.75220,51.66,,9.81
0.75230,51.99,,9.80
0.75240,52.59,,9.81
0.75250,52.80,,9.80
0.75260,53.20,,9.81
0.75270,53.52,,9.80
0.75280,54.22,,9.94
0.75290,54.48,,9.94
0.75300,55.00,,10.05
0.75310,55.18,,9.94
0.75320,55.45,,9.80
0.75330,56.01,,9.70
0.75340,56.68,,9.80
0.75350,57.33,,9.81
0.75360,57.99,,9.93
0.75370,58.16,,10.06
0.75380,58.56,,10.06
0.75390,58.77,,9.93
0.75400,58.94,,9.81
0.75410,59.32,,9.80
0.75420,59.95,,9.94
0.75430,60.46,,10.05
0.75440,60.78,,10.06
0.75450,61.14,,9.93
0.75460,61.36,,9.94
0.75470,61.56,,9.80
0.75480,61.92,,9.81
0.75490,62.15,,9.81
0.75500,62.05,,9.93
0.75510,62.28,,10.06
0.75520,62.44,,10.05
0.75530,62.49,,9.94
0.75540,62.55,,10.05
0.75550,62.42,,9.94
0.75560,62.83,,10.05
0.75570,62.96,,10.06
0.75580,62.96,,10.06
0.75590,62.95,,9.93
0.75600,62.98,,9.94
0.75610,62.83,,9.93
0.75620,62.79,,9.94
0.75630,62.77,,10.05
0.75640,62.76,,10.06
0.75650,62.79,,10.05
0.75660,62.68,,10.06
0.75670,62.35,,10.05
0.75680,62.10,,10.19
0.75690,61.87,,10.06
0.75700,61.63,,10.05
0.75710,61.55,,10.06
0.75720,61.56,,10.05
0.75730,61.31,,10.06
0.75740,60.96,,10.05
0.75750,60.32,,10.06
0.75760,60.05,,10.18
0.75770,59.54,,10.19
0.75780,59.08,,10.06
0.75790,58.87,,10.18
0.75800,58.31,,10.06
0.75810,57.85,,10.05
0.75820,57.08,,10.19
0.75830,56.91,,10.18
0.75840,55.98,,10.19
0.75850,55.52,,10.18
0.75860,54.97,,10.06
0.75870,54.51,,10.18
0.75880,54.11,,10.19
0.75890,53.46,,10.06
0.75900,52.85,,10.05
0.75910,52.31,,10.32
0.75920,51.67,,10.18
0.75930,51.32,,10.32
0.75940,50.38,,10.18
0.75950,49.56,,10.32
0.75960,48.98,,10.05
0.75970,48.65,,10.06
0.75980,47.87,,10.19
0.75990,47.34,,10.31
0.76000,46.97,,10.32
0.76010,45.76,,10.31
0.76020,44.68,,10.32
0.76030,42.86,,10.05
0.76040,42.00,,10.06
0.76050,41.34,,10.05
0.76060,40.90,,10.45
0.76070,40.16,,10.45
0.76080,39.02,,10.59
0.76090,38.01,,10.45
0.76100,36.94,,10.31
0.76110,35.84,,10.06
0.76120,34.50,,9.93
0.76130,34.04,,10.19
0.76140,33.43,,10.31
0.76150,32.51,,10.45
0.76160,31.24,,10.31
0.76170,30.67,,10.32
0.76180,29.84,,10.19
0.76190,29.13,,10.18
0.76200,28.22,,10.32
0.76210,27.73,,10.45
0.76220,27.87,,10.45
0.76230,26.64,,10.59
0.76240,25.75,,10.45
0.76250,24.29,,10.31
0.76260,23.37,,10.19
0.76270,22.11,,10.05
0.76280,20.98,,10.19
0.76290,19.80,,10.32
0.76300,19.07,,10.45
0.76310,18.13,,10.59
0.76320,17.28,,10.59
0.76330,16.34,,10.59
0.76340,15.49,,10.31
0.76350,14.68,,10.32
0.76360,13.63,,10.31
0.76370,12.21,,10.32
0.76380,11.34,,10.19
0.76390,10.73,,10.45
0.76400,9.99,,10.32
0.76410,9.28,,10.45
0.76420,9.07,,10.32
0.76430,8.80,,10.45
0.76440,10.57,,10.32
0.76450,11.22,,10.45
0.76460,10.96,,10.45
0.76470,10.73,,10.31
0.76480,10.96,,10.32
0.76490,10.73,,10.32
0.76500,10.88,,10.45
0.76510,10.66,,10.45
0.76520,10.09,,10.59
0.76530,9.92,,10.45
0.76540,9.89,,10.05
0.76550,9.96,,10.06
0.76560,10.47,,10.05
0.76570,11.91,,10.32
0.76580,13.15,,10.73
0.76590,13.96,,11.02
0.76600,14.18,,10.88
0.76610,14.31,,10.59
0.76620,14.59,,10.19
0.76630,14.41,,9.93
0.76640,14.08,,9.81
0.76650,14.46,,10.05
0.76660,15.51,,10.45
0.76670,16.02,,10.59
0.76680,16.27,,10.45
0.76690,16.60,,10.45
0.76700,16.63,,10.31
0.76710,16.46,,10.06
0.76720,16.50,,10.18
0.76730,16.63,,10.32
0.76740,16.85,,10.73
0.76750,16.83,,10.73
0.76760,16.42,,10.45
0.76770,16.11,,10.32
0.76780,16.55,,10.05
0.76790,17.11,,10.19
0.76800,17.51,,10.32
0.76810,17.69,,10.45
0.76820,17.47,,10.59
0.76830,17.07,,10.31
0.76840,16.88,,10.19
0.76850,17.03,,10.31
0.76860,17.35,,10.45
0.76870,17.32,,10.59
0.76880,17.48,,10.73
0.76890,17.25,,10.88
0.76900,17.34,,10.59
0.76910,17.14,,10.19
0.76920,16.72,,10.05
0.76930,16.52,,9.94
0.76940,16.85,,10.05
0.76950,17.24,,10.45
0.76960,17.06,,10.73
0.76970,16.80,,10.73
0.76980,17.04,,10.45
0.76990,17.27,,10.32
0.77000,17.64,,10.32
0.77010,17.71,,10.31
0.77020,17.26,,10.59
0.77030,16.85,,10.59
0.77040,16.84,,10.73
0.77050,17.26,,10.31
0.77060,16.87,,10.32
0.77070,16.70,,10.18
0.77080,16.34,,10.32
0.77090,15.78,,10.19
0.77100,15.47,,10.45
0.77110,15.23,,10.59
0.77120,14.95,,10.59
0.77130,15.12,,10.59
0.77140,15.61,,10.59
0.77150,15.89,,10.45
0.77160,16.05,,10.45
0.77170,16.17,,10.32
0.77180,16.49,,10.31
0.77190,16.49,,10.19
0.77200,16.67,,10.19
0.77210,17.06,,10.31
0.77220,17.18,,10.45
0.77230,17.71,,10.59
0.77240,17.65,,10.59
0.77250,17.83,,10.45
0.77260,17.75,,10.45
0.77270,17.65,,10.31
0.77280,17.43,,10.32
0.77290,17.34,,10.32
0.77300,16.86,,10.45
0.77310,16.73,,10.45
0.77320,16.46,,10.45
0.77330,15.85,,10.19
0.77340,15.61,,10.18
0.77350,15.33,,10.06
0.77360,15.46,,10.18
0.77370,15.56,,10.59
0.77380,15.60,,10.88
0.77390,15.66,,10.73
0.77400,15.74,,10.59
0.77410,15.70,,10.31
0.77420,15.46,,10.19
0.77430,15.30,,10.05
0.77440,14.81,,10.19
0.77450,14.72,,10.31
0.77460,14.58,,10.45
0.77470,14.62,,10.59
0.77480,14.58,,10.45
0.77490,14.18,,10.32
0.77500,13.93,,10.31
0.77510,13.76,,10.45
0.77520,13.75,,10.45
0.77530,13.38,,10.59
0.77540,13.33,,10.59
0.77550,13.72,,10.45
0.77560,14.00,,10.18
0.77570,14.48,,10.32
0.77580,15.28,,10.31
0.77590,15.96,,10.45
0.77600,16.54,,10.59
0.77610,16.88,,10.59
0.77620,17.22,,10.45
0.77630,17.43,,10.31
0.77640,17.99,,10.19
0.77650,18.58,,10.31
0.77660,18.77,,10.45
0.77670,18.97,,10.59
0.77680,19.15,,10.59
0.77690,19.20,,10.32
0.77700,19.63,,10.45
0.77710,19.83,,10.32
0.77720,20.15,,10.31
0.77730,21.46,,10.45
0.77740,22.16,,10.59
0.77750,22.49,,10.59
0.77760,22.61,,10.59
0.77770,22.77,,10.45
0.77780,22.97,,10.18
0.77790,24.01,,10.32
0.77800,24.60,,10.32
0.77810,25.25,,10.45
0.77820,25.86,,10.59
0.77830,25.84,,10.59
0.77840,26.11,,10.45
0.77850,26.43,,10.18
0.77860,26.72,,10.32
0.77870,27.38,,10.31
0.77880,27.49,,10.45
0.77890,28.23,,10.45
0.77900,28.94,,10.45
0.77910,29.77,,10.45
0.77920,30.32,,10.31
0.77930,30.62,,10.45
0.77940,30.52,,10.31
0.77950,30.51,,10.45
0.77960,31.50,,10.45
0.77970,32.85,,10.45
0.77980,33.66,,10.45
0.77990,34.56,,10.45
0.78000,35.29,,10.45
0.78010,35.86,,10.31
0.78020,36.48,,10.32
0.78030,37.62,,10.31
0.78040,38.46,,10.45
0.78050,39.10,,10.45
0.78060,39.75,,10.45
0.78070,40.76,,10.45
0.78080,41.50,,10.32
0.78090,42.53,,10.19
0.78100,43.74,,10.45
0.78110,44.23,,10.45
0.78120,44.84,,10.31
0.78130,45.21,,10.45
0.78140,45.95,,10.31
0.78150,46.82,,10.32
0.78160,47.80,,10.31
0.78170,48.72,,10.45
0.78180,49.55,,10.45
0.78190,50.02,,10.45
0.78200,50.57,,10.32
0.78210,51.27,,10.31
0.78220,51.81,,10.32
0.78230,52.48,,10.31
0.78240,52.62,,10.45
0.78250,53.43,,10.45
0.78260,54.00,,10.59
0.78270,54.57,,10.45
0.78280,55.16,,10.32
0.78290,55.42,,10.32
0.78300,55.35,,10.18
0.78310,56.18,,10.32
0.78320,57.11,,10.59
0.78330,58.26,,10.45
0.78340,58.94,,10.59
0.78350,59.34,,10.32
0.78360,60.15,,10.31
0.78370,60.61,,10.32
0.78380,60.95,,10.45
0.78390,61.68,,10.45
0.78400,61.93,,10.45
0.78410,62.38,,10.31
0.78420,62.91,,10.45
0.78430,63.36,,10.31
0.78440,63.97,,10.45
0.78450,64.29,,10.45
0.78460,64.46,,10.45
0.78470,64.63,,10.45
0.78480,64.85,,10.45
0.78490,65.40,,10.32
0.78500,66.27,,10.45
0.78510,66.88,,10.32
0.78520,67.23,,10.59
0.78530,67.45,,10.59
0.78540,68.25,,10.59
0.78550,68.89,,10.45
0.78560,69.49,,10.31
0.78570,70.17,,10.45
0.78580,71.19,,10.31
0.78590,71.53,,10.59
0.78600,71.66,,10.45
0.78610,72.04,,10.45
0.78620,72.78,,10.32
0.78630,73.55,,10.31
0.78640,74.15,,10.32
0.78650,74.29,,10.59
0.78660,74.66,,10.45
0.78670,75.03,,10.45
0.78680,75.36,,10.45
0.78690,76.34,,10.45
0.78700,76.88,,10.59
0.78710,77.52,,10.59
0.78720,77.90,,10.45
0.78730,77.96,,10.45
0.78740,78.55,,10.45
0.78750,78.83,,10.32
0.78760,79.04,,10.31
0.78770,79.06,,10.45
0.78780,79.78,,10.45
0.78790,80.77,,10.59
0.78800,81.01,,10.73
0.78810,81.53,,10.59
0.78820,82.09,,10.59
0.78830,82.75,,10.31
0.78840,82.69,,10.32
0.78850,83.06,,10.31
0.78860,83.77,,10.45
0.78870,84.34,,10.59
0.78880,84.44,,10.59
0.78890,85.40,,10.59
0.78900,85.98,,10.45
0.78910,86.55,,10.45
0.78920,86.57,,10.45
0.78930,87.08,,10.45
0.78940,87.19,,10.59
0.78950,87.63,,10.45
0.78960,88.00,,10.73
0.78970,88.50,,10.59
0.78980,89.15,,10.45
0.78990,89.78,,10.59
0.79000,90.07,,10.59
0.79010,90.74,,10.45
0.79020,90.81,,10.59
0.79030,90.48,,10.73
0.79040,90.29,,10.59
0.79050,90.20,,10.59
0.79060,89.91,,10.59
0.79070,90.44,,10.45
0.79080,90.62,,10.59
0.79090,90.76,,10.59
0.79100,90.53,,10.73
0.79110,90.50,,10.73
0.79120,90.32,,10.59
0.79130,90.44,,10.59
0.79140,90.52,,10.59
0.79150,90.61,,10.73
0.79160,90.64,,10.59
0.79170,90.79,,10.73
0.79180,90.76,,10.73
0.79190,90.73,,10.59
0.79200,90.87,,10.59
0.79210,90.62,,10.59
0.79220,90.66,,10.73
0.79230,90.93,,10.73
0.79240,91.05,,10.88
0.79250,90.93,,11.03
0.79260,91.02,,10.73
0.79270,90.94,,10.73
0.79280,90.75,,10.59
0.79290,91.01,,10.45
0.79300,91.01,,10.73
0.79310,91.11,,10.73
0.79320,90.63,,10.88
0.79330,90.37,,10.73
0.79340,90.06,,10.73
0.79350,90.15,,10.59
0.79360,90.55,,10.73
0.79370,91.01,,10.88
0.79380,90.99,,10.88
0.79390,91.33,,10.73
0.79400,91.80,,10.73
0.79410,92.60,,10.73
0.79420,93.21,,10.59
0.79430,94.01,,10.88
0.79440,94.61,,11.02
0.79450,94.98,,10.88
0.79460,95.02,,10.88
0.79470,95.79,,10.73
0.79480,96.46,,10.97
0.79490,96.55,,10.93
0.79500,96.38,,10.88
0.79510,96.24,,10.73
0.79520,96.41,,10.88
0.79530,97.04,,10.78
0.79540,97.31,,10.98
0.79550,97.14,,10.73
0.79560,97.10,,10.73
0.79570,97.10,,10.73
0.79580,97.33,,10.73
0.79590,97.40,,11.02
0.79600,96.99,,11.18
0.79610,97.11,,11.03
0.79620,96.91,,10.88
0.79630,96.70,,10.88
0.79640,96.51,,10.73
0.79650,96.42,,10.73
0.79660,96.93,,10.88
0.79670,97.12,,11.03
0.79680,97.31,,11.02
0.79690,97.58,,11.19
0.79700,97.56,,11.02
0.79710,97.10,,10.92
0.79720,96.84,,10.98
0.79730,96.59,,10.83
0.79740,96.57,,10.93
0.79750,96.33,,11.02
0.79760,96.08,,11.19
0.79770,96.15,,11.02
0.79780,96.45,,11.03
0.79790,96.38,,10.88
0.79800,96.36,,11.02
0.79810,96.19,,11.03
0.79820,95.76,,11.02
0.79830,95.61,,11.03
0.79840,95.63,,11.02
0.79850,95.56,,11.03
0.79860,95.31,,11.02
0.79870,94.94,,11.03
0.79880,94.46,,11.18
0.79890,94.17,,11.19
0.79900,94.02,,11.18
0.79910,93.69,,10.97
0.79920,93.09,,11.03
0.79930,92.77,,11.07
0.79940,92.19,,11.03
0.79950,91.60,,11.02
0.79960,91.78,,11.19
0.79970,91.78,,11.33
0.79980,91.20,,11.19
0.79990,90.59,,11.28
0.80000,90.28,,11.07
0.80010,90.08,,11.03
0.80020,90.11,,11.18
0.80030,89.64,,11.19
0.80040,89.02,,11.13
0.80050,88.51,,11.08
0.80060,88.10,,11.18
0.80070,88.29,,11.03
0.80080,88.34,,11.18
0.80090,88.05,,11.35
0.80100,87.26,,11.33
0.80110,86.86,,11.33
0.80120,86.17,,11.19
0.80130,85.78,,11.02
0.80140,85.47,,11.19
0.80150,85.07,,11.39
0.80160,84.37,,11.45
0.80170,83.44,,11.33
0.80180,82.50,,11.19
0.80190,82.06,,11.18
0.80200,81.88,,11.28
0.80210,81.30,,11.24
0.80220,80.95,,11.33
0.80230,80.31,,11.19
0.80240,79.70,,11.33
0.80250,79.28,,11.35
0.80260,78.97,,11.50
0.80270,78.19,,11.35
0.80280,77.59,,11.33
0.80290,76.69,,11.35
0.80300,76.16,,11.18
0.80310,75.70,,11.33
0.80320,75.28,,11.29
0.80330,74.69,,11.39
0.80340,73.98,,11.35
0.80350,73.14,,11.33
0.80360,72.39,,11.35
0.80370,71.65,,11.50
0.80380,71.40,,11.35
0.80390,70.81,,11.33
0.80400,70.14,,11.33
0.80410,69.55,,11.51
0.80420,68.73,,11.39
0.80430,68.12,,11.45
0.80440,67.46,,11.50
0.80450,66.67,,11.35
0.80460,66.11,,11.50
0.80470,65.47,,11.45
0.80480,64.39,,11.55
0.80490,63.51,,11.51
0.80500,62.81,,11.50
0.80510,61.97,,11.33
0.80520,61.12,,11.35
0.80530,60.64,,11.33
0.80540,59.95,,11.45
0.80550,59.31,,11.55
0.80560,58.46,,11.68
0.80570,57.79,,11.66
0.80580,56.89,,11.51
0.80590,56.12,,11.50
0.80600,55.03,,11.44
0.80610,54.26,,11.40
0.80620,53.39,,11.50
0.80630,52.50,,11.68
0.80640,51.50,,11.66
0.80650,50.69,,11.68
0.80660,49.44,,11.66
0.80670,48.27,,11.51
0.80680,47.29,,11.50
0.80690,46.42,,11.35
0.80700,45.65,,11.66
0.80710,44.48,,11.66
0.80720,43.32,,11.68
0.80730,42.18,,11.66
0.80740,41.17,,11.62
0.80750,39.74,,11.55
0.80760,38.53,,11.68
0.80770,37.21,,11.66
0.80780,35.84,,11.85
0.80790,34.87,,11.66
0.80800,33.97,,11.66
0.80810,32.96,,11.62
0.80820,32.17,,11.61
0.80830,31.14,,11.62
0.80840,30.42,,11.83
0.80850,29.39,,11.85
0.80860,27.92,,11.83
0.80870,26.77,,11.68
0.80880,25.90,,11.66
0.80890,25.28,,11.62
0.80900,24.43,,11.55
0.80910,23.58,,11.66
0.80920,22.88,,11.91
0.80930,21.87,,12.07
0.80940,21.11,,12.09
0.80950,19.85,,11.83
0.80960,19.13,,11.85
0.80970,18.12,,11.66
0.80980,17.30,,11.62
0.80990,16.59,,11.61
0.81000,15.95,,11.78
0.81010,15.26,,11.85
0.81020,14.58,,11.83
0.81030,13.51,,12.03
0.81040,12.80,,11.95
0.81050,11.99,,11.74
0.81060,11.19,,11.66
0.81070,10.24,,11.68
0.81080,9.90,,11.66
0.81090,9.21,,12.03
0.81100,8.57,,12.01
0.81110,8.60,,11.83
0.81120,8.30,,12.03
0.81130,8.23,,11.83
0.81140,8.15,,11.85
0.81150,7.58,,12.01
0.81160,7.29,,11.85
0.81170,6.81,,11.89
0.81180,6.60,,12.03
0.81190,6.46,,11.95
0.81200,6.05,,12.01
0.81210,5.57,,11.85
0.81220,5.38,,11.83
0.81230,5.17,,11.68
0.81240,4.92,,11.95
0.81250,4.78,,12.03
0.81260,4.29,,12.07
0.81270,3.98,,12.03
0.81280,3.94,,11.83
0.81290,3.50,,11.85
0.81300,3.36,,11.83
0.81310,4.22,,11.89
0.81320,4.13,,12.16
0.81330,4.15,,12.01
0.81340,3.51,,12.03
0.81350,3.94,,12.01
0.81360,4.04,,11.85
0.81370,4.16,,11.83
0.81380,4.11,,12.03
0.81390,4.16,,12.01
0.81400,4.04,,12.19
0.81410,3.83,,12.03
0.81420,4.17,,12.01
0.81430,4.33,,12.03
0.81440,4.46,,11.89
0.81450,4.72,,11.91
0.81460,4.92,,11.89
0.81470,5.13,,11.85
0.81480,5.50,,12.19
0.81490,5.57,,12.22
0.81500,5.74,,12.19
0.81510,5.81,,12.13
0.81520,5.55,,11.91
0.81530,5.64,,11.95
0.81540,6.16,,11.91
0.81550,6.89,,12.01
0.81560,7.42,,12.09
0.81570,8.06,,12.13
0.81580,8.50,,12.03
0.81590,9.16,,12.19
0.81600,9.04,,12.26
0.81610,8.92,,12.16
0.81620,8.92,,11.95
0.81630,8.77,,11.91
0.81640,9.33,,12.01
0.81650,9.24,,12.22
0.81660,8.66,,12.32
0.81670,7.96,,12.41
0.81680,7.71,,12.26
0.81690,7.37,,12.03
0.81700,7.21,,12.01
0.81710,7.64,,11.95
0.81720,7.81,,11.91
0.81730,7.76,,12.01
0.81740,7.71,,12.22
0.81750,7.70,,12.19
0.81760,7.50,,12.41
0.81770,7.08,,12.38
0.81780,6.74,,12.22
0.81790,7.01,,12.01
0.81800,7.42,,12.01
0.81810,7.54,,12.16
0.81820,7.69,,12.26
0.81830,7.87,,12.41
0.81840,8.07,,12.38
0.81850,7.93,,12.22
0.81860,7.83,,12.19
0.81870,7.76,,12.09
0.81880,8.22,,12.07
0.81890,8.34,,12.09
0.81900,8.64,,12.19
0.81910,8.68,,12.19
0.81920,8.99,,12.34
0.81930,8.78,,12.26
0.81940,9.07,,12.34
0.81950,9.46,,12.26
0.81960,9.55,,12.22
0.81970,10.07,,12.19
0.81980,10.26,,12.22
0.81990,10.57,,12.38
0.82000,11.19,,12.22
0.82010,11.84,,12.19
0.82020,12.12,,12.38
0.82030,12.65,,12.22
0.82040,12.90,,12.38
0.82050,13.17,,12.41
0.82060,13.66,,12.38
0.82070,13.65,,12.22
0.82080,13.58,,12.01
0.82090,14.20,,12.22
0.82100,15.06,,12.19
0.82110,15.39,,12.38
0.82120,15.74,,12.41
0.82130,16.48,,12.38
0.82140,17.45,,12.41
0.82150,17.94,,12.38
0.82160,18.25,,12.41
0.82170,18.52,,12.26
0.82180,19.08,,12.16
0.82190,19.95,,12.38
0.82200,20.52,,12.41
0.82210,21.18,,12.38
0.82220,21.70,,12.32
0.82230,22.40,,12.28
0.82240,23.10,,12.19
0.82250,23.53,,12.22
0.82260,23.54,,12.19
0.82270,24.22,,12.22
0.82280,25.19,,12.38
0.82290,25.77,,12.41
0.82300,26.42,,12.38
0.82310,27.47,,12.38
0.82320,28.73,,12.41
0.82330,29.35,,12.51
0.82340,30.12,,12.47
0.82350,30.68,,12.38
0.82360,31.07,,12.41
0.82370,31.82,,12.32
0.82380,32.58,,12.28
0.82390,33.42,,12.38
0.82400,34.20,,12.22
0.82410,34.78,,12.32
0.82420,35.83,,12.26
0.82430,36.98,,12.34
0.82440,37.92,,12.32
0.82450,39.11,,12.41
0.82460,39.40,,12.32
0.82470,40.21,,12.41
0.82480,40.79,,12.19
0.82490,41.33,,12.61
0.82500,42.32,,12.57
0.82510,43.09,,12.57
0.82520,43.14,,12.41
0.82530,43.65,,12.38
0.82540,44.81,,12.28
0.82550,46.40,,12.19
0.82560,46.71,,12.34
0.82570,47.38,,12.26
0.82580,47.87,,12.41
0.82590,48.54,,12.51
0.82600,49.20,,12.61
0.82610,49.54,,12.44
0.82620,50.16,,12.51
0.82630,50.44,,12.41
0.82640,50.48,,12.38
0.82650,50.66,,12.41
0.82660,51.38,,12.19
0.82670,52.66,,12.22
0.82680,53.52,,12.38
0.82690,54.20,,12.41
0.82700,54.51,,12.57
0.82710,54.79,,12.77
0.82720,54.96,,12.61
0.82730,55.20,,12.44
0.82740,56.18,,12.34
0.82750,57.30,,12.38
0.82760,58.00,,12.41
0.82770,58.68,,12.44
0.82780,59.17,,12.54
0.82790,59.46,,12.57
0.82800,59.81,,12.61
0.82810,60.14,,12.51
0.82820,60.42,,12.44
0.82830,60.56,,12.41
0.82840,60.65,,12.38
0.82850,60.93,,12.61
0.82860,61.33,,12.57
0.82870,61.75,,12.67
0.82880,62.34,,12.51
0.82890,62.48,,12.41
0.82900,62.88,,12.38
0.82910,63.44,,12.57
0.82920,63.98,,12.41
0.82930,64.37,,12.57
0.82940,64.88,,12.81
0.82950,65.51,,12.77
0.82960,65.93,,12.61
0.82970,66.26,,12.57
0.82980,66.56,,12.41
0.82990,66.78,,12.57
0.83000,67.06,,12.54
0.83010,67.02,,12.57
0.83020,66.90,,12.64
0.83030,67.29,,12.74
0.83040,66.96,,12.71
0.83050,67.07,,12.67
0.83060,66.95,,12.57
0.83070,66.80,,12.47
0.83080,66.80,,12.38
0.83090,66.86,,12.54
0.83100,67.01,,12.64
0.83110,67.10,,12.77
0.83120,67.38,,12.81
0.83130,67.24,,12.84
0.83140,67.20,,12.74
0.83150,67.37,,12.57
0.83160,67.73,,12.47
0.83170,68.14,,12.51
0.83180,68.49,,12.61
0.83190,68.42,,12.71
0.83200,67.95,,12.67
0.83210,67.71,,12.77
0.83220,68.07,,12.77
0.83230,68.31,,12.61
0.83240,68.22,,12.57
0.83250,68.19,,12.61
0.83260,68.23,,12.77
0.83270,68.00,,12.81
0.83280,68.12,,12.91
0.83290,68.22,,12.88
0.83300,68.45,,12.77
0.83310,68.35,,12.71
0.83320,68.06,,12.67
0.83330,67.73,,12.57
0.83340,67.31,,12.61
0.83350,67.89,,12.51
0.83360,68.05,,12.67
0.83370,68.29,,12.57
0.83380,69.04,,12.81
0.83390,68.65,,12.84
0.83400,68.68,,12.81
0.83410,68.75,,12.71
0.83420,68.95,,12.77
0.83430,68.99,,12.74
0.83440,68.81,,12.84
0.83450,68.48,,12.81
0.83460,68.38,,12.71
0.83470,68.58,,12.67
0.83480,68.84,,12.84
0.83490,69.10,,12.95
0.83500,69.32,,12.98
0.83510,69.44,,12.71
0.83520,69.74,,12.67
0.83530,69.97,,12.44
0.83540,70.07,,12.74
0.83550,70.09,,12.91
0.83560,69.92,,12.88
0.83570,69.88,,12.91
0.83580,69.96,,12.81
0.83590,70.08,,12.64
0.83600,70.05,,12.74
0.83610,69.89,,12.71
0.83620,69.67,,12.71
0.83630,69.37,,12.81
0.83640,69.34,,12.77
0.83650,69.58,,12.74
0.83660,69.78,,12.71
0.83670,69.87,,12.95
0.83680,70.14,,12.71
0.83690,70.32,,12.67
0.83700,70.16,,12.77
0.83710,70.08,,12.91
0.83720,70.33,,12.88
0.83730,70.36,,12.91
0.83740,71.09,,12.88
0.83750,71.45,,12.98
0.83760,71.74,,12.81
0.83770,71.29,,12.91
0.83780,70.98,,12.81
0.83790,71.13,,12.84
0.83800,71.17,,12.81
0.83810,71.44,,12.77
0.83820,71.39,,12.77
0.83830,71.34,,12.95
0.83840,71.28,,12.84
0.83850,71.36,,12.67
0.83860,71.41,,12.71
0.83870,71.60,,12.81
0.83880,71.81,,12.98
0.83890,71.85,,12.95
0.83900,71.74,,12.98
0.83910,71.74,,13.05
0.83920,72.01,,12.88
0.83930,72.08,,12.84
0.83940,72.20,,12.81
0.83950,72.25,,12.84
0.83960,71.96,,12.95
0.83970,71.67,,12.98
0.83980,71.69,,12.95
0.83990,71.87,,12.98
0.84000,72.25,,12.95
0.84010,72.33,,12.84
0.84020,72.41,,12.91
0.84030,72.40,,12.81
0.84040,72.05,,12.98
0.84050,72.52,,13.02
0.84060,72.68,,12.98
0.84070,72.65,,12.81
0.84080,72.75,,12.84
0.84090,73.09,,12.81
0.84100,72.96,,12.91
0.84110,72.93,,13.05
0.84120,72.76,,12.95
0.84130,72.65,,12.98
0.84140,72.54,,13.09
0.84150,72.58,,12.98
0.84160,73.04,,12.95
0.84170,73.46,,12.84
0.84180,73.90,,12.95
0.84190,74.45,,12.77
0.84200,75.69,,13.02
0.84210,76.91,,12.98
0.84220,77.48,,13.19
0.84230,77.69,,13.16
0.84240,77.59,,13.12
0.84250,78.00,,13.09
0.84260,78.59,,12.84
0.84270,78.93,,12.81
0.84280,79.28,,12.84
0.84290,80.08,,12.95
0.84300,80.47,,12.84
0.84310,80.92,,13.12
0.84320,81.17,,13.02
0.84330,81.42,,12.98
0.84340,81.99,,13.02
0.84350,82.75,,12.98
0.84360,83.34,,12.95
0.84370,83.89,,12.84
0.84380,84.56,,13.02
0.84390,85.28,,13.05
0.84400,85.59,,13.16
0.84410,85.35,,13.05
0.84420,84.95,,13.12
0.84430,84.77,,12.95
0.84440,84.81,,12.98
0.84450,85.06,,12.88
0.84460,85.31,,12.98
0.84470,85.35,,13.02
0.84480,85.18,,12.98
0.84490,85.43,,13.09
0.84500,85.75,,13.12
0.84510,85.91,,13.24
0.84520,86.03,,12.98
0.84530,86.36,,13.12
0.84540,86.71,,13.09
0.84550,86.73,,12.98
0.84560,86.64,,13.24
0.84570,86.73,,13.19
0.84580,86.80,,13.02
0.84590,86.55,,12.98
0.84600,86.78,,12.95
0.84610,86.81,,12.84
0.84620,86.87,,12.98
0.84630,86.77,,13.02
0.84640,86.53,,13.05
0.84650,86.40,,13.09
0.84660,86.44,,13.12
0.84670,86.60,,13.24
0.84680,86.42,,13.27
0.84690,86.11,,13.24
0.84700,85.72,,13.27
0.84710,85.57,,13.02
0.84720,85.43,,13.05
0.84730,85.39,,13.12
0.84740,85.51,,13.24
0.84750,85.38,,13.19
0.84760,84.97,,13.24
0.84770,84.43,,13.19
0.84780,84.05,,13.24
0.84790,83.68,,12.98
0.84800,83.42,,13.09
0.84810,82.91,,12.98
0.84820,82.71,,13.12
0.84830,82.26,,13.02
0.84840,81.68,,13.34
0.84850,81.54,,13.39
0.84860,81.27,,13.56
0.84870,80.91,,13.24
0.84880,79.97,,13.27
0.84890,79.28,,13.09
0.84900,78.83,,13.05
0.84910,78.85,,13.02
0.84920,78.64,,13.19
0.84930,78.12,,13.19
0.84940,77.65,,13.24
0.84950,76.97,,13.41
0.84960,76.69,,13.24
0.84970,76.33,,13.27
0.84980,75.87,,13.39
0.84990,74.98,,13.19
0.85000,73.85,,13.24
0.85010,72.61,,13.19
0.85020,72.77,,13.12
0.85030,72.92,,13.09
0.85040,72.46,,13.19
0.85050,71.32,,13.24
0.85060,70.21,,13.34
0.85070,69.66,,13.39
0.85080,69.12,,13.34
0.85090,68.48,,13.24
0.85100,67.82,,13.34
0.85110,67.36,,13.24
0.85120,66.85,,13.27
0.85130,66.33,,13.19
0.85140,65.99,,13.31
0.85150,65.18,,13.41
0.85160,64.16,,13.39
0.85170,63.05,,13.56
0.85180,62.49,,13.31
0.85190,61.99,,13.19
0.85200,61.89,,13.24
0.85210,61.36,,13.19
0.85220,60.29,,13.34
0.85230,59.32,,13.39
0.85240,58.74,,13.41
0.85250,58.45,,13.39
0.85260,58.19,,13.41
0.85270,57.61,,13.24
0.85280,56.80,,13.41
0.85290,56.15,,13.39
0.85300,55.60,,13.41
0.85310,54.98,,13.31
0.85320,54.57,,13.34
0.85330,54.07,,13.27
0.85340,53.49,,13.24
0.85350,53.00,,13.41
0.85360,52.44,,13.24
0.85370,52.21,,13.27
0.85380,51.64,,13.24
0.85390,50.77,,13.34
0.85400,50.18,,13.61
0.85410,49.74,,13.56
0.85420,48.94,,13.56
0.85430,48.45,,13.46
0.85440,47.79,,13.34
0.85450,46.99,,13.39
0.85460,46.42,,13.41
0.85470,45.98,,13.54
0.85480,45.23,,13.41
0.85490,44.28,,13.39
0.85500,44.37,,13.41
0.85510,44.04,,13.39
0.85520,43.12,,13.41
0.85530,42.26,,13.41
0.85540,41.32,,13.39
0.85550,40.27,,13.41
0.85560,39.47,,13.31
0.85570,38.99,,13.41
0.85580,38.22,,13.46
0.85590,37.51,,13.41
0.85600,36.88,,13.54
0.85610,36.07,,13.56
0.85620,35.25,,13.56
0.85630,34.95,,13.54
0.85640,34.54,,13.41
0.85650,34.01,,13.46
0.85660,33.17,,13.34
0.85670,32.59,,13.39
0.85680,32.33,,13.41
0.85690,31.89,,13.39
0.85700,31.57,,13.41
0.85710,31.10,,13.69
0.85720,30.41,,13.41
0.85730,29.70,,13.64
0.85740,28.97,,13.61
0.85750,28.15,,13.41
0.85760,27.40,,13.39
0.85770,26.91,,13.34
0.85780,26.28,,13.46
0.85790,25.63,,13.41
0.85800,25.07,,13.69
0.85810,24.57,,13.56
0.85820,24.37,,13.49
0.85830,24.07,,13.46
0.85840,23.86,,13.56
0.85850,23.46,,13.54
0.85860,23.10,,13.41
0.85870,22.57,,13.54
0.85880,21.88,,13.56
0.85890,21.37,,13.54
0.85900,20.99,,13.56
0.85910,20.85,,13.46
0.85920,20.45,,13.49
0.85930,19.89,,13.56
0.85940,19.41,,13.54
0.85950,18.67,,13.56
0.85960,17.83,,13.69
0.85970,17.23,,13.56
0.85980,16.72,,13.54
0.85990,16.47,,13.41
0.86000,16.43,,13.39
0.86010,16.28,,13.41
0.86020,16.01,,13.49
0.86030,16.00,,13.46
0.86040,15.71,,13.64
0.86050,15.67,,13.61
0.86060,15.49,,13.49
0.86070,14.91,,13.31
0.86080,14.82,,13.41
0.86090,14.71,,13.39
0.86100,14.33,,13.41
0.86110,14.27,,13.54
0.86120,13.93,,13.56
0.86130,13.44,,13.72
0.86140,12.58,,13.54
0.86150,12.48,,13.56
0.86160,12.88,,13.54
0.86170,13.23,,13.49
0.86180,13.32,,13.46
0.86190,13.24,,13.56
0.86200,13.27,,13.54
0.86210,13.21,,13.41
0.86220,13.60,,13.64
0.86230,13.31,,13.61
0.86240,13.03,,13.49
0.86250,13.07,,13.46
0.86260,13.32,,13.56
0.86270,13.12,,13.54
0.86280,13.44,,13.41
0.86290,13.33,,13.46
0.86300,13.35,,13.64
0.86310,13.14,,13.54
0.86320,13.09,,13.56
0.86330,13.17,,13.41
0.86340,13.02,,13.54
0.86350,13.40,,13.56
0.86360,13.42,,13.69
0.86370,13.15,,13.72
0.86380,13.38,,13.69
0.86390,13.03,,13.56
0.86400,12.76,,13.39
0.86410,14.18,,13.41
0.86420,14.65,,13.49
0.86430,15.12,,13.46
0.86440,15.01,,13.56
0.86450,15.74,,13.54
0.86460,16.44,,13.72
0.86470,17.31,,13.61
0.86480,17.35,,13.64
0.86490,16.66,,13.54
0.86500,17.05,,13.41
0.86510,18.32,,13.39
0.86520,19.45,,13.56
0.86530,20.41,,13.49
0.86540,20.77,,13.46
0.86550,21.50,,13.64
0.86560,22.18,,13.61
0.86570,22.90,,13.56
0.86580,23.80,,13.61
0.86590,24.49,,13.64
0.86600,24.78,,13.46
0.86610,24.95,,13.49
0.86620,26.14,,13.56
0.86630,27.00,,13.54
0.86640,27.73,,13.56
0.86650,28.13,,13.54
0.86660,28.73,,13.80
0.86670,29.30,,13.61
0.86680,29.75,,13.49
0.86690,30.83,,13.46
0.86700,32.12,,13.41
0.86710,32.94,,13.24
0.86720,33.96,,13.41
0.86730,34.87,,13.41
0.86740,35.49,,13.69
0.86750,36.41,,13.72
0.86760,37.13,,13.69
0.86770,37.42,,13.72
0.86780,37.99,,13.54
0.86790,38.37,,13.27
0.86800,39.03,,13.16
0.86810,39.69,,13.19
0.86820,40.70,,13.41
0.86830,41.02,,13.54
0.86840,41.25,,13.80
0.86850,41.76,,13.93
0.86860,41.89,,13.88
0.86870,41.93,,13.69
0.86880,42.23,,13.56
0.86890,42.81,,13.39
0.86900,43.03,,13.34
0.86910,42.67,,13.16
0.86920,43.36,,13.27
0.86930,44.10,,13.41
0.86940,44.51,,13.54
0.86950,44.56,,13.56
0.86960,44.57,,13.46
0.86970,44.82,,13.49
0.86980,45.11,,13.39
0.86990,45.58,,13.41
0.87000,45.59,,13.54
0.87010,45.29,,13.56
0.87020,44.57,,13.56
0.87030,44.02,,13.54
0.87040,44.54,,13.64
0.87050,45.50,,13.46
0.87060,46.27,,13.41
0.87070,46.73,,13.46
0.87080,46.83,,13.41
0.87090,46.86,,13.46
0.87100,47.13,,13.64
0.87110,47.36,,13.69
0.87120,47.42,,13.64
0.87130,47.61,,13.64
0.87140,47.49,,13.46
0.87150,47.50,,13.41
0.87160,47.61,,13.24
0.87170,48.32,,13.27
0.87180,48.61,,13.39
0.87190,48.95,,13.41
0.87200,48.87,,13.54
0.87210,49.36,,13.72
0.87220,49.24,,13.69
0.87230,48.14,,13.72
0.87240,48.93,,13.41
0.87250,49.13,,13.46
0.87260,49.55,,13.34
0.87270,49.75,,13.24
0.87280,49.78,,13.49
0.87290,50.07,,13.61
0.87300,50.32,,13.56
0.87310,50.64,,13.85
0.87320,51.10,,13.64
0.87330,51.48,,13.49
0.87340,51.75,,13.39
0.87350,52.19,,13.27
0.87360,52.76,,13.24
0.87370,53.28,,13.41
0.87380,53.30,,13.61
0.87390,52.93,,13.80
0.87400,52.63,,13.69
0.87410,52.99,,13.56
0.87420,54.00,,13.54
0.87430,54.86,,13.27
0.87440,55.76,,13.19
0.87450,56.17,,13.24
0.87460,56.69,,13.49
0.87470,56.92,,13.39
0.87480,57.11,,13.64
0.87490,57.31,,13.61
0.87500,57.63,,13.49
0.87510,57.69,,13.46
0.87520,57.95,,13.19
0.87530,57.86,,13.19
0.87540,58.37,,13.24
0.87550,59.19,,13.41
0.87560,59.32,,13.69
0.87570,58.79,,13.72
0.87580,58.90,,13.61
0.87590,59.43,,13.64
0.87600,59.81,,13.54
0.87610,60.29,,13.34
0.87620,60.68,,13.24
0.87630,61.15,,13.34
0.87640,61.82,,13.49
0.87650,61.86,,13.61
0.87660,62.13,,13.49
0.87670,62.28,,13.46
0.87680,62.48,,13.41
0.87690,62.53,,13.24
0.87700,61.78,,13.41
0.87710,60.25,,13.09
0.87720,61.17,,13.27
0.87730,63.38,,13.27
0.87740,64.36,,13.46
0.87750,64.86,,13.64
0.87760,64.38,,13.54
0.87770,64.37,,13.80
0.87780,63.83,,13.69
0.87790,64.54,,13.49
0.87800,64.99,,13.39
0.87810,65.30,,13.12
0.87820,65.49,,13.24
0.87830,65.70,,13.41
0.87840,65.47,,13.56
0.87850,65.69,,13.69
0.87860,65.73,,13.88
0.87870,65.74,,13.54
0.87880,65.77,,13.27
0.87890,66.29,,13.09
0.87900,66.27,,12.98
0.87910,66.45,,13.09
0.87920,66.67,,13.27
0.87930,66.76,,13.27
0.87940,66.99,,13.69
0.87950,66.74,,13.56
0.87960,66.07,,13.54
0.87970,65.98,,13.56
0.87980,66.36,,13.39
0.87990,66.38,,13.41
0.88000,65.92,,13.31
0.88010,65.83,,13.41
0.88020,65.99,,13.46
0.88030,66.82,,13.64
0.88040,67.74,,13.49
0.88050,67.77,,13.54
0.88060,67.58,,13.41
0.88070,67.39,,13.39
0.88080,67.25,,13.27
0.88090,67.46,,13.09
0.88100,67.10,,13.41
0.88110,67.18,,13.24
0.88120,67.26,,13.56
0.88130,66.92,,13.56
0.88140,66.62,,13.54
0.88150,66.07,,13.41
0.88160,66.22,,13.31
0.88170,66.31,,13.19
0.88180,66.44,,13.24
0.88190,66.47,,13.41
0.88200,66.43,,13.46
0.88210,66.03,,13.64
0.88220,65.71,,13.54
0.88230,65.16,,13.56
0.88240,65.24,,13.41
0.88250,64.92,,13.09
0.88260,65.01,,13.12
0.88270,64.72,,13.09
0.88280,64.36,,13.12
0.88290,63.52,,13.46
0.88300,62.91,,13.64
0.88310,62.32,,13.69
0.88320,61.87,,13.64
0.88330,61.83,,13.64
0.88340,61.12,,13.39
0.88350,61.17,,13.12
0.88360,61.24,,13.09
0.88370,61.11,,13.12
0.88380,60.58,,13.24
0.88390,60.20,,13.41
0.88400,59.93,,13.54
0.88410,59.74,,13.56
0.88420,58.95,,13.61
0.88430,58.81,,13.41
0.88440,58.78,,13.19
0.88450,58.40,,13.24
0.88460,58.45,,13.19
0.88470,58.46,,13.24
0.88480,58.04,,13.41
0.88490,57.66,,13.46
0.88500,57.11,,13.64
0.88510,56.33,,13.46
0.88520,55.91,,13.56
0.88530,55.15,,13.27
0.88540,54.54,,13.24
0.88550,53.91,,13.12
0.88560,53.47,,13.09
0.88570,52.92,,13.19
0.88580,52.17,,13.46
0.88590,51.92,,13.56
0.88600,51.71,,13.54
0.88610,51.50,,13.41
0.88620,51.20,,13.39
0.88630,51.00,,13.27
0.88640,50.70,,12.98
0.88650,50.02,,13.24
0.88660,49.25,,13.19
0.88670,48.30,,13.31
0.88680,47.50,,13.56
0.88690,47.17,,13.54
0.88700,46.27,,13.56
0.88710,44.73,,13.24
0.88720,44.44,,13.19
0.88730,43.92,,13.19
0.88740,43.10,,13.09
0.88750,42.84,,13.34
0.88760,42.09,,13.46
0.88770,41.21,,13.41
0.88780,40.45,,13.69
0.88790,40.09,,13.64
0.88800,39.02,,13.46
0.88810,37.67,,13.41
0.88820,37.41,,13.09
0.88830,37.40,,13.12
0.88840,37.30,,12.98
0.88850,36.84,,13.24
0.88860,36.79,,13.19
0.88870,37.02,,13.46
0.88880,36.06,,13.56
0.88890,35.10,,13.39
0.88900,35.29,,13.56
0.88910,34.86,,13.24
0.88920,35.05,,13.27
0.88930,34.99,,13.12
0.88940,34.67,,13.24
0.88950,34.42,,13.19
0.88960,34.67,,13.31
0.88970,35.15,,13.41
0.88980,35.43,,13.39
0.88990,35.40,,13.41
0.89000,35.67,,13.39
0.89010,35.79,,13.27
0.89020,35.94,,13.24
0.89030,36.31,,13.27
0.89040,36.45,,13.41
0.89050,36.33,,13.39
0.89060,35.92,,13.41
0.89070,35.75,,13.39
0.89080,36.15,,13.12
0.89090,36.28,,13.16
0.89100,36.39,,13.05
0.89110,36.62,,13.16
0.89120,36.85,,13.19
0.89130,36.99,,13.19
0.89140,37.24,,13.31
0.89150,37.81,,13.41
0.89160,38.39,,13.39
0.89170,38.41,,13.27
0.89180,38.89,,13.24
0.89190,39.07,,13.27
0.89200,39.08,,13.09
0.89210,39.58,,13.27
0.89220,39.70,,13.24
0.89230,40.03,,13.34
0.89240,39.62,,13.19
0.89250,39.53,,13.39
0.89260,39.76,,13.12
0.89270,40.04,,12.95
0.89280,40.52,,12.98
0.89290,40.76,,13.09
0.89300,41.22,,13.12
0.89310,40.97,,13.39
0.89320,41.13,,13.27
0.89330,41.23,,13.27
0.89340,42.28,,13.24
0.89350,41.83,,13.12
0.89360,42.23,,13.02
0.89370,42.38,,12.98
0.89380,42.49,,13.02
0.89390,42.35,,13.19
0.89400,42.48,,13.16
0.89410,42.41,,13.27
0.89420,42.25,,13.24
0.89430,42.41,,13.12
0.89440,42.35,,13.12
0.89450,42.35,,13.16
0.89460,42.41,,13.05
0.89470,42.69,,13.16
0.89480,42.85,,13.19
0.89490,42.80,,13.24
0.89500,42.99,,13.12
0.89510,43.11,,13.24
0.89520,43.72,,13.27
0.89530,44.62,,13.19
0.89540,44.35,,13.02
0.89550,44.24,,13.12
0.89560,44.40,,13.09
0.89570,44.17,,13.19
0.89580,44.39,,13.02
0.89590,44.05,,13.19
0.89600,44.23,,13.16
0.89610,44.31,,13.12
0.89620,43.79,,13.09
0.89630,43.77,,12.98
0.89640,43.73,,12.98
0.89650,43.86,,13.09
0.89660,43.67,,13.12
0.89670,43.55,,13.09
0.89680,43.34,,13.41
0.89690,43.58,,13.24
0.89700,44.17,,13.12
0.89710,44.28,,13.09
0.89720,44.59,,13.19
0.89730,44.54,,13.19
0.89740,44.27,,13.09
0.89750,44.26,,13.12
0.89760,44.50,,13.24
0.89770,44.82,,13.12
0.89780,45.03,,13.09
0.89790,45.01,,13.12
0.89800,45.04,,12.95
0.89810,45.18,,12.98
0.89820,45.58,,13.09
0.89830,45.88,,13.05
0.89840,45.98,,13.05
0.89850,46.18,,13.16
0.89860,46.40,,13.19
0.89870,46.47,,13.24
0.89880,46.68,,13.12
0.89890,46.62,,13.09
0.89900,46.94,,12.84
0.89910,47.03,,13.09
0.89920,47.44,,12.98
0.89930,47.86,,13.09
0.89940,47.84,,13.12
0.89950,48.19,,13.05
0.89960,48.56,,13.16
0.89970,48.69,,13.12
0.89980,48.73,,13.16
0.89990,48.69,,12.98
0.90000,48.71,,12.88
0.90010,48.66,,12.84
0.90020,48.96,,12.81
0.90030,48.95,,12.98
0.90040,49.01,,13.05
0.90050,49.01,,13.16
0.90060,49.31,,13.12
0.90070,49.57,,13.09
0.90080,49.95,,12.98
0.90090,50.39,,12.95
0.90100,50.23,,12.91
0.90110,50.02,,12.81
0.90120,50.13,,12.91
0.90130,50.30,,12.88
0.90140,50.76,,12.91
0.90150,51.13,,12.98
0.90160,51.39,,13.09
0.90170,51.47,,13.12
0.90180,51.23,,13.09
0.90190,51.32,,12.98
0.90200,51.83,,12.95
0.90210,51.84,,12.84
0.90220,52.38,,12.95
0.90230,52.39,,12.84
0.90240,52.46,,12.98
0.90250,52.82,,13.02
0.90260,52.97,,12.98
0.90270,53.08,,13.02
0.90280,53.07,,12.77
0.90290,53.21,,12.81
0.90300,53.02,,12.77
0.90310,52.65,,12.67
0.90320,52.86,,12.84
0.90330,52.79,,12.88
0.90340,52.94,,12.98
0.90350,52.81,,12.91
0.90360,52.56,,12.88
0.90370,53.04,,12.98
0.90380,53.07,,12.88
0.90390,53.25,,12.91
0.90400,53.04,,13.02
0.90410,53.33,,12.77
0.90420,53.53,,12.81
0.90430,53.85,,12.77
0.90440,54.14,,12.84
0.90450,54.26,,12.95
0.90460,54.51,,12.84
0.90470,54.05,,12.95
0.90480,54.22,,12.77
0.90490,54.73,,12.81
0.90500,54.70,,12.77
0.90510,54.95,,12.81
0.90520,54.94,,12.71
0.90530,54.76,,12.67
0.90540,54.54,,12.84
0.90550,54.50,,12.91
0.90560,54.92,,12.81
0.90570,55.06,,12.77
0.90580,55.04,,12.61
0.90590,54.84,,12.77
0.90600,54.89,,12.67
0.90610,54.79,,12.71
0.90620,54.78,,12.81
0.90630,54.76,,12.77
0.90640,54.93,,12.77
0.90650,54.55,,12.81
0.90660,54.88,,12.77
0.90670,54.97,,12.61
0.90680,55.37,,12.71
0.90690,55.62,,12.54
0.90700,55.07,,12.71
0.90710,54.42,,12.81
0.90720,54.27,,12.77
0.90730,54.01,,12.61
0.90740,54.02,,12.57
0.90750,53.83,,12.57
0.90760,53.99,,12.54
0.90770,53.92,,12.57
0.90780,53.33,,12.67
0.90790,53.23,,12.57
0.90800,52.86,,12.67
0.90810,52.36,,12.71
0.90820,52.65,,12.61
0.90830,52.12,,12.38
0.90840,51.58,,12.44
0.90850,50.65,,12.54
0.90860,50.09,,12.57
0.90870,49.84,,12.54
0.90880,49.47,,12.71
0.90890,49.41,,12.67
0.90900,48.58,,12.64
0.90910,47.62,,12.47
0.90920,47.43,,12.44
0.90930,47.38,,12.28
0.90940,47.22,,12.38
0.90950,46.92,,12.38
0.90960,46.41,,12.41
0.90970,45.82,,12.44
0.90980,45.44,,12.54
0.90990,45.04,,12.44
0.91000,44.56,,12.41
0.91010,44.38,,12.32
0.91020,43.74,,12.28
0.91030,43.72,,12.32
0.91040,43.08,,12.19
0.91050,43.24,,12.22
0.91060,42.80,,12.38
0.91070,42.69,,12.28
0.91080,41.44,,12.44
0.91090,40.79,,12.47
0.91100,40.59,,12.26
0.91110,40.60,,12.34
0.91120,40.17,,12.19
0.91130,40.12,,12.22
0.91140,39.56,,12.38
0.91150,39.02,,12.19
0.91160,38.72,,12.22
0.91170,38.25,,12.19
0.91180,37.95,,12.22
0.91190,37.32,,12.19
0.91200,36.98,,12.22
0.91210,36.83,,12.07
0.91220,36.67,,12.16
0.91230,36.38,,12.01
0.91240,35.79,,12.19
0.91250,35.09,,12.03
0.91260,34.92,,12.19
0.91270,34.77,,12.22
0.91280,34.74,,12.01
0.91290,34.20,,11.85
0.91300,34.05,,11.95
0.91310,33.89,,11.91
0.91320,33.83,,11.83
0.91330,33.48,,11.91
0.91340,33.12,,12.07
0.91350,33.01,,12.07
0.91360,32.80,,12.03
0.91370,32.76,,12.19
0.91380,32.56,,12.03
0.91390,32.52,,11.83
0.91400,32.56,,11.85
0.91410,32.43,,11.83
0.91420,32.15,,11.85
0.91430,31.67,,11.72
0.91440,31.37,,11.83
0.91450,31.53,,11.79
0.91460,31.39,,11.83
0.91470,31.03,,11.68
0.91480,30.37,,11.61
0.91490,30.40,,11.68
0.91500,30.61,,11.72
0.91510,30.76,,11.79
0.91520,30.61,,11.72
0.91530,30.57,,11.68
0.91540,30.53,,11.83
0.91550,30.51,,11.66
0.91560,30.13,,11.74
0.91570,29.63,,11.78
0.91580,28.99,,11.68
0.91590,28.25,,11.50
0.91600,27.69,,11.35
0.91610,28.15,,11.44
0.91620,28.72,,11.40
0.91630,28.85,,11.66
0.91640,28.86,,11.72
0.91650,28.74,,11.79
0.91660,28.64,,11.50
0.91670,28.55,,11.35
0.91680,28.77,,11.18
0.91690,28.87,,11.35
0.91700,29.12,,11.18
0.91710,29.32,,11.51
0.91720,29.58,,11.66
0.91730,29.84,,11.57
0.91740,29.99,,11.61
0.91750,30.12,,11.33
0.91760,30.21,,11.19
0.91770,30.36,,11.02
0.91780,30.65,,11.03
0.91790,30.94,,11.23
0.91800,31.09,,11.29
0.91810,31.53,,11.50
0.91820,31.61,,11.35
0.91830,31.60,,11.33
0.91840,31.40,,11.02
0.91850,31.78,,11.03
0.91860,32.57,,11.18
0.91870,33.47,,11.35
0.91880,33.87,,11.33
0.91890,34.15,,11.51
0.91900,34.48,,11.18
0.91910,34.80,,11.19
0.91920,35.38,,11.02
0.91930,35.95,,10.88
0.91940,35.83,,11.02
0.91950,35.72,,10.88
0.91960,35.96,,11.03
0.91970,36.25,,11.02
0.91980,36.64,,11.24
0.91990,37.07,,11.28
0.92000,37.48,,11.19
0.92010,37.71,,11.18
0.92020,37.72,,11.03
0.92030,38.13,,11.02
0.92040,38.68,,11.02
0.92050,38.89,,10.98
0.92060,39.39,,10.97
0.92070,39.60,,11.13
0.92080,39.85,,11.02
0.92090,40.12,,11.03
0.92100,40.96,,11.02
0.92110,41.74,,11.03
0.92120,42.31,,10.97
0.92130,42.58,,10.93
0.92140,42.95,,11.02
0.92150,42.95,,11.02
0.92160,43.46,,11.03
0.92170,43.91,,11.02
0.92180,44.16,,11.03
0.92190,43.89,,11.02
0.92200,43.93,,10.88
0.92210,44.13,,11.02
0.92220,44.62,,10.88
0.92230,45.10,,11.02
0.92240,45.33,,10.88
0.92250,45.53,,11.03
0.92260,45.74,,11.02
0.92270,46.27,,10.88
0.92280,46.44,,11.02
0.92290,46.88,,11.03
0.92300,47.30,,11.18
0.92310,47.39,,11.03
0.92320,47.59,,10.73
0.92330,48.11,,10.59
0.92340,48.79,,10.88
0.92350,49.47,,11.02
0.92360,49.76,,11.03
0.92370,49.95,,11.33
0.92380,49.83,,11.03
0.92390,49.86,,10.88
0.92400,50.07,,10.59
0.92410,50.81,,10.45
0.92420,51.80,,10.73
0.92430,52.01,,11.02
0.92440,52.15,,11.18
0.92450,52.41,,11.19
0.92460,52.64,,11.18
0.92470,53.23,,10.73
0.92480,53.53,,10.59
0.92490,53.24,,10.45
0.92500,53.41,,10.59
0.92510,53.91,,10.88
0.92520,54.55,,11.02
0.92530,54.94,,11.19
0.92540,54.91,,10.59
0.92550,55.14,,10.59
0.92560,55.38,,10.88
0.92570,55.40,,11.02
0.92580,55.87,,11.19
0.92590,56.19,,11.50
0.92600,55.97,,10.59
0.92610,55.75,,9.81
0.92620,56.32,,9.80
0.92630,62.06,,10.06
0.92640,66.25,,10.88
0.92650,67.61,,11.83
0.92660,67.21,,11.95
0.92670,68.48,,11.57
0.92680,69.04,,11.02
0.92690,69.50,,10.45
0.92700,69.73,,10.06
0.92710,69.11,,10.45
0.92720,68.81,,10.73
0.92730,69.22,,10.88
0.92740,69.35,,10.92
0.92750,70.12,,10.97
0.92760,71.46,,10.45
0.92770,71.09,,10.19
0.92780,69.15,,10.59
0.92790,67.24,,10.59
0.92800,63.08,,10.88
0.92810,57.25,,11.02
0.92820,55.53,,10.88
0.92830,55.16,,10.45
0.92840,55.45,,10.73
0.92850,55.57,,10.88
0.92860,55.29,,11.02
0.92870,55.22,,11.03
0.92880,55.07,,11.02
0.92890,54.79,,10.73
0.92900,54.55,,10.45
0.92910,54.11,,10.45
0.92920,53.91,,10.45
0.92930,54.19,,10.73
0.92940,54.32,,11.02
0.92950,54.37,,11.13
0.92960,54.54,,11.08
0.92970,54.31,,10.73
0.92980,54.10,,10.73
0.92990,53.95,,10.45
0.93000,53.98,,10.73
0.93010,54.24,,10.73
0.93020,54.15,,11.03
0.93030,54.19,,11.02
0.93040,54.11,,10.88
0.93050,53.62,,10.59
0.93060,53.28,,10.59
0.93070,53.05,,10.45
0.93080,53.09,,10.73
0.93090,53.17,,10.98
0.93100,52.75,,10.92
0.93110,52.38,,10.88
0.93120,52.36,,10.73
0.93130,52.50,,10.45
0.93140,52.61,,10.45
0.93150,52.48,,10.59
0.93160,52.33,,10.73
0.93170,52.32,,10.73
0.93180,52.39,,10.88
0.93190,52.55,,10.73
0.93200,52.63,,10.59
0.93210,52.42,,10.59
0.93220,52.46,,10.59
0.93230,52.26,,10.59
0.93240,51.92,,10.59
0.93250,52.07,,10.73
0.93260,52.36,,10.59
0.93270,52.22,,10.59
0.93280,51.82,,10.59
0.93290,51.51,,10.59
0.93300,51.27,,10.45
0.93310,51.50,,10.59
0.93320,51.76,,10.59
0.93330,51.78,,10.73
0.93340,51.74,,10.59
0.93350,51.68,,10.59
0.93360,51.48,,10.45
0.93370,51.38,,10.32
0.93380,51.11,,10.45
0.93390,51.33,,10.45
0.93400,51.40,,10.59
0.93410,50.95,,10.45
0.93420,50.66,,10.59
0.93430,50.33,,10.59
0.93440,50.42,,10.45
0.93450,50.11,,10.45
0.93460,49.82,,10.45
0.93470,49.57,,10.59
0.93480,49.25,,10.45
0.93490,48.67,,10.45
0.93500,48.81,,10.45
0.93510,48.57,,10.31
0.93520,48.11,,10.32
0.93530,47.65,,10.31
0.93540,47.65,,10.59
0.93550,47.52,,10.45
0.93560,47.57,,10.59
0.93570,47.04,,10.59
0.93580,46.54,,10.31
0.93590,46.22,,10.19
0.93600,45.59,,10.18
0.93610,45.30,,10.19
0.93620,45.04,,10.45
0.93630,44.65,,10.45
0.93640,44.62,,10.45
0.93650,43.64,,10.32
0.93660,42.77,,10.06
0.93670,42.57,,10.05
0.93680,42.40,,10.06
0.93690,42.97,,10.31
0.93700,42.58,,10.45
0.93710,41.73,,10.59
0.93720,41.27,,10.32
0.93730,40.84,,10.18
0.93740,40.37,,9.94
0.93750,40.34,,9.94
0.93760,40.54,,10.18
0.93770,40.36,,10.45
0.93780,39.84,,10.31
0.93790,39.22,,10.19
0.93800,38.70,,10.05
0.93810,38.80,,9.81
0.93820,38.89,,9.80
0.93830,38.72,,10.06
0.93840,38.40,,10.18
0.93850,38.24,,10.19
0.93860,38.02,,10.19
0.93870,37.94,,10.05
0.93880,37.74,,9.94
0.93890,37.56,,9.69
0.93900,37.04,,9.81
0.93910,36.66,,9.80
0.93920,36.78,,9.94
0.93930,36.66,,10.05
0.93940,36.20,,9.81
0.93950,35.45,,9.81
0.93960,34.72,,9.69
0.93970,34.27,,9.58
0.93980,33.94,,9.57
0.93990,33.63,,9.81
0.94000,33.61,,9.93
0.94010,33.49,,9.94
0.94020,33.50,,9.93
0.94030,33.31,,9.70
0.94040,32.87,,9.45
0.94050,32.72,,9.36
0.94060,32.44,,9.25
0.94070,32.47,,9.45
0.94080,32.92,,9.47
0.94090,32.79,,9.69
0.94100,32.35,,9.58
0.94110,32.25,,9.45
0.94120,32.06,,9.36
0.94130,31.77,,9.23
0.94140,31.77,,9.36
0.94150,31.79,,9.36
0.94160,31.81,,9.45
0.94170,31.79,,9.47
0.94180,32.03,,9.34
0.94190,31.86,,9.15
0.94200,31.85,,9.13
0.94210,31.71,,8.94
0.94220,31.77,,9.13
0.94230,31.90,,9.15
0.94240,31.86,,9.23
0.94250,31.68,,9.25
0.94260,31.38,,9.15
0.94270,31.14,,9.02
0.94280,31.23,,9.04
0.94290,31.14,,8.92
0.94300,31.19,,8.84
0.94310,30.98,,8.73
0.94320,30.98,,8.84
0.94330,31.14,,8.92
0.94340,30.54,,8.84
0.94350,30.00,,8.84
0.94360,29.87,,8.82
0.94370,29.50,,8.75
0.94380,29.35,,8.82
0.94390,29.09,,8.75
0.94400,28.97,,8.92
0.94410,28.81,,8.75
0.94420,28.49,,8.54
0.94430,28.30,,8.47
0.94440,28.11,,8.36
0.94450,27.92,,8.47
0.94460,27.58,,8.47
0.94470,27.18,,8.45
0.94480,26.46,,8.38
0.94490,25.78,,8.45
0.94500,25.51,,8.38
0.94510,25.43,,8.54
0.94520,25.75,,8.47
0.94530,25.87,,8.45
0.94540,25.84,,8.21
0.94550,25.78,,8.05
0.94560,25.73,,7.94
0.94570,25.59,,8.05
0.94580,25.55,,7.94
0.94590,25.17,,7.89
0.94600,24.66,,7.86
0.94610,24.66,,7.97
0.94620,24.42,,8.10
0.94630,24.19,,8.13
0.94640,23.94,,8.10
0.94650,23.33,,7.89
0.94660,22.74,,7.66
0.94670,22.17,,7.56
0.94680,21.74,,7.59
0.94690,21.73,,7.56
0.94700,21.66,,7.59
0.94710,21.32,,7.49
0.94720,20.67,,7.59
0.94730,20.31,,7.49
0.94740,19.79,,7.52
0.94750,19.36,,7.38
0.94760,19.18,,7.35
0.94770,19.15,,7.25
0.94780,19.32,,7.35
0.94790,19.35,,7.25
0.94800,19.49,,7.09
0.94810,19.30,,6.94
0.94820,19.05,,7.09
0.94830,18.95,,7.06
0.94840,18.79,,6.97
0.94850,18.03,,6.88
0.94860,17.98,,6.88
0.94870,18.08,,7.03
0.94880,17.77,,6.88
0.94890,17.47,,6.67
0.94900,16.98,,6.65
0.94910,16.55,,6.62
0.94920,16.91,,6.60
0.94930,16.90,,6.40
0.94940,16.59,,6.49
0.94950,16.29,,6.49
0.94960,16.02,,6.51
0.94970,15.80,,6.39
0.94980,15.32,,6.20
0.94990,15.07,,6.24
0.95000,15.38,,6.25
0.95010,15.34,,6.05
0.95020,15.40,,5.97
0.95030,15.56,,6.01
0.95040,15.63,,6.02
0.95050,15.78,,6.01
0.95060,15.82,,5.92
0.95070,16.06,,5.67
0.95080,15.95,,5.83
0.95090,15.81,,5.67
0.95100,16.05,,5.59
0.95110,16.21,,5.52
0.95120,15.67,,5.51
0.95130,15.07,,5.52
0.95140,15.19,,5.37
0.95150,14.80,,5.29
0.95160,14.42,,5.29
0.95170,13.99,,5.23
0.95180,14.29,,5.03
0.95190,14.91,,5.03
0.95200,15.05,,5.03
0.95210,15.06,,4.91
0.95220,15.10,,4.90
0.95230,15.69,,4.73
0.95240,16.37,,4.62
0.95250,16.71,,4.52
0.95260,16.97,,4.68
0.95270,17.37,,4.56
0.95280,17.84,,4.37
0.95290,18.91,,4.22
0.95300,19.67,,4.24
0.95310,19.69,,4.18
0.95320,19.70,,4.15
0.95330,20.06,,4.05
0.95340,20.37,,3.94
0.95350,20.82,,3.86
0.95360,21.28,,3.73
0.95370,21.56,,3.69
0.95380,21.79,,3.64
0.95390,22.08,,3.56
0.95400,22.26,,3.48
0.95410,22.59,,3.33
0.95420,23.15,,3.25
0.95430,22.79,,3.22
0.95440,22.96,,3.10
0.95450,23.29,,3.07
0.95460,23.49,,2.87
0.95470,23.45,,2.82
0.95480,23.27,,2.76
0.95490,23.72,,2.67
0.95500,23.94,,2.53
0.95510,23.75,,2.42
0.95520,24.28,,2.34
0.95530,24.94,,2.22
0.95540,24.99,,2.12
0.95550,24.87,,1.99
0.95560,24.84,,1.87
0.95570,25.17,,1.73
0.95580,25.49,,1.59
0.95590,25.58,,1.45
0.95600,25.51,,1.34
0.95610,25.62,,1.19
0.95620,25.60,,1.03
0.95630,25.84,,0.87
0.95640,26.48,,0.69
0.95650,27.24,,0.46
0.95660,37.32,,0.00
0.95670,45.55,,0.22
0.95680,45.45,,0.32
0.95690,45.07,,0.34
0.95700,44.40,,0.31
0.95710,43.99,,0.22
0.95720,44.86,,0.07
0.95730,46.15,,0.30
0.95740,45.75,,0.45
0.95750,45.70,,0.56
0.95760,46.26,,0.68
0.95770,46.15,,0.80
0.95780,46.95,,0.92
0.95790,47.68,,1.03
0.95800,47.66,,1.13
0.95810,47.65,,1.23
0.95820,47.76,,1.32
0.95830,47.75,,1.40
0.95840,47.92,,1.48
0.95850,48.27,,1.54
0.95860,47.91,,1.60
0.95870,48.28,,1.65
0.95880,48.39,,1.68
0.95890,48.48,,1.72
0.95900,48.17,,1.75
0.95910,48.28,,1.77
0.95920,48.75,,1.80
0.95930,48.98,,1.84
0.95940,49.56,,1.86
0.95950,49.98,,1.95
0.95960,50.24,,1.99
0.95970,50.31,,2.08
0.95980,50.13,,2.13
0.95990,49.85,,2.24
0.96000,50.09,,2.26
0.96010,50.31,,2.37
0.96020,49.90,,2.41
0.96030,49.89,,2.48
0.96040,50.12,,2.53
0.96050,49.97,,2.61
0.96060,49.90,,2.66
0.96070,49.67,,2.72
0.96080,49.60,,2.78
0.96090,49.52,,2.86
0.96100,49.51,,2.87
0.96110,49.70,,2.99
0.96120,49.44,,2.98
0.96130,49.49,,3.05
0.96140,49.29,,3.12
0.96150,49.14,,3.18
0.96160,48.57,,3.22
0.96170,47.58,,3.27
0.96180,46.30,,3.31
0.96190,45.97,,3.33
0.96200,45.35,,3.42
0.96210,45.19,,3.44
0.96220,45.04,,3.51
0.96230,44.30,,3.50
0.96240,43.37,,3.58
0.96250,43.80,,3.56
0.96260,44.32,,3.69
0.96270,45.21,,3.68
0.96280,45.33,,3.73
0.96290,43.96,,3.78
0.96300,43.78,,3.76
0.96310,43.98,,3.82
0.96320,44.58,,3.87
0.96330,44.97,,4.01
0.96340,44.25,,3.94
0.96350,43.45,,3.89
0.96360,45.28,,4.11
0.96370,46.23,,4.11
0.96380,44.76,,4.05
0.96390,45.56,,4.15
0.96400,45.96,,4.14
0.96410,45.73,,4.28
0.96420,45.61,,4.22
0.96430,44.82,,4.24
0.96440,44.94,,4.41
0.96450,45.62,,4.33
0.96460,45.98,,4.28
0.96470,45.81,,4.46
0.96480,45.66,,4.42
0.96490,44.94,,4.41
0.96500,45.24,,4.52
0.96510,45.85,,4.46
0.96520,46.13,,4.57
0.96530,45.92,,4.62
0.96540,45.68,,4.63
0.96550,45.32,,4.56
0.96560,45.34,,4.57
0.96570,45.92,,4.73
0.96580,46.38,,4.78
0.96590,46.15,,4.73
0.96600,45.54,,4.67
0.96610,45.87,,4.73
0.96620,46.34,,4.78
0.96630,46.42,,4.91
0.96640,46.24,,4.73
0.96650,46.46,,4.85
0.96660,46.41,,4.91
0.96670,46.28,,4.84
0.96680,46.26,,4.91
0.96690,46.45,,5.03
0.96700,46.31,,4.91
0.96710,46.48,,5.03
0.96720,46.47,,5.03
0.96730,47.05,,4.96
0.96740,47.15,,5.09
0.96750,47.25,,5.16
0.96760,46.94,,5.09
0.96770,46.89,,5.03
0.96780,46.82,,5.22
0.96790,46.23,,5.23
0.96800,46.08,,5.22
0.96810,46.53,,5.23
0.96820,46.74,,5.29
0.96830,46.79,,5.23
0.96840,46.56,,5.37
0.96850,46.19,,5.37
0.96860,46.10,,5.44
0.96870,46.60,,5.37
0.96880,47.11,,5.29
0.96890,47.35,,5.52
0.96900,47.29,,5.51
0.96910,47.41,,5.52
0.96920,47.70,,5.51
0.96930,47.40,,5.52
0.96940,47.58,,5.67
0.96950,47.84,,5.59
0.96960,47.42,,5.67
0.96970,47.40,,5.59
0.96980,47.03,,5.67
0.96990,46.68,,5.83
0.97000,46.89,,5.93
0.97010,46.89,,5.75
0.97020,46.96,,5.59
0.97030,46.62,,5.75
0.97040,46.15,,6.02
0.97050,46.64,,6.10
0.97060,47.00,,5.83
0.97070,47.79,,5.75
0.97080,48.07,,5.92
0.97090,47.83,,6.02
0.97100,47.88,,5.92
0.97110,47.83,,6.02
0.97120,48.04,,6.10
0.97130,47.71,,6.11
0.97140,48.13,,6.01
0.97150,48.09,,6.02
0.97160,48.23,,6.10
0.97170,48.42,,6.10
0.97180,48.23,,6.20
0.97190,47.97,,6.19
0.97200,48.02,,6.20
0.97210,48.38,,6.14
0.97220,48.70,,6.25
0.97230,49.23,,6.29
0.97240,49.88,,6.30
0.97250,50.90,,6.39
0.97260,51.08,,6.19
0.97270,51.05,,6.25
0.97280,51.04,,6.34
0.97290,50.62,,6.40
0.97300,50.56,,6.39
0.97310,50.82,,6.40
0.97320,51.16,,6.44
0.97330,50.91,,6.46
0.97340,51.46,,6.39
0.97350,51.78,,6.51
0.97360,52.10,,6.49
0.97370,52.25,,6.60
0.97380,52.80,,6.56
0.97390,52.86,,6.44
0.97400,53.16,,6.56
0.97410,53.58,,6.60
0.97420,53.98,,6.62
0.97430,54.85,,6.65
0.97440,55.41,,6.62
0.97450,55.60,,6.60
0.97460,55.87,,6.71
0.97470,56.39,,6.73
0.97480,56.78,,6.71
0.97490,57.28,,6.62
0.97500,57.13,,6.71
0.97510,56.87,,6.73
0.97520,56.76,,6.94
0.97530,57.16,,6.85
0.97540,58.37,,6.60
0.97550,58.75,,6.79
0.97560,58.55,,6.88
0.97570,57.91,,6.82
0.97580,57.32,,6.97
0.97590,56.98,,6.88
0.97600,57.12,,6.91
0.97610,57.04,,6.82
0.97620,56.26,,6.97
0.97630,55.59,,6.94
0.97640,55.66,,6.97
0.97650,55.14,,7.00
0.97660,54.78,,7.00
0.97670,54.54,,6.97
0.97680,54.12,,7.00
0.97690,54.59,,7.03
0.97700,54.59,,7.06
0.97710,54.75,,7.22
0.97720,55.04,,7.06
0.97730,55.34,,7.03
0.97740,54.84,,7.00
0.97750,54.20,,7.09
0.97760,54.23,,7.32
0.97770,54.11,,7.19
0.97780,54.46,,7.22
0.97790,54.80,,7.19
0.97800,54.74,,7.09
0.97810,54.94,,7.19
0.97820,54.54,,7.22
0.97830,54.31,,7.32
0.97840,54.13,,7.35
0.97850,53.90,,7.32
0.97860,53.67,,7.19
0.97870,53.13,,7.22
0.97880,53.09,,7.32
0.97890,52.73,,7.42
0.97900,53.11,,7.45
0.97910,53.46,,7.42
0.97920,53.81,,7.32
0.97930,53.97,,7.35
0.97940,54.32,,7.45
0.97950,55.08,,7.49
0.97960,55.13,,7.45
0.97970,55.21,,7.38
0.97980,55.09,,7.42
0.97990,55.13,,7.59
0.98000,54.93,,7.56
0.98010,54.90,,7.52
0.98020,54.64,,7.49
0.98030,54.52,,7.45
0.98040,54.69,,7.64
0.98050,54.62,,7.66
0.98060,54.62,,7.64
0.98070,54.61,,7.52
0.98080,54.70,,7.59
0.98090,54.74,,7.71
0.98100,54.91,,7.81
0.98110,55.16,,7.64
0.98120,54.89,,7.66
0.98130,54.48,,7.64
0.98140,54.66,,7.66
0.98150,54.99,,7.79
0.98160,55.16,,7.81
0.98170,55.19,,7.81
0.98180,55.04,,7.79
0.98190,54.84,,7.81
0.98200,54.79,,7.86
0.98210,54.97,,7.74
0.98220,55.07,,7.79
0.98230,55.21,,7.89
0.98240,54.88,,7.94
0.98250,54.48,,7.97
0.98260,54.27,,7.94
0.98270,54.13,,7.81
0.98280,53.74,,7.81
0.98290,53.19,,7.86
0.98300,52.57,,8.13
0.98310,52.90,,8.19
0.98320,52.68,,8.05
0.98330,52.50,,8.02
0.98340,52.11,,7.97
0.98350,51.98,,7.86
0.98360,51.71,,8.05
0.98370,51.39,,8.13
0.98380,51.17,,8.10
0.98390,51.26,,8.21
0.98400,50.78,,8.10
0.98410,50.29,,8.05
0.98420,49.89,,8.10
0.98430,49.59,,8.30
0.98440,49.27,,8.27
0.98450,49.12,,8.21
0.98460,49.16,,8.19
0.98470,48.74,,8.05
0.98480,47.98,,8.30
0.98490,47.65,,8.36
0.98500,47.53,,8.38
0.98510,47.63,,8.27
0.98520,47.36,,8.38
0.98530,47.32,,8.36
0.98540,46.86,,8.30
0.98550,46.06,,8.27
0.98560,45.28,,8.38
0.98570,45.45,,8.47
0.98580,45.13,,8.45
0.98590,44.86,,8.47
0.98600,44.61,,8.45
0.98610,44.32,,8.38
0.98620,44.32,,8.54
0.98630,43.93,,8.47
0.98640,43.93,,8.45
0.98650,43.13,,8.38
0.98660,42.17,,8.54
0.98670,41.74,,8.65
0.98680,41.62,,8.75
0.98690,42.10,,8.73
0.98700,42.79,,8.56
0.98710,43.30,,8.54
0.98720,43.36,,8.56
0.98730,43.27,,8.54
0.98740,43.14,,8.65
0.98750,43.41,,8.73
0.98760,43.65,,8.84
0.98770,43.77,,8.84
0.98780,43.87,,8.63
0.98790,44.13,,8.65
0.98800,44.52,,8.82
0.98810,44.86,,8.84
0.98820,45.06,,8.73
0.98830,45.09,,8.75
0.98840,45.22,,8.73
0.98850,45.52,,8.75
0.98860,45.69,,8.82
0.98870,45.84,,8.94
0.98880,45.65,,8.94
0.98890,46.08,,8.82
0.98900,46.17,,8.84
0.98910,46.56,,8.82
0.98920,46.72,,8.94
0.98930,47.02,,9.13
0.98940,47.19,,9.15
0.98950,47.54,,9.13
0.98960,47.72,,8.94
0.98970,47.69,,8.65
0.98980,47.70,,8.73
0.98990,47.60,,8.94
0.99000,47.82,,9.34
0.99010,48.45,,9.36
0.99020,48.94,,9.13
0.99030,49.30,,9.04
0.99040,49.37,,8.92
0.99050,49.59,,8.94
0.99060,49.70,,9.23
0.99070,50.07,,9.25
0.99080,50.29,,9.15
0.99090,50.60,,9.13
0.99100,50.98,,9.04
0.99110,51.19,,9.13
0.99120,51.90,,9.36
0.99130,52.22,,9.23
0.99140,52.39,,9.25
0.99150,52.69,,9.34
0.99160,52.98,,9.15
0.99170,53.43,,9.15
0.99180,53.68,,9.23
0.99190,53.82,,9.36
0.99200,53.96,,9.34
0.99210,54.12,,9.36
0.99220,54.30,,9.34
0.99230,54.61,,9.25
0.99240,54.63,,9.23
0.99250,54.41,,9.36
0.99260,54.30,,9.45
0.99270,54.25,,9.47
0.99280,54.35,,9.47
0.99290,54.45,,9.34
0.99300,54.36,,9.36
0.99310,54.58,,9.45
0.99320,54.64,,9.47
0.99330,54.19,,9.45
0.99340,54.24,,9.47
0.99350,54.33,,9.45
0.99360,54.50,,9.47
0.99370,54.58,,9.47
0.99380,55.07,,9.80
0.99390,55.16,,9.58
0.99400,54.81,,9.57
0.99410,54.92,,9.36
0.99420,55.38,,9.45
0.99430,55.49,,9.47
0.99440,55.78,,9.57
0.99450,55.91,,9.81
0.99460,55.73,,9.80
0.99470,55.92,,9.58
0.99480,56.13,,9.58
0.99490,56.26,,9.57
0.99500,56.55,,9.70
0.99510,56.42,,9.69
0.99520,56.39,,9.81
0.99530,56.68,,9.93
0.99540,57.05,,9.58
0.99550,57.46,,9.23
0.99560,57.96,,9.58
0.99570,59.36,,10.06
0.99580,61.46,,9.93
0.99590,62.14,,9.81
0.99600,62.42,,9.80
0.99610,60.08,,9.36
0.99620,59.82,,9.34
0.99630,60.28,,9.94
0.99640,60.65,,10.45
0.99650,60.67,,10.32
0.99660,60.78,,10.18
0.99670,60.86,,9.81
0.99680,61.00,,9.70
0.99690,61.19,,9.57
0.99700,61.42,,9.81
0.99710,61.67,,10.05
0.99720,62.01,,10.06
0.99730,62.01,,9.80
0.99740,61.98,,9.70
0.99750,62.40,,9.93
0.99760,62.42,,10.06
0.99770,62.45,,10.19
0.99780,62.42,,10.18
0.99790,62.39,,9.94
0.99800,62.32,,9.80
0.99810,62.55,,9.94
0.99820,62.61,,9.93
0.99830,62.61,,10.32
0.99840,62.65,,10.18
0.99850,63.00,,10.19
0.99860,63.04,,9.93
0.99870,62.83,,9.81
0.99880,63.06,,9.94
0.99890,62.90,,10.18
0.99900,63.02,,10.19
0.99910,62.89,,10.31
0.99920,62.74,,10.32
0.99930,62.80,,10.05
0.99940,62.76,,10.06
0.99950,62.89,,10.05
0.99960,62.99,,10.19
0.99970,62.83,,10.19
0.99980,62.47,,10.31
0.99990,62.32,,10.32
1.00000,62.50,,10.18
1.00010,62.16,,10.32
1.00020,61.55,,10.05
1.00030,61.11,,10.19
1.00040,60.86,,10.18
1.00050,60.59,,10.32
1.00060,60.24,,10.31
1.00070,59.84,,10.32
1.00080,59.63,,10.32
1.00090,59.52,,10.45
1.00100,59.47,,10.32
1.00110,59.79,,10.31
1.00120,59.77,,10.32
1.00130,59.25,,10.18
1.00140,58.71,,10.32
1.00150,58.14,,10.45
1.00160,57.95,,10.32
1.00170,57.77,,10.45
1.00180,57.45,,10.45
1.00190,57.35,,10.32
1.00200,57.11,,10.45
1.00210,56.84,,10.45
1.00220,56.72,,10.45
1.00230,56.35,,10.32
1.00240,56.45,,10.45
1.00250,56.46,,10.59
1.00260,56.43,,10.45
1.00270,56.26,,10.45
1.00280,56.25,,10.32
1.00290,56.00,,10.18
1.00300,55.55,,10.59
1.00310,55.18,,10.59
1.00320,53.98,,10.45
1.00330,52.79,,10.45
1.00340,52.53,,10.32
1.00350,53.84,,10.45
1.00360,54.51,,10.45
1.00370,54.67,,10.59
1.00380,54.55,,10.59
1.00390,54.49,,10.73
1.00400,54.43,,10.73
1.00410,54.43,,10.45
1.00420,54.49,,10.31
1.00430,54.03,,10.32
1.00440,54.03,,10.45
1.00450,54.17,,10.59
1.00460,54.33,,10.59
1.00470,54.36,,10.73
1.00480,53.86,,10.73
1.00490,53.80,,10.45
1.00500,53.53,,10.45
1.00510,53.57,,10.45
1.00520,53.55,,10.45
1.00530,53.30,,10.73
1.00540,53.06,,10.73
1.00550,52.93,,10.73
1.00560,52.48,,10.59
1.00570,51.89,,10.45
1.00580,51.38,,10.31
1.00590,51.31,,10.59
1.00600,51.21,,10.59
1.00610,50.98,,10.88
1.00620,51.10,,10.88
1.00630,50.77,,10.73
1.00640,50.46,,10.73
1.00650,50.30,,10.45
1.00660,49.85,,10.59
1.00670,49.52,,10.59
1.00680,48.93,,10.73
1.00690,48.62,,10.73
1.00700,48.13,,10.73
1.00710,47.76,,10.73
1.00720,47.80,,10.59
1.00730,47.88,,10.59
1.00740,47.71,,10.59
1.00750,47.47,,10.59
1.00760,47.12,,10.88
1.00770,47.02,,10.73
1.00780,46.89,,10.73
1.00790,46.69,,10.73
1.00800,46.71,,10.59
1.00810,46.46,,10.45
1.00820,46.32,,10.73
1.00830,46.17,,10.88
1.00840,45.68,,10.88
1.00850,45.48,,10.88
1.00860,45.05,,10.59
1.00870,44.65,,10.73
1.00880,44.37,,10.59
1.00890,44.57,,10.73
1.00900,44.45,,10.88
1.00910,44.11,,10.73
1.00920,43.72,,10.73
1.00930,43.29,,10.73
1.00940,43.03,,10.73
1.00950,42.92,,10.59
1.00960,42.96,,10.73
1.00970,42.74,,10.73
1.00980,42.64,,10.88
1.00990,42.38,,10.78
1.01000,42.10,,10.83
1.01010,41.93,,10.73
1.01020,41.66,,10.73
1.01030,41.69,,10.73
1.01040,41.47,,10.73
1.01050,41.31,,10.73
1.01060,41.31,,10.73
1.01070,41.66,,10.88
1.01080,41.80,,10.88
1.01090,41.66,,10.73
1.01100,40.97,,10.88
1.01110,40.49,,10.73
1.01120,40.03,,10.73
1.01130,39.96,,10.73
1.01140,39.86,,10.73
1.01150,39.58,,10.88
1.01160,39.20,,10.88
1.01170,39.16,,10.88
1.01180,39.07,,10.88
1.01190,39.13,,10.88
1.01200,38.96,,10.88
1.01210,38.48,,10.73
1.01220,38.19,,10.73
1.01230,38.00,,10.73
1.01240,37.63,,10.73
1.01250,37.99,,10.73
1.01260,38.43,,10.88
1.01270,38.65,,11.02
1.01280,38.58,,11.02
1.01290,38.18,,11.03
1.01300,37.54,,10.88
1.01310,37.19,,10.73
1.01320,37.11,,10.59
1.01330,37.38,,10.88
1.01340,37.28,,11.02
1.01350,37.18,,11.03
1.01360,36.99,,11.02
1.01370,36.82,,10.88
1.01380,36.73,,10.73
1.01390,36.86,,10.83
1.01400,36.84,,10.78
1.01410,36.62,,10.88
1.01420,36.22,,11.03
1.01430,36.36,,11.18
1.01440,36.14,,10.88
1.01450,36.11,,10.88
1.01460,36.38,,10.73
1.01470,36.53,,10.73
1.01480,36.38,,10.73
1.01490,36.25,,10.88
1.01500,36.72,,11.02
1.01510,36.93,,11.03
1.01520,36.88,,10.88
1.01530,37.10,,10.88
1.01540,37.17,,10.88
1.01550,37.32,,10.88
1.01560,37.18,,10.88
1.01570,36.85,,11.03
1.01580,36.90,,11.02
1.01590,36.59,,10.88
1.01600,36.22,,10.73
1.01610,36.43,,10.88
1.01620,37.16,,10.73
1.01630,37.50,,10.88
1.01640,37.73,,10.88
1.01650,37.84,,11.02
1.01660,38.47,,11.03
1.01670,38.35,,11.02
1.01680,38.02,,10.88
1.01690,37.83,,10.88
1.01700,37.94,,10.73
1.01710,38.41,,10.73
1.01720,38.54,,10.88
1.01730,38.41,,11.03
1.01740,38.37,,11.18
1.01750,38.04,,10.88
1.01760,37.75,,10.73
1.01770,37.73,,10.59
1.01780,38.01,,10.73
1.01790,38.39,,10.88
1.01800,38.73,,11.03
1.01810,38.50,,11.18
1.01820,38.17,,11.03
1.01830,38.05,,10.97
1.01840,38.08,,10.78
1.01850,38.14,,10.59
1.01860,38.11,,10.88
1.01870,38.74,,10.88
1.01880,38.99,,10.97
1.01890,39.13,,11.13
1.01900,39.23,,11.13
1.01910,39.09,,10.88
1.01920,39.06,,10.59
1.01930,39.22,,10.73
1.01940,39.72,,10.59
1.01950,39.42,,10.88
1.01960,39.42,,11.02
1.01970,39.42,,11.03
1.01980,39.80,,10.88
1.01990,40.00,,10.88
1.02000,40.10,,10.88
1.02010,39.81,,10.88
1.02020,39.70,,10.73
1.02030,39.87,,10.83
1.02040,39.76,,10.78
1.02050,39.91,,10.88
1.02060,40.13,,11.03
1.02070,40.36,,10.88
1.02080,40.67,,10.73
1.02090,40.93,,10.73
1.02100,41.47,,10.73
1.02110,41.76,,11.03
1.02120,41.73,,11.02
1.02130,41.75,,10.93
1.02140,41.71,,10.97
1.02150,41.67,,10.73
1.02160,41.98,,10.73
1.02170,42.06,,10.73
1.02180,42.24,,10.73
1.02190,42.69,,10.88
1.02200,42.99,,10.88
1.02210,42.93,,11.02
1.02220,43.12,,10.83
1.02230,43.41,,10.78
1.02240,43.15,,10.59
1.02250,42.97,,10.73
1.02260,42.99,,10.88
1.02270,43.46,,10.88
1.02280,43.50,,11.02
1.02290,43.33,,11.03
1.02300,42.83,,11.02
1.02310,42.36,,10.88
1.02320,42.01,,10.59
1.02330,41.88,,10.59
1.02340,41.86,,10.59
1.02350,42.39,,10.73
1.02360,42.99,,11.02
1.02370,42.99,,11.03
1.02380,42.54,,11.07
1.02390,42.43,,10.97
1.02400,41.82,,10.73
1.02410,42.10,,10.59
1.02420,42.16,,10.59
1.02430,42.85,,10.73
1.02440,43.37,,10.88
1.02450,43.80,,11.02
1.02460,44.23,,11.19
1.02470,44.29,,10.88
1.02480,44.39,,10.73
1.02490,44.20,,10.45
1.02500,44.30,,10.73
1.02510,44.43,,10.88
1.02520,43.82,,10.88
1.02530,43.59,,11.03
1.02540,43.79,,10.88
1.02550,44.24,,10.88
1.02560,44.49,,10.73
1.02570,44.80,,10.73
1.02580,44.91,,10.88
1.02590,44.87,,10.88
1.02600,44.93,,10.73
1.02610,45.15,,10.88
1.02620,45.45,,10.88
1.02630,45.54,,10.88
1.02640,45.67,,10.88
1.02650,45.97,,10.73
1.02660,46.31,,10.88
1.02670,46.32,,10.73
1.02680,46.30,,10.88
1.02690,45.94,,10.73
1.02700,45.88,,10.73
1.02710,45.96,,10.73
1.02720,46.45,,10.88
1.02730,47.41,,10.88
1.02740,47.73,,11.02
1.02750,47.89,,10.88
1.02760,47.87,,10.73
1.02770,48.09,,10.73
1.02780,48.34,,10.73
1.02790,48.65,,10.73
1.02800,48.50,,10.73
1.02810,48.77,,10.73
1.02820,49.07,,10.88
1.02830,49.40,,10.73
1.02840,49.37,,10.88
1.02850,49.63,,10.88
1.02860,49.74,,10.88
1.02870,50.10,,10.88
1.02880,49.94,,10.73
1.02890,50.16,,10.88
1.02900,50.42,,10.59
1.02910,50.40,,10.73
1.02920,50.28,,10.73
1.02930,50.48,,10.73
1.02940,50.85,,10.88
1.02950,50.91,,10.88
1.02960,50.77,,10.88
1.02970,50.61,,10.73
1.02980,50.15,,10.73
1.02990,50.07,,10.59
1.03000,50.37,,10.73
1.03010,50.70,,10.73
1.03020,50.84,,11.03
1.03030,51.11,,11.02
1.03040,51.07,,10.88
1.03050,50.56,,10.88
1.03060,49.98,,10.59
1.03070,49.92,,10.45
1.03080,50.14,,10.59
1.03090,50.54,,10.88
1.03100,50.80,,10.88
1.03110,50.13,,11.03
1.03120,49.55,,10.73
1.03130,50.12,,10.73
1.03140,50.37,,10.59
1.03150,50.57,,10.59
1.03160,50.46,,10.73
1.03170,50.35,,10.88
1.03180,50.25,,11.02
1.03190,50.19,,10.88
1.03200,49.91,,10.73
1.03210,49.94,,10.73
1.03220,49.89,,10.59
1.03230,49.43,,10.73
1.03240,49.04,,10.83
1.03250,48.49,,10.78
1.03260,48.78,,10.73
1.03270,48.95,,10.73
1.03280,49.02,,10.73
1.03290,48.62,,10.88
1.03300,48.12,,10.73
1.03310,47.76,,10.73
1.03320,47.85,,10.73
1.03330,47.75,,10.73
1.03340,48.16,,10.88
1.03350,48.27,,10.88
1.03360,47.67,,10.73
1.03370,47.58,,10.73
1.03380,47.86,,10.59
1.03390,47.98,,10.59
1.03400,47.77,,10.73
1.03410,47.44,,10.88
1.03420,47.27,,10.88
1.03430,47.07,,10.59
1.03440,47.17,,10.73
1.03450,47.43,,10.73
1.03460,47.30,,10.73
1.03470,46.89,,10.73
1.03480,46.48,,10.73
1.03490,46.67,,10.73
1.03500,46.50,,10.59
1.03510,46.49,,10.88
1.03520,46.64,,10.73
1.03530,47.11,,10.73
1.03540,47.44,,10.59
1.03550,47.29,,10.73
1.03560,47.32,,10.73
1.03570,47.29,,10.59
1.03580,47.20,,10.73
1.03590,47.04,,10.73
1.03600,46.80,,10.73
1.03610,46.58,,10.73
1.03620,46.07,,10.73
1.03630,46.13,,10.59
1.03640,45.95,,10.59
1.03650,45.86,,10.45
1.03660,46.04,,10.59
1.03670,46.17,,10.88
1.03680,46.40,,10.88
1.03690,46.22,,10.88
1.03700,46.17,,10.73
1.03710,46.34,,10.59
1.03720,45.69,,10.32
1.03730,44.92,,10.31
1.03740,44.88,,10.59
1.03750,45.31,,10.73
1.03760,45.31,,11.02
1.03770,44.83,,11.03
1.03780,44.43,,10.73
1.03790,43.72,,10.59
1.03800,43.60,,10.31
1.03810,44.05,,10.45
1.03820,44.25,,10.59
1.03830,44.03,,10.88
1.03840,43.54,,11.03
1.03850,43.10,,10.88
1.03860,43.22,,10.45
1.03870,43.05,,10.32
1.03880,43.13,,10.45
1.03890,42.83,,10.59
1.03900,42.57,,10.73
1.03910,42.41,,10.73
1.03920,42.51,,10.88
1.03930,42.34,,10.59
1.03940,42.02,,10.32
1.03950,41.68,,10.59
1.03960,41.45,,10.59
1.03970,41.37,,10.88
1.03980,40.82,,10.88
1.03990,40.34,,10.73
1.04000,40.05,,10.59
1.04010,40.11,,10.45
1.04020,39.96,,10.31
1.04030,39.65,,10.45
1.04040,39.60,,10.73
1.04050,39.55,,10.73
1.04060,39.38,,10.73
1.04070,39.14,,10.73
1.04080,38.97,,10.45
1.04090,38.98,,10.32
1.04100,39.22,,10.45
1.04110,39.09,,10.45
1.04120,38.99,,10.73
1.04130,38.69,,10.88
1.04140,38.33,,10.78
1.04150,37.93,,10.68
1.04160,37.49,,10.32
1.04170,37.63,,10.45
1.04180,37.89,,10.45
1.04190,37.77,,10.59
1.04200,37.54,,10.59
1.04210,37.53,,10.59
1.04220,37.31,,10.59
1.04230,37.09,,10.59
1.04240,36.31,,10.45
1.04250,36.00,,10.45
1.04260,36.12,,10.31
1.04270,36.40,,10.45
1.04280,36.72,,10.73
1.04290,36.45,,10.73
1.04300,36.16,,10.73
1.04310,35.38,,10.45
1.04320,35.31,,10.32
1.04330,35.29,,10.18
1.04340,35.35,,10.32
1.04350,34.97,,10.45
1.04360,34.85,,10.59
1.04370,34.65,,10.59
1.04380,34.88,,10.59
1.04390,35.01,,10.45
1.04400,34.47,,10.45
1.04410,34.08,,10.32
1.04420,34.70,,10.31
1.04430,35.22,,10.45
1.04440,35.52,,10.45
1.04450,35.88,,10.59
1.04460,35.96,,10.45
1.04470,35.68,,10.45
1.04480,35.39,,10.05
1.04490,35.50,,10.32
1.04500,35.49,,10.32
1.04510,35.74,,10.59
1.04520,35.80,,10.45
1.04530,35.68,,10.45
1.04540,35.85,,10.19
1.04550,36.22,,10.05
1.04560,36.28,,10.06
1.04570,36.31,,10.45
1.04580,36.84,,10.45
1.04590,36.89,,10.45
1.04600,37.00,,10.31
1.04610,36.88,,10.32
1.04620,36.99,,10.05
1.04630,36.96,,10.19
1.04640,37.08,,10.18
1.04650,37.37,,10.19
1.04660,37.51,,10.45
1.04670,37.64,,10.32
1.04680,37.59,,10.31
1.04690,38.00,,10.19
1.04700,37.98,,10.19
1.04710,38.11,,10.05
1.04720,38.37,,10.19
1.04730,38.68,,10.18
1.04740,38.95,,10.19
1.04750,38.90,,10.05
1.04760,38.98,,10.06
1.04770,39.30,,9.93
1.04780,40.04,,10.06
1.04790,40.41,,10.19
1.04800,40.81,,10.18
1.04810,41.00,,10.06
1.04820,41.93,,10.05
1.04830,42.83,,10.06
1.04840,43.43,,9.93
1.04850,43.42,,10.06
1.04860,43.72,,10.05
1.04870,43.94,,9.81
1.04880,43.73,,9.80
1.04890,43.85,,9.81
1.04900,43.65,,9.94
1.04910,44.30,,10.05
1.04920,44.56,,10.06
1.04930,44.91,,9.93
1.04940,45.13,,9.81
1.04950,45.65,,9.80
1.04960,46.41,,9.81
1.04970,46.53,,9.93
1.04980,46.28,,9.94
1.04990,46.62,,9.81
1.05000,46.99,,9.69
1.05010,47.13,,9.70
1.05020,47.48,,9.57
1.05030,47.39,,9.58
1.05040,47.51,,9.80
1.05050,47.61,,9.81
1.05060,47.57,,9.93
1.05070,47.88,,9.81
1.05080,47.96,,9.69
1.05090,48.51,,9.58
1.05100,48.22,,9.47
1.05110,48.10,,9.45
1.05120,47.93,,9.70
1.05130,48.05,,9.80
1.05140,48.03,,9.81
1.05150,47.87,,9.69
1.05160,48.02,,9.58
1.05170,48.22,,9.34
1.05180,48.14,,9.47
1.05190,48.62,,9.58
1.05200,48.13,,9.57
1.05210,47.44,,9.58
1.05220,47.45,,9.45
1.05230,46.83,,9.47
1.05240,46.94,,9.45
1.05250,47.20,,9.36
1.05260,47.99,,9.45
1.05270,49.31,,9.36
1.05280,50.78,,9.34
1.05290,51.80,,9.47
1.05300,53.58,,9.47
1.05310,53.47,,9.34
1.05320,52.73,,9.15
1.05330,52.65,,9.13
1.05340,54.01,,9.36
1.05350,54.71,,9.45
1.05360,55.21,,9.47
1.05370,55.83,,9.45
1.05380,56.64,,9.25
1.05390,57.06,,9.25
1.05400,56.81,,9.23
1.05410,56.64,,9.36
1.05420,56.73,,9.13
1.05430,57.10,,9.25
1.05440,57.67,,9.23
1.05450,58.93,,9.36
1.05460,59.94,,9.34
1.05470,60.44,,9.25
1.05480,60.67,,9.23
1.05490,60.32,,9.15
1.05500,59.89,,9.04
1.05510,59.75,,9.13
1.05520,59.46,,9.04
1.05530,59.82,,9.23
1.05540,60.14,,9.47
1.05550,60.63,,9.45
1.05560,60.55,,9.36
1.05570,59.02,,9.13
1.05580,58.79,,8.84
1.05590,59.92,,8.94
1.05600,60.88,,9.23
1.05610,61.67,,9.58
1.05620,61.97,,9.69
1.05630,61.56,,9.36
1.05640,61.45,,9.02
1.05650,60.99,,8.75
1.05660,60.95,,8.82
1.05670,60.58,,9.25
1.05680,60.25,,9.57
1.05690,59.97,,9.36
1.05700,59.34,,9.25
1.05710,59.62,,9.02
1.05720,60.25,,9.15
1.05730,60.74,,9.23
1.05740,60.68,,9.36
1.05750,60.20,,9.23
1.05760,60.58,,9.04
1.05770,61.25,,9.02
1.05780,61.85,,9.15
1.05790,62.23,,9.15
1.05800,62.43,,9.45
1.05810,62.08,,9.25
1.05820,61.97,,9.13
1.05830,61.36,,9.04
1.05840,59.56,,9.13
1.05850,58.71,,9.15
1.05860,59.08,,9.23
1.05870,58.28,,9.25
1.05880,58.14,,9.34
1.05890,58.60,,9.15
1.05900,58.73,,9.25
1.05910,58.57,,9.13
1.05920,58.21,,9.15
1.05930,57.47,,9.02
1.05940,57.82,,9.15
1.05950,58.75,,9.34
1.05960,59.33,,9.36
1.05970,58.97,,9.34
1.05980,59.08,,9.15
1.05990,59.19,,9.13
1.06000,58.84,,9.25
1.06010,58.79,,9.36
1.06020,57.83,,9.34
1.06030,56.74,,9.15
1.06040,56.43,,9.13
1.06050,55.84,,9.15
1.06060,56.64,,9.23
1.06070,56.44,,9.36
1.06080,56.11,,9.45
1.06090,56.23,,9.36
1.06100,55.79,,9.47
1.06110,54.89,,9.34
1.06120,54.29,,9.15
1.06130,54.43,,9.13
1.06140,54.28,,9.36
1.06150,53.60,,9.23
1.06160,52.69,,9.36
1.06170,52.47,,9.34
1.06180,52.48,,9.25
1.06190,51.50,,9.34
1.06200,50.59,,9.36
1.06210,49.35,,9.36
1.06220,48.94,,9.45
1.06230,48.04,,9.15
1.06240,47.16,,9.23
1.06250,46.01,,9.25
1.06260,45.13,,9.13
1.06270,44.74,,9.25
1.06280,43.98,,9.45
1.06290,44.02,,9.47
1.06300,43.34,,9.47
1.06310,42.46,,9.34
1.06320,42.71,,9.15
1.06330,43.76,,9.34
1.06340,43.43,,9.47
1.06350,43.60,,9.57
1.06360,43.48,,9.15
1.06370,43.40,,9.13
1.06380,43.37,,9.04
1.06390,42.76,,9.23
1.06400,42.64,,9.70
1.06410,42.05,,9.58
1.06420,41.78,,9.23
1.06430,41.32,,9.25
1.06440,41.04,,9.13
1.06450,40.53,,9.36
1.06460,40.12,,9.57
1.06470,39.62,,9.36
1.06480,38.85,,9.23
1.06490,38.50,,8.94
1.06500,38.34,,8.65
1.06510,38.20,,9.23
1.06520,37.93,,9.58
1.06530,37.56,,9.93
1.06540,37.00,,10.06
1.06550,36.69,,9.34
1.06560,35.83,,9.04
1.06570,35.05,,8.92
1.06580,34.03,,9.15
1.06590,33.06,,9.23
1.06600,31.68,,9.47
1.06610,30.36,,9.36
1.06620,29.38,,9.34
1.06630,29.01,,9.36
1.06640,28.24,,9.45
1.06650,27.16,,9.15
1.06660,26.36,,9.23
1.06670,25.37,,9.25
1.06680,23.60,,9.23
1.06690,22.09,,9.58
1.06700,20.86,,9.47
1.06710,19.52,,9.34
1.06720,18.07,,9.36
1.06730,17.53,,9.02
1.06740,17.08,,9.04
1.06750,16.15,,9.34
1.06760,15.64,,9.58
1.06770,15.04,,9.57
1.06780,14.19,,9.25
1.06790,13.13,,9.02
1.06800,12.79,,8.94
1.06810,11.96,,9.15
1.06820,11.50,,9.57
1.06830,10.62,,9.70
1.06840,9.88,,9.45
1.06850,8.86,,9.15
1.06860,7.73,,8.82
1.06870,6.76,,8.94
1.06880,6.04,,9.34
1.06890,4.82,,9.47
1.06900,3.28,,9.58
1.06910,1.51,,9.34
1.06920,0.15,,9.04
1.06930,-1.02,,8.82
1.06940,-2.49,,8.84
1.06950,-3.56,,9.13
1.06960,-4.14,,9.36
1.06970,-4.73,,9.23
1.06980,-5.17,,9.15
1.06990,-5.39,,8.92
1.07000,-5.18,,9.04
1.07010,-4.83,,9.15
1.07020,-5.28,,9.23
1.07030,-5.82,,9.25
1.07040,-6.50,,9.02
1.07050,-6.61,,8.94
1.07060,-6.87,,8.73
1.07070,-6.56,,8.94
1.07080,-6.34,,8.92
1.07090,-5.64,,9.04
1.07100,-4.72,,8.94
1.07110,-4.14,,9.02
1.07120,-3.79,,8.94
1.07130,-3.41,,8.92
1.07140,-3.28,,8.94
1.07150,-3.19,,8.92
1.07160,-2.97,,8.75
1.07170,-3.03,,8.73
1.07180,-2.10,,8.75
1.07190,-1.51,,8.82
1.07200,-1.06,,8.84
1.07210,-0.63,,8.65
1.07220,-0.26,,8.54
1.07230,0.01,,8.47
1.07240,0.54,,8.73
1.07250,1.54,,8.94
1.07260,2.45,,9.02
1.07270,3.09,,8.94
1.07280,3.88,,8.63
1.07290,4.79,,8.38
1.07300,5.99,,8.38
1.07310,7.02,,8.54
1.07320,8.00,,8.65
1.07330,8.75,,8.73
1.07340,9.74,,8.56
1.07350,10.65,,8.36
1.07360,10.90,,8.38
1.07370,11.52,,8.54
1.07380,11.89,,8.84
1.07390,12.16,,8.73
1.07400,12.17,,8.56
1.07410,12.48,,8.13
1.07420,11.77,,8.10
1.07430,12.21,,8.30
1.07440,13.10,,8.54
1.07450,13.99,,8.56
1.07460,15.07,,8.36
1.07470,15.70,,8.13
1.07480,16.27,,8.27
1.07490,16.92,,8.38
1.07500,17.50,,8.84
1.07510,17.13,,8.73
1.07520,17.57,,8.38
1.07530,17.49,,7.94
1.07540,17.55,,7.97
1.07550,18.04,,8.10
1.07560,18.86,,8.30
1.07570,19.31,,8.19
1.07580,19.55,,8.13
1.07590,19.13,,8.02
1.07600,18.33,,8.13
1.07610,18.50,,8.38
1.07620,19.21,,8.63
1.07630,19.36,,8.30
1.07640,19.21,,7.79
1.07650,19.40,,7.66
1.07660,19.27,,7.86
1.07670,19.28,,8.30
1.07680,18.77,,8.19
1.07690,18.08,,7.97
1.07700,16.63,,7.59
1.07710,15.51,,7.79
1.07720,15.75,,8.13
1.07730,15.40,,8.27
1.07740,14.95,,8.13
1.07750,14.89,,7.94
1.07760,15.56,,7.81
1.07770,17.69,,7.86
1.07780,18.81,,7.81
1.07790,18.38,,7.56
1.07800,18.27,,7.59
1.07810,18.34,,7.66
1.07820,18.94,,7.86
1.07830,19.02,,7.97
1.07840,19.79,,7.86
1.07850,20.29,,7.81
1.07860,20.73,,7.64
1.07870,20.92,,7.59
1.07880,21.23,,7.64
1.07890,21.30,,7.52
1.07900,21.36,,7.45
1.07910,21.39,,7.49
1.07920,21.70,,7.45
1.07930,22.15,,7.79
1.07940,22.33,,7.66
1.07950,22.70,,7.56
1.07960,22.58,,7.45
1.07970,22.71,,7.35
1.07980,23.00,,7.45
1.07990,23.39,,7.49
1.08000,23.70,,7.32
1.08010,24.51,,7.32
1.08020,25.57,,7.22
1.08030,26.25,,7.32
1.08040,26.80,,7.49
1.08050,27.31,,7.38
1.08060,27.60,,7.29
1.08070,27.72,,7.19
1.08080,28.11,,7.15
1.08090,28.52,,7.25
1.08100,29.22,,7.19
1.08110,29.91,,7.09
1.08120,30.45,,7.12
1.08130,30.98,,7.15
1.08140,31.37,,7.19
1.08150,31.78,,7.09
1.08160,32.11,,6.94
1.08170,32.04,,6.85
1.08180,32.06,,6.94
1.08190,32.49,,7.15
1.08200,33.33,,7.00
1.08210,34.23,,6.82
1.08220,34.51,,6.85
1.08230,34.96,,7.06
1.08240,35.29,,6.97
1.08250,35.24,,6.82
1.08260,35.09,,6.67
1.08270,34.96,,6.76
1.08280,35.83,,6.85
1.08290,36.80,,7.00
1.08300,37.93,,6.88
1.08310,39.00,,6.73
1.08320,39.81,,6.65
1.08330,40.40,,6.67
1.08340,40.74,,6.71
1.08350,41.20,,6.73
1.08360,41.93,,6.71
1.08370,42.58,,6.73
1.08380,43.17,,6.71
1.08390,43.78,,6.73
1.08400,44.80,,6.60
1.08410,45.31,,6.49
1.08420,45.61,,6.62
1.08430,45.71,,6.60
1.08440,46.05,,6.67
1.08450,46.20,,6.65
1.08460,46.37,,6.51
1.08470,46.37,,6.60
1.08480,46.68,,6.56
1.08490,47.07,,6.54
1.08500,47.50,,6.49
1.08510,48.20,,6.51
1.08520,48.95,,6.49
1.08530,49.27,,6.46
1.08540,49.42,,6.49
1.08550,49.91,,6.51
1.08560,50.58,,6.54
1.08570,51.42,,6.40
1.08580,52.17,,6.39
1.08590,52.90,,6.30
1.08600,53.68,,6.39
1.08610,54.62,,6.39
1.08620,55.47,,6.40
1.08630,56.32,,6.34
1.08640,57.60,,6.35
1.08650,58.89,,6.29
1.08660,59.74,,6.30
1.08670,60.34,,6.29
1.08680,60.58,,6.40
1.08690,60.89,,6.34
1.08700,61.21,,6.25
1.08710,61.53,,6.19
1.08720,62.36,,6.29
1.08730,63.40,,6.40
1.08740,64.86,,6.39
1.08750,65.94,,6.11
1.08760,66.25,,6.19
1.08770,66.62,,6.35
1.08780,67.29,,6.34
1.08790,68.20,,6.30
1.08800,69.05,,6.24
1.08810,70.01,,6.24
1.08820,70.41,,6.20
1.08830,70.31,,6.34
1.08840,70.87,,6.35
1.08850,72.16,,6.29
1.08860,72.88,,6.20
1.08870,73.19,,6.10
1.08880,73.13,,6.30
1.08890,73.21,,6.39
1.08900,73.57,,6.30
1.08910,73.91,,6.10
1.08920,73.51,,6.19
1.08930,72.90,,6.25
1.08940,72.68,,6.34
1.08950,73.03,,6.20
1.08960,73.20,,6.19
1.08970,73.54,,6.20
1.08980,73.67,,6.19
1.08990,74.27,,6.35
1.09000,75.38,,6.39
1.09010,76.07,,6.44
1.09020,76.34,,6.20
1.09030,76.03,,6.19
1.09040,75.08,,6.30
1.09050,74.02,,6.49
1.09060,74.16,,6.40
1.09070,74.59,,6.29
1.09080,74.78,,6.20
1.09090,75.18,,6.39
1.09100,75.11,,6.51
1.09110,75.30,,6.29
1.09120,75.15,,6.39
1.09130,74.66,,6.30
1.09140,74.51,,6.60
1.09150,73.75,,6.40
1.09160,73.07,,6.44
1.09170,72.35,,6.46
1.09180,72.06,,6.49
1.09190,71.97,,6.51
1.09200,71.52,,6.49
1.09210,71.04,,6.49
1.09220,70.74,,6.56
1.09230,70.45,,6.60
1.09240,70.56,,6.56
1.09250,70.38,,6.49
1.09260,70.14,,6.62
1.09270,70.07,,6.60
1.09280,69.80,,6.73
1.09290,69.55,,6.71
1.09300,69.77,,6.67
1.09310,70.02,,6.65
1.09320,69.62,,6.71
1.09330,69.46,,6.62
1.09340,69.07,,6.76
1.09350,68.83,,6.79
1.09360,68.50,,6.71
1.09370,67.94,,6.85
1.09380,67.59,,6.82
1.09390,67.18,,6.85
1.09400,66.38,,6.82
1.09410,65.55,,6.82
1.09420,64.29,,6.85
1.09430,63.41,,6.82
1.09440,63.26,,6.97
1.09450,62.88,,7.00
1.09460,62.67,,6.97
1.09470,62.24,,6.82
1.09480,61.36,,6.91
1.09490,59.81,,7.06
1.09500,58.98,,7.15
1.09510,59.19,,7.00
1.09520,59.15,,7.06
1.09530,58.57,,6.97
1.09540,58.46,,7.19
1.09550,58.18,,7.09
1.09560,58.24,,7.12
1.09570,58.34,,7.09
1.09580,58.35,,7.06
1.09590,58.15,,7.22
1.09600,58.06,,7.25
1.09610,57.84,,7.19
1.09620,57.55,,7.35
1.09630,57.48,,7.19
1.09640,57.21,,7.22
1.09650,56.59,,7.19
1.09660,56.32,,7.22
1.09670,55.98,,7.45
1.09680,55.98,,7.49
1.09690,56.30,,7.38
1.09700,56.12,,7.15
1.09710,55.91,,7.32
1.09720,56.11,,7.32
1.09730,56.74,,7.56
1.09740,57.35,,7.52
1.09750,57.71,,7.35
1.09760,58.02,,7.45
1.09770,58.12,,7.49
1.09780,58.56,,7.45
1.09790,58.72,,7.49
1.09800,58.62,,7.59
1.09810,59.14,,7.45
1.09820,59.37,,7.49
1.09830,59.75,,7.59
1.09840,60.11,,7.64
1.09850,60.32,,7.59
1.09860,60.24,,7.64
1.09870,60.29,,7.59
1.09880,60.33,,7.64
1.09890,60.17,,7.45
1.09900,59.91,,7.71
1.09910,60.11,,7.81
1.09920,61.22,,7.81
1.09930,62.10,,7.79
1.09940,62.47,,7.66
1.09950,62.69,,7.64
1.09960,62.76,,7.74
1.09970,62.96,,7.79
1.09980,63.02,,7.89
1.09990,63.33,,7.79
1.10000,63.53,,7.74
1.10010,63.72,,7.89
1.10020,63.84,,7.79
1.10030,63.85,,7.89
1.10040,63.74,,7.94
1.10050,64.11,,7.89
1.10060,63.78,,7.79
1.10070,63.76,,7.81
1.10080,64.11,,7.86
1.10090,64.72,,7.97
1.10100,65.39,,8.10
1.10110,66.14,,8.05
1.10120,66.81,,7.97
1.10130,67.11,,7.94
1.10140,67.53,,7.97
1.10150,67.78,,8.02
1.10160,67.54,,8.05
1.10170,67.65,,8.02
1.10180,67.55,,7.97
1.10190,67.57,,8.10
1.10200,67.49,,8.13
1.10210,67.41,,8.13
1.10220,67.40,,8.02
1.10230,66.91,,8.13
1.10240,66.98,,8.10
1.10250,67.06,,8.21
1.10260,66.60,,8.27
1.10270,66.88,,8.13
1.10280,67.13,,8.10
1.10290,67.01,,8.21
1.10300,66.61,,8.19
1.10310,66.47,,8.21
1.10320,66.37,,8.21
1.10330,66.08,,8.27
1.10340,66.32,,8.30
1.10350,66.10,,8.36
1.10360,66.04,,8.13
1.10370,65.24,,8.27
1.10380,65.43,,8.38
1.10390,65.53,,8.45
1.10400,65.32,,8.30
1.10410,64.99,,8.30
1.10420,64.65,,8.19
1.10430,64.50,,8.38
1.10440,64.75,,8.54
1.10450,65.22,,8.65
1.10460,65.42,,8.45
1.10470,65.50,,8.21
1.10480,65.35,,8.27
1.10490,65.34,,8.38
1.10500,65.57,,8.54
1.10510,65.37,,8.65
1.10520,65.18,,8.38
1.10530,65.08,,8.36
1.10540,64.74,,8.38
1.10550,64.57,,8.54
1.10560,64.33,,8.56
1.10570,64.12,,8.63
1.10580,63.45,,8.56
1.10590,63.24,,8.45
1.10600,62.63,,8.38
1.10610,62.18,,8.56
1.10620,61.40,,8.73
1.10630,61.03,,8.75
1.10640,60.81,,8.54
1.10650,60.37,,8.38
1.10660,59.88,,8.54
1.10670,59.62,,8.75
1.10680,59.46,,8.82
1.10690,58.25,,8.75
1.10700,56.92,,8.63
1.10710,56.64,,8.65
1.10720,56.50,,8.56
1.10730,56.27,,8.73
1.10740,55.30,,8.84
1.10750,54.40,,8.82
1.10760,53.52,,8.75
1.10770,52.97,,8.73
1.10780,52.49,,8.65
1.10790,52.09,,8.73
1.10800,51.53,,8.84
1.10810,50.90,,9.04
1.10820,50.46,,9.02
1.10830,50.21,,8.84
1.10840,49.69,,8.63
1.10850,49.27,,8.56
1.10860,48.06,,8.73
1.10870,50.22,,9.04
1.10880,50.89,,9.23
1.10890,50.30,,9.25
1.10900,50.26,,8.92
1.10910,49.82,,8.47
1.10920,47.48,,8.65
1.10930,46.69,,9.02
1.10940,46.11,,9.15
1.10950,45.12,,9.23
1.10960,45.23,,9.04
1.10970,44.57,,8.73
1.10980,43.97,,8.94
1.10990,44.14,,8.92
1.11000,43.31,,9.36
1.11010,41.59,,9.36
1.11020,40.22,,8.92
1.11030,36.63,,8.75
1.11040,36.55,,8.92
1.11050,36.71,,8.94
1.11060,36.98,,9.23
1.11070,37.01,,9.47
1.11080,38.67,,9.34
1.11090,39.12,,9.15
1.11100,38.62,,9.02
1.11110,38.17,,9.04
1.11120,37.44,,9.15
1.11130,36.44,,9.23
1.11140,35.54,,9.15
1.11150,34.76,,9.23
1.11160,33.83,,9.15
1.11170,32.94,,9.13
1.11180,32.25,,9.15
1.11190,31.52,,9.34
1.11200,31.11,,9.36
1.11210,30.94,,9.25
1.11220,30.75,,9.34
1.11230,30.38,,9.15
1.11240,30.11,,9.34
1.11250,30.10,,9.36
1.11260,29.98,,9.23
1.11270,29.41,,9.25
1.11280,28.94,,9.34
1.11290,28.59,,9.36
1.11300,28.67,,9.34
1.11310,28.23,,9.47
1.11320,28.02,,9.36
1.11330,28.10,,9.45
1.11340,27.93,,9.36
1.11350,27.35,,9.34
1.11360,26.48,,9.47
1.11370,25.90,,9.34
1.11380,25.87,,9.47
1.11390,26.36,,9.45
1.11400,26.97,,9.58
1.11410,26.97,,9.45
1.11420,26.50,,9.47
1.11430,25.97,,9.47
1.11440,25.30,,9.45
1.11450,25.03,,9.36
1.11460,25.11,,9.57
1.11470,25.59,,9.58
1.11480,25.54,,9.57
1.11490,25.42,,9.47
1.11500,25.42,,9.45
1.11510,25.71,,9.47
1.11520,26.24,,9.47
1.11530,26.61,,9.69
1.11540,26.80,,9.70
1.11550,26.44,,9.57
1.11560,25.94,,9.47
1.11570,26.09,,9.57
1.11580,26.73,,9.70
1.11590,27.27,,9.57
1.11600,27.94,,9.70
1.11610,28.41,,9.69
1.11620,28.51,,9.58
1.11630,28.56,,9.58
1.11640,28.72,,9.57
1.11650,29.12,,9.70
1.11660,29.54,,9.69
1.11670,29.79,,9.70
1.11680,29.99,,9.69
1.11690,30.31,,9.58
1.11700,30.73,,9.69
1.11710,31.11,,9.70
1.11720,31.57,,9.70
1.11730,31.80,,9.69
1.11740,31.86,,9.81
1.11750,31.78,,9.80
1.11760,32.03,,9.70
1.11770,32.14,,9.69
1.11780,32.44,,9.70
1.11790,32.95,,9.80
1.11800,33.02,,9.94
1.11810,33.10,,9.93
1.11820,32.84,,9.81
1.11830,32.79,,9.70
1.11840,33.02,,9.69
1.11850,33.61,,9.94
1.11860,34.16,,9.93
1.11870,34.24,,10.06
1.11880,34.12,,9.93
1.11890,33.85,,9.94
1.11900,34.15,,9.69
1.11910,34.07,,9.81
1.11920,34.15,,9.81
1.11930,34.07,,9.93
1.11940,34.52,,9.94
1.11950,35.01,,10.05
1.11960,35.77,,10.06
1.11970,36.12,,9.93
1.11980,36.01,,10.06
1.11990,36.19,,9.93
1.12000,36.68,,9.94
1.12010,37.37,,10.05
1.12020,38.10,,9.94
1.12030,38.83,,9.94
1.12040,39.44,,10.05
1.12050,39.94,,9.94
1.12060,40.38,,10.05
1.12070,41.34,,10.06
1.12080,42.79,,10.18
1.12090,43.88,,10.06
1.12100,44.94,,10.18
1.12110,46.35,,10.06
1.12120,47.41,,10.06
1.12130,48.68,,9.93
1.12140,49.81,,9.94
1.12150,50.75,,10.05
1.12160,51.48,,10.06
1.12170,52.37,,10.18
1.12180,52.98,,10.19
1.12190,53.49,,10.18
1.12200,53.80,,10.19
1.12210,53.96,,9.93
1.12220,54.51,,10.06
1.12230,55.23,,10.06
1.12240,55.72,,10.31
1.12250,56.37,,10.32
1.12260,57.26,,10.31
1.12270,58.06,,10.32
1.12280,58.88,,10.05
1.12290,59.52,,9.94
1.12300,59.84,,9.93
1.12310,60.39,,10.06
1.12320,61.04,,10.32
1.12330,61.77,,10.45
1.12340,62.45,,10.45
1.12350,62.82,,10.31
1.12360,62.99,,10.06
1.12370,63.55,,10.05
1.12380,64.62,,10.19
1.12390,65.59,,10.31
1.12400,66.23,,10.45
1.12410,66.65,,10.59
1.12420,66.66,,10.32
1.12430,66.50,,10.19
1.12440,66.36,,10.05
1.12450,66.51,,9.94
1.12460,66.86,,10.31
1.12470,67.38,,10.59
1.12480,67.84,,10.59
1.12490,67.93,,10.59
1.12500,67.93,,10.31
1.12510,68.08,,10.19
1.12520,68.21,,10.06
1.12530,68.81,,10.31
1.12540,69.21,,10.59
1.12550,69.55,,10.73
1.12560,69.75,,10.59
1.12570,70.14,,10.45
1.12580,70.66,,10.19
1.12590,71.19,,10.05
1.12600,71.43,,10.19
1.12610,71.59,,10.31
1.12620,72.07,,10.73
1.12630,72.54,,10.73
1.12640,72.81,,10.45
1.12650,72.76,,10.45
1.12660,72.98,,10.31
1.12670,72.66,,10.32
1.12680,72.48,,10.45
1.12690,72.55,,10.45
1.12700,72.73,,10.45
1.12710,72.86,,10.59
1.12720,73.20,,10.32
1.12730,73.35,,10.45
1.12740,73.19,,10.32
1.12750,73.20,,10.45
1.12760,73.34,,10.59
1.12770,73.49,,10.59
1.12780,73.70,,10.45
1.12790,73.82,,10.45
1.12800,73.65,,10.45
1.12810,73.93,,10.31
1.12820,74.03,,10.59
1.12830,73.91,,10.59
1.12840,73.46,,10.45
1.12850,72.84,,10.59
1.12860,72.70,,10.45
1.12870,72.58,,10.32
1.12880,72.61,,10.45
1.12890,72.59,,10.45
1.12900,72.68,,10.59
1.12910,72.51,,10.45
1.12920,72.83,,10.59
1.12930,72.73,,10.45
1.12940,72.48,,10.45
1.12950,72.77,,10.45
1.12960,72.87,,10.45
1.12970,72.79,,10.45
1.12980,72.71,,10.59
1.12990,72.54,,10.45
1.13000,72.29,,10.59
1.13010,72.19,,10.59
1.13020,71.80,,10.45
1.13030,71.72,,10.45
1.13040,71.50,,10.45
1.13050,71.45,,10.45
1.13060,71.13,,10.59
1.13070,70.88,,10.59
1.13080,70.55,,10.59
1.13090,70.55,,10.59
1.13100,70.64,,10.73
1.13110,70.44,,10.59
1.13120,69.89,,10.45
1.13130,69.74,,10.31
1.13140,69.23,,10.45
1.13150,68.53,,10.59
1.13160,68.09,,10.59
1.13170,67.50,,10.59
1.13180,66.93,,10.59
1.13190,66.52,,10.59
1.13200,65.97,,10.45
1.13210,65.40,,10.59
1.13220,64.88,,10.45
1.13230,64.51,,10.59
1.13240,63.65,,10.59
1.13250,63.49,,10.59
1.13260,63.09,,10.59
1.13270,62.49,,10.59
1.13280,62.11,,10.45
1.13290,61.83,,10.59
1.13300,61.52,,10.45
1.13310,61.03,,10.59
1.13320,60.58,,10.45
1.13330,60.36,,10.73
1.13340,60.21,,10.59
1.13350,59.65,,10.59
1.13360,58.97,,10.59
1.13370,58.26,,10.59
1.13380,57.61,,10.45
1.13390,56.49,,10.45
1.13400,55.73,,10.45
1.13410,55.14,,10.59
1.13420,54.06,,10.59
1.13430,52.77,,10.59
1.13440,51.71,,10.45
1.13450,50.99,,10.45
1.13460,50.37,,10.45
1.13470,49.89,,10.59
1.13480,49.13,,10.59
1.13490,48.40,,10.73
1.13500,47.64,,10.45
1.13510,46.91,,10.73
1.13520,46.05,,10.45
1.13530,44.94,,10.45
1.13540,43.65,,10.59
1.13550,42.33,,10.45
1.13560,41.18,,10.59
1.13570,40.14,,10.59
1.13580,39.34,,10.59
1.13590,38.76,,10.73
1.13600,37.84,,10.45
1.13610,36.32,,10.59
1.13620,35.15,,10.32
1.13630,34.36,,10.59
1.13640,33.54,,10.59
1.13650,32.36,,10.73
1.13660,31.14,,10.73
1.13670,29.96,,10.45
1.13680,29.00,,10.45
1.13690,28.33,,10.45
1.13700,27.65,,10.45
1.13710,27.08,,10.59
1.13720,26.75,,10.73
1.13730,26.45,,10.73
1.13740,26.02,,10.59
1.13750,25.36,,10.59
1.13760,25.70,,10.45
1.13770,25.58,,10.59
1.13780,25.28,,10.45
1.13790,25.09,,10.59
1.13800,24.66,,10.73
1.13810,24.84,,10.73
1.13820,25.16,,10.59
1.13830,25.04,,10.59
1.13840,24.89,,10.59
1.13850,24.53,,10.45
1.13860,23.82,,10.59
1.13870,23.26,,10.45
1.13880,23.10,,10.59
1.13890,22.97,,10.59
1.13900,22.86,,10.59
1.13910,22.63,,10.59
1.13920,22.63,,10.59
1.13930,22.48,,10.45
1.13940,22.07,,10.59
1.13950,22.37,,10.59
1.13960,22.50,,10.59
1.13970,22.11,,10.59
1.13980,21.72,,10.59
1.13990,21.64,,10.59
1.14000,21.48,,10.59
1.14010,21.25,,10.59
1.14020,21.41,,10.59
1.14030,21.38,,10.45
1.14040,21.62,,10.59
1.14050,21.52,,10.59
1.14060,21.78,,10.59
1.14070,21.86,,10.45
1.14080,21.73,,10.59
1.14090,21.36,,10.45
1.14100,21.93,,10.45
1.14110,22.02,,10.59
1.14120,22.10,,10.59
1.14130,22.18,,10.59
1.14140,22.56,,10.59
1.14150,22.46,,10.59
1.14160,22.52,,10.59
1.14170,22.91,,10.59
1.14180,23.47,,10.45
1.14190,23.73,,10.59
1.14200,23.89,,10.45
1.14210,23.69,,10.45
1.14220,23.54,,10.59
1.14230,23.53,,10.45
1.14240,23.50,,10.45
1.14250,24.41,,10.45
1.14260,25.06,,10.59
1.14270,25.34,,10.59
1.14280,25.35,,10.59
1.14290,25.37,,10.59
1.14300,25.14,,10.31
1.14310,25.16,,10.32
1.14320,25.46,,10.45
1.14330,25.76,,10.32
1.14340,25.91,,10.59
1.14350,26.28,,10.73
1.14360,27.07,,10.59
1.14370,27.48,,10.59
1.14380,27.33,,10.45
1.14390,27.69,,10.31
1.14400,28.13,,10.32
1.14410,28.45,,10.31
1.14420,28.98,,10.59
1.14430,29.04,,10.45
1.14440,29.06,,10.59
1.14450,29.69,,10.59
1.14460,30.26,,10.31
1.14470,30.44,,10.32
1.14480,30.75,,10.45
1.14490,30.98,,10.59
1.14500,30.36,,10.59
1.14510,29.66,,10.59
1.14520,29.05,,10.31
1.14530,28.97,,10.19
1.14540,29.35,,10.32
1.14550,29.69,,10.45
1.14560,29.68,,10.59
1.14570,29.31,,10.59
1.14580,29.03,,10.32
1.14590,29.00,,10.45
1.14600,29.21,,10.32
1.14610,29.53,,10.31
1.14620,29.72,,10.45
1.14630,29.73,,10.45
1.14640,29.99,,10.59
1.14650,30.40,,10.32
1.14660,30.35,,10.45
1.14670,30.59,,10.32
1.14680,30.62,,10.31
1.14690,30.74,,10.19
1.14700,30.88,,10.45
1.14710,31.33,,10.45
1.14720,31.94,,10.45
1.14730,32.18,,10.45
1.14740,32.22,,10.45
1.14750,32.65,,10.45
1.14760,32.79,,10.32
1.14770,32.77,,10.31
1.14780,33.13,,10.19
1.14790,33.31,,10.18
1.14800,33.46,,10.19
1.14810,33.49,,10.45
1.14820,33.54,,10.45
1.14830,33.59,,10.32
1.14840,33.29,,10.31
1.14850,33.35,,10.19
1.14860,33.28,,10.31
1.14870,33.08,,10.19
1.14880,32.93,,10.31
1.14890,32.99,,10.32
1.14900,33.24,,10.45
1.14910,33.65,,10.32
1.14920,33.71,,10.31
1.14930,33.78,,10.32
1.14940,33.80,,10.19
1.14950,33.76,,10.18
1.14960,34.07,,10.19
1.14970,33.94,,10.31
1.14980,34.16,,10.32
1.14990,34.28,,10.45
1.15000,34.39,,10.32
1.15010,34.62,,10.31
1.15020,34.99,,10.19
1.15030,34.94,,10.32
1.15040,34.86,,10.18
1.15050,34.60,,10.19
1.15060,34.53,,10.31
1.15070,35.01,,10.19
1.15080,35.49,,10.31
1.15090,35.57,,10.32
1.15100,35.44,,10.18
1.15110,35.55,,10.32
1.15120,36.07,,10.18
1.15130,36.39,,10.19
1.15140,36.31,,10.32
1.15150,36.85,,10.31
1.15160,37.10,,10.32
1.15170,37.01,,10.31
1.15180,37.51,,10.32
1.15190,37.34,,10.05
1.15200,37.12,,10.19
1.15210,37.18,,10.18
1.15220,37.14,,10.32
1.15230,37.26,,10.32
1.15240,37.00,,10.31
1.15250,37.37,,10.19
1.15260,38.23,,10.18
1.15270,38.79,,10.32
1.15280,38.95,,10.31
1.15290,39.09,,10.32
1.15300,38.95,,10.18
1.15310,39.16,,10.06
1.15320,39.54,,10.18
1.15330,40.05,,10.06
1.15340,40.59,,10.32
1.15350,40.81,,10.18
1.15360,41.18,,10.45
1.15370,41.51,,10.18
1.15380,41.94,,10.32
1.15390,42.24,,10.18
1.15400,42.31,,10.06
1.15410,42.52,,10.18
1.15420,42.74,,10.06
1.15430,43.43,,10.19
1.15440,44.49,,10.18
1.15450,45.34,,10.32
1.15460,45.72,,10.31
1.15470,46.34,,10.32
1.15480,47.14,,10.18
1.15490,47.45,,10.19
1.15500,47.84,,10.05
1.15510,48.53,,9.94
1.15520,48.99,,10.05
1.15530,49.33,,10.06
1.15540,49.79,,10.19
1.15550,50.42,,10.18
1.15560,50.68,,10.32
1.15570,50.42,,10.18
1.15580,51.01,,10.06
1.15590,51.39,,10.18
1.15600,51.56,,10.06
1.15610,52.00,,10.18
1.15620,52.53,,10.19
1.15630,52.46,,10.19
1.15640,53.11,,10.18
1.15650,53.52,,10.19
1.15660,53.65,,10.05
1.15670,53.56,,10.06
1.15680,53.22,,10.05
1.15690,53.44,,9.94
1.15700,53.65,,10.18
1.15710,53.66,,10.19
1.15720,54.01,,10.45
1.15730,53.78,,10.32
1.15740,54.03,,10.06
1.15750,54.48,,10.31
1.15760,54.52,,10.19
1.15770,54.57,,10.18
1.15780,54.77,,10.06
1.15790,54.80,,10.05
1.15800,54.78,,10.19
1.15810,55.15,,10.18
1.15820,55.84,,10.19
1.15830,55.58,,10.19
1.15840,55.94,,10.18
1.15850,56.55,,10.32
1.15860,56.91,,10.31
1.15870,56.72,,10.45
1.15880,56.60,,10.31
1.15890,56.31,,10.32
1.15900,56.31,,10.05
1.15910,56.41,,9.94
1.15920,56.15,,10.18
1.15930,56.41,,10.19
1.15940,56.75,,10.32
1.15950,56.46,,10.59
1.15960,56.35,,10.45
1.15970,56.08,,10.31
1.15980,55.93,,10.06
1.15990,56.44,,10.05
1.16000,56.86,,10.19
1.16010,57.43,,10.45
1.16020,57.78,,10.59
1.16030,58.08,,10.45
1.16040,57.89,,10.31
1.16050,58.00,,10.19
1.16060,58.30,,10.05
1.16070,58.30,,10.06
1.16080,58.34,,10.18
1.16090,59.08,,10.59
1.16100,59.01,,10.59
1.16110,58.83,,10.45
1.16120,58.78,,10.31
1.16130,58.77,,10.32
1.16140,59.61,,10.19
1.16150,59.59,,10.45
1.16160,59.20,,10.32
1.16170,58.99,,10.45
1.16180,59.08,,10.45
1.16190,59.65,,10.45
1.16200,60.13,,10.45
1.16210,59.77,,10.31
1.16220,60.00,,10.19
1.16230,59.58,,10.19
1.16240,59.85,,10.18
1.16250,60.09,,10.32
1.16260,60.25,,10.31
1.16270,60.06,,10.59
1.16280,60.33,,10.59
1.16290,59.67,,10.59
1.16300,59.10,,10.31
1.16310,58.76,,10.45
1.16320,58.57,,10.45
1.16330,58.52,,10.32
1.16340,57.86,,10.32
1.16350,58.39,,10.31
1.16360,59.47,,10.59
1.16370,59.99,,10.59
1.16380,60.58,,10.45
1.16390,61.05,,10.45
1.16400,61.31,,10.45
1.16410,61.13,,10.59
1.16420,61.03,,10.59
1.16430,60.06,,10.59
1.16440,59.11,,10.45
1.16450,58.97,,10.32
1.16460,58.99,,10.31
1.16470,58.73,,10.19
1.16480,59.02,,10.54
1.16490,58.76,,10.64
1.16500,59.20,,10.73
1.16510,58.84,,10.73
1.16520,58.45,,10.59
1.16530,58.60,,10.59
1.16540,58.60,,10.45
1.16550,59.08,,10.59
1.16560,59.73,,10.73
1.16570,60.14,,10.59
1.16580,60.67,,10.73
1.16590,60.82,,10.45
1.16600,60.98,,10.45
1.16610,61.23,,10.31
1.16620,61.40,,10.45
1.16630,61.52,,10.88
1.16640,62.40,,10.88
1.16650,62.76,,10.73
1.16660,61.87,,10.73
1.16670,62.09,,10.59
1.16680,62.79,,10.59
1.16690,63.13,,10.59
1.16700,63.31,,10.59
1.16710,63.01,,10.73
1.16720,61.97,,10.73
1.16730,61.27,,10.73
1.16740,60.98,,10.45
1.16750,61.39,,10.73
1.16760,62.25,,10.73
1.16770,62.97,,10.73
1.16780,62.93,,10.59
1.16790,62.90,,10.45
1.16800,63.50,,10.45
1.16810,64.07,,10.73
1.16820,64.42,,11.02
1.16830,65.07,,11.03
1.16840,65.54,,11.13
1.16850,66.07,,10.92
1.16860,66.38,,10.73
1.16870,66.26,,10.45
1.16880,65.82,,10.31
1.16890,65.38,,10.45
1.16900,64.77,,10.73
1.16910,64.65,,10.88
1.16920,64.90,,10.88
1.16930,64.50,,10.88
1.16940,63.82,,10.59
1.16950,63.26,,10.59
1.16960,63.45,,10.59
1.16970,63.39,,10.73
1.16980,63.13,,10.88
1.16990,62.51,,11.03
1.17000,61.67,,10.88
1.17010,61.45,,10.73
1.17020,61.20,,10.73
1.17030,61.41,,10.45
1.17040,60.72,,10.59
1.17050,59.88,,10.73
1.17060,58.73,,10.73
1.17070,58.13,,10.88
1.17080,56.90,,10.88
1.17090,56.05,,10.88
1.17100,54.97,,10.73
1.17110,53.98,,10.73
1.17120,54.25,,10.73
1.17130,54.47,,10.88
1.17140,54.91,,11.02
1.17150,54.92,,11.03
1.17160,54.73,,10.88
1.17170,54.57,,10.59
1.17180,54.44,,10.59
1.17190,54.55,,10.45
1.17200,54.52,,10.59
1.17210,54.34,,10.73
1.17220,54.33,,10.88
1.17230,53.96,,11.03
1.17240,53.20,,10.88
1.17250,52.93,,10.88
1.17260,52.30,,10.73
1.17270,51.62,,10.88
1.17280,51.02,,10.73
1.17290,50.10,,10.73
1.17300,49.20,,10.88
1.17310,49.44,,10.73
1.17320,49.56,,10.73
1.17330,49.87,,10.73
1.17340,50.07,,10.73
1.17350,50.13,,10.73
1.17360,49.65,,10.73
1.17370,49.27,,10.73
1.17380,49.17,,10.88
1.17390,48.86,,10.73
1.17400,48.21,,10.88
1.17410,47.82,,10.88
1.17420,47.54,,10.73
1.17430,47.20,,10.73
1.17440,46.56,,10.59
1.17450,45.76,,10.59
1.17460,45.51,,10.59
1.17470,44.99,,10.73
1.17480,44.52,,10.73
1.17490,44.02,,10.88
1.17500,43.64,,10.73
1.17510,43.36,,10.88
1.17520,42.99,,10.73
1.17530,42.54,,10.88
1.17540,41.86,,10.73
1.17550,41.26,,10.73
1.17560,40.77,,10.88
1.17570,40.05,,10.88
1.17580,39.99,,10.73
1.17590,39.93,,10.59
1.17600,39.74,,10.59
1.17610,39.13,,10.45
1.17620,38.78,,10.59
1.17630,38.52,,11.03
1.17640,38.16,,11.02
1.17650,38.10,,10.88
1.17660,37.55,,11.03
1.17670,36.93,,10.73
1.17680,36.30,,10.59
1.17690,35.57,,10.73
1.17700,35.22,,10.59
1.17710,34.93,,10.73
1.17720,34.62,,10.88
1.17730,34.10,,10.88
1.17740,33.38,,10.88
1.17750,32.79,,10.73
1.17760,32.46,,10.59
1.17770,31.76,,10.73
1.17780,31.28,,10.73
1.17790,30.90,,10.88
1.17800,30.68,,11.02
1.17810,30.32,,11.03
1.17820,29.80,,10.73
1.17830,29.26,,10.73
1.17840,29.03,,10.73
1.17850,28.48,,10.73
1.17860,27.97,,10.88
1.17870,27.56,,10.88
1.17880,27.38,,10.59
1.17890,27.48,,10.73
1.17900,27.09,,10.59
1.17910,26.72,,10.73
1.17920,26.21,,10.88
1.17930,25.45,,10.88
1.17940,24.43,,10.92
1.17950,23.75,,10.83
1.17960,23.61,,10.73
1.17970,23.07,,10.73
1.17980,22.78,,10.59
1.17990,22.79,,10.73
1.18000,22.22,,10.83
1.18010,22.19,,10.93
1.18020,21.89,,10.88
1.18030,21.45,,10.73
1.18040,20.82,,10.73
1.18050,20.68,,10.59
1.18060,20.58,,10.59
1.18070,20.37,,10.73
1.18080,20.04,,10.88
1.18090,20.12,,10.88
1.18100,20.13,,10.88
1.18110,20.25,,10.73
1.18120,20.43,,10.59
1.18130,20.64,,10.59
1.18140,21.17,,10.73
1.18150,21.43,,10.73
1.18160,21.53,,10.73
1.18170,21.25,,10.73
1.18180,21.38,,10.73
1.18190,21.20,,10.59
1.18200,20.67,,10.73
1.18210,20.74,,10.73
1.18220,20.72,,10.73
1.18230,20.18,,10.59
1.18240,19.96,,10.88
1.18250,20.27,,10.73
1.18260,20.39,,10.73
1.18270,20.24,,10.73
1.18280,20.23,,10.59
1.18290,20.44,,10.59
1.18300,20.64,,10.59
1.18310,20.97,,10.73
1.18320,21.39,,10.88
1.18330,21.64,,10.73
1.18340,21.65,,10.83
1.18350,21.80,,10.64
1.18360,22.03,,10.73
1.18370,21.73,,10.59
1.18380,22.11,,10.59
1.18390,22.09,,10.73
1.18400,21.87,,10.73
1.18410,21.69,,10.73
1.18420,21.37,,10.59
1.18430,21.28,,10.59
1.18440,21.28,,10.59
1.18450,21.59,,10.73
1.18460,21.77,,10.73
1.18470,22.06,,10.88
1.18480,22.28,,10.88
1.18490,22.41,,10.59
1.18500,22.64,,10.59
1.18510,23.18,,10.73
1.18520,23.70,,10.59
1.18530,23.80,,10.59
1.18540,23.47,,10.73
1.18550,23.91,,10.59
1.18560,23.78,,10.73
1.18570,24.37,,10.73
1.18580,24.68,,10.73
1.18590,24.63,,10.88
1.18600,24.87,,10.73
1.18610,25.38,,10.59
1.18620,25.59,,10.59
1.18630,25.90,,10.31
1.18640,26.43,,10.59
1.18650,26.95,,10.59
1.18660,27.08,,10.73
1.18670,27.09,,10.73
1.18680,26.75,,10.88
1.18690,26.71,,10.73
1.18700,26.20,,10.45
1.18710,26.45,,10.59
1.18720,27.05,,10.45
1.18730,27.23,,10.73
1.18740,26.97,,10.88
1.18750,27.00,,10.88
1.18760,27.10,,10.78
1.18770,27.02,,10.68
1.18780,26.71,,10.45
1.18790,26.35,,10.31
1.18800,26.25,,10.32
1.18810,26.18,,10.68
1.18820,25.99,,10.78
1.18830,26.51,,10.73
1.18840,26.64,,10.88
1.18850,26.82,,10.59
1.18860,26.81,,10.59
1.18870,26.70,,10.59
1.18880,27.03,,10.59
1.18890,27.37,,10.45
1.18900,27.34,,10.59
1.18910,27.74,,10.73
1.18920,28.14,,10.73
1.18930,28.76,,10.59
1.18940,28.77,,10.45
1.18950,28.89,,10.59
1.18960,28.94,,10.45
1.18970,29.05,,10.73
1.18980,29.46,,10.73
1.18990,30.06,,10.59
1.19000,30.37,,10.73
1.19010,30.58,,10.45
1.19020,30.82,,10.59
1.19030,31.05,,10.59
1.19040,31.21,,10.59
1.19050,31.49,,10.68
1.19060,31.80,,10.64
1.19070,31.94,,10.59
1.19080,32.62,,10.45
1.19090,32.69,,10.59
1.19100,33.49,,10.59
1.19110,33.85,,10.45
1.19120,34.15,,10.59
1.19130,34.12,,10.73
1.19140,34.49,,10.59
1.19150,34.88,,10.59
1.19160,35.32,,10.45
1.19170,35.99,,10.59
1.19180,36.74,,10.59
1.19190,37.04,,10.59
1.19200,37.32,,10.59
1.19210,37.52,,10.73
1.19220,38.05,,10.59
1.19230,38.36,,10.45
1.19240,38.74,,10.45
1.19250,39.53,,10.59
1.19260,39.74,,10.59
1.19270,39.91,,10.59
1.19280,40.34,,10.73
1.19290,40.75,,10.73
1.19300,41.35,,10.59
1.19310,41.86,,10.45
1.19320,42.33,,10.59
1.19330,42.91,,10.59
1.19340,43.13,,10.59
1.19350,43.53,,10.45
1.19360,44.34,,10.59
1.19370,44.99,,10.59
1.19380,44.94,,10.73
1.19390,44.86,,10.73
1.19400,44.40,,10.73
1.19410,44.26,,10.59
1.19420,44.38,,10.59
1.19430,44.84,,10.45
1.19440,45.31,,10.59
1.19450,45.70,,10.73
1.19460,45.92,,10.78
1.19470,45.89,,10.83
1.19480,45.98,,10.59
1.19490,45.42,,10.59
1.19500,45.53,,10.59
1.19510,45.73,,10.59
1.19520,45.90,,10.73
1.19530,45.91,,10.92
1.19540,45.93,,10.98
1.19550,45.91,,10.73
1.19560,45.98,,10.73
1.19570,45.70,,10.59
1.19580,45.52,,10.45
1.19590,45.10,,10.59
1.19600,45.42,,10.73
1.19610,45.46,,10.73
1.19620,45.58,,10.88
1.19630,45.58,,10.88
1.19640,45.53,,10.73
1.19650,45.36,,10.73
1.19660,45.19,,10.88
1.19670,45.05,,10.73
1.19680,44.71,,10.88
1.19690,44.11,,10.83
1.19700,44.09,,10.78
1.19710,44.35,,10.88
1.19720,44.17,,10.73
1.19730,44.40,,10.73
1.19740,44.22,,10.88
1.19750,44.01,,10.88
1.19760,43.42,,10.88
1.19770,43.30,,10.88
1.19780,43.30,,10.88
1.19790,42.92,,10.88
1.19800,42.63,,10.73
1.19810,42.62,,10.88
1.19820,42.28,,10.88
1.19830,42.19,,10.88
1.19840,41.92,,10.97
1.19850,42.03,,10.78
1.19860,41.55,,10.88
1.19870,41.36,,11.02
1.19880,41.30,,10.88
1.19890,40.94,,11.02
1.19900,40.20,,10.83
1.19910,40.21,,10.78
1.19920,40.34,,10.88
1.19930,40.27,,10.88
1.19940,40.28,,10.73
1.19950,39.82,,11.02
1.19960,39.55,,11.18
1.19970,39.67,,11.03
1.19980,39.24,,11.02
1.19990,38.71,,10.88
1.20000,38.35,,10.88
1.20010,38.45,,10.88
1.20020,38.30,,10.88
1.20030,38.33,,10.88
1.20040,38.58,,11.18
1.20050,38.82,,11.18
1.20060,38.95,,11.03
1.20070,38.61,,10.88
1.20080,38.35,,10.88
1.20090,38.09,,10.73
1.20100,37.99,,10.88
1.20110,37.97,,10.88
1.20120,37.99,,10.88
1.20130,37.94,,11.18
1.20140,37.89,,11.03
1.20150,37.83,,11.18
1.20160,37.84,,10.88
1.20170,37.82,,11.03
1.20180,38.15,,10.88
1.20190,38.39,,10.93
1.20200,38.93,,10.97
1.20210,39.12,,11.03
1.20220,39.72,,11.02
1.20230,40.02,,11.03
1.20240,40.25,,11.02
1.20250,40.17,,11.02
1.20260,40.06,,10.98
1.20270,40.16,,10.92
1.20280,40.36,,10.88
1.20290,40.76,,10.88
1.20300,40.99,,11.03
1.20310,41.17,,11.02
1.20320,41.13,,11.03
1.20330,41.24,,11.02
1.20340,41.56,,11.03
1.20350,42.16,,10.88
1.20360,42.74,,10.88
1.20370,42.99,,11.03
1.20380,43.30,,11.18
1.20390,43.60,,11.13
1.20400,43.98,,10.97
1.20410,44.28,,10.98
1.20420,44.73,,10.88
1.20430,45.26,,10.88
1.20440,45.41,,10.88
1.20450,45.63,,11.02
1.20460,45.77,,11.03
1.20470,45.90,,11.02
1.20480,46.06,,10.93
1.20490,46.65,,10.97
1.20500,46.94,,11.03
1.20510,47.11,,10.88
1.20520,47.33,,11.03
1.20530,47.48,,10.88
1.20540,47.86,,11.03
1.20550,48.12,,11.02
1.20560,48.39,,10.88
1.20570,48.41,,11.03
1.20580,48.62,,10.88
1.20590,49.24,,10.88
1.20600,49.53,,10.88
1.20610,49.94,,11.03
1.20620,50.01,,11.02
1.20630,49.98,,10.88
1.20640,50.33,,11.02
1.20650,50.29,,11.02
1.20660,51.07,,10.88
1.20670,51.45,,11.02
1.20680,51.54,,11.03
1.20690,51.35,,10.88
1.20700,51.30,,11.03
1.20710,51.46,,10.88
1.20720,51.81,,11.03
1.20730,51.85,,10.88
1.20740,51.73,,10.88
1.20750,51.83,,10.88
1.20760,51.68,,11.02
1.20770,51.70,,10.88
1.20780,51.80,,11.02
1.20790,51.68,,10.93
1.20800,51.66,,10.97
1.20810,51.43,,11.03
1.20820,51.60,,10.88
1.20830,51.81,,10.88
1.20840,52.04,,10.88
1.20850,52.71,,10.92
1.20860,52.87,,10.98
1.20870,52.90,,11.02
1.20880,52.84,,11.13
1.20890,53.23,,10.92
1.20900,53.43,,11.03
1.20910,53.75,,10.88
1.20920,53.95,,10.73
1.20930,54.11,,11.02
1.20940,54.47,,10.88
1.20950,54.87,,11.02
1.20960,54.95,,11.02
1.20970,55.43,,11.03
1.20980,55.45,,10.88
1.20990,55.75,,10.88
1.21000,55.66,,10.88
1.21010,55.84,,11.03
1.21020,56.58,,11.02
1.21030,57.09,,10.88
1.21040,56.72,,10.88
1.21050,57.31,,11.02
1.21060,57.57,,10.73
1.21070,57.90,,10.88
1.21080,57.92,,10.88
1.21090,58.06,,10.97
1.21100,58.71,,11.08
1.21110,58.51,,11.02
1.21120,59.07,,11.03
1.21130,59.11,,10.88
1.21140,59.19,,10.73
1.21150,59.32,,10.73
1.21160,59.43,,10.88
1.21170,59.28,,11.19
1.21180,59.76,,11.02
1.21190,59.78,,11.03
1.21200,59.76,,10.88
1.21210,60.28,,10.88
1.21220,60.82,,10.73
1.21230,60.89,,10.73
1.21240,61.20,,10.88
1.21250,61.70,,10.88
1.21260,62.21,,11.03
1.21270,62.57,,11.18
1.21280,62.56,,11.03
1.21290,62.74,,10.88
1.21300,62.81,,10.73
1.21310,62.77,,10.88
1.21320,62.98,,10.73
1.21330,63.07,,11.02
1.21340,62.83,,11.03
1.21350,63.07,,10.88
1.21360,62.93,,11.02
1.21370,62.88,,10.88
1.21380,63.33,,10.88
1.21390,63.21,,10.73
1.21400,63.35,,10.88
1.21410,63.64,,10.88
1.21420,63.62,,11.02
1.21430,63.42,,10.88
1.21440,63.33,,11.02
1.21450,63.50,,10.88
1.21460,63.26,,10.88
1.21470,63.15,,10.88
1.21480,63.26,,11.03
1.21490,62.89,,10.88
1.21500,62.60,,11.03
1.21510,62.51,,10.73
1.21520,62.62,,10.73
1.21530,62.92,,10.73
1.21540,63.53,,10.98
1.21550,63.28,,11.07
1.21560,63.07,,11.02
1.21570,62.97,,11.03
1.21580,63.12,,10.88
1.21590,63.48,,10.73
1.21600,63.46,,10.73
1.21610,63.50,,10.88
1.21620,63.74,,10.92
1.21630,64.18,,10.98
1.21640,64.11,,11.02
1.21650,64.13,,10.97
1.21660,63.83,,10.78
1.21670,63.94,,10.88
1.21680,63.65,,10.73
1.21690,64.00,,10.88
1.21700,64.15,,10.88
1.21710,64.17,,11.18
1.21720,63.81,,10.93
1.21730,63.43,,10.97
1.21740,63.42,,10.73
1.21750,63.79,,10.73
1.21760,63.60,,10.73
1.21770,63.79,,11.03
1.21780,64.04,,10.88
1.21790,64.07,,11.03
1.21800,63.55,,11.02
1.21810,63.62,,10.73
1.21820,63.39,,10.73
1.21830,63.14,,10.88
1.21840,63.19,,10.88
1.21850,62.63,,11.02
1.21860,61.74,,11.03
1.21870,61.82,,10.73
1.21880,61.36,,10.88
1.21890,61.13,,10.88
1.21900,60.90,,10.73
1.21910,60.61,,10.88
1.21920,60.36,,10.88
1.21930,60.41,,11.02
1.21940,60.26,,11.03
1.21950,60.48,,11.02
1.21960,60.40,,10.88
1.21970,60.17,,10.73
1.21980,60.17,,10.83
1.21990,60.38,,10.78
1.22000,60.22,,11.02
1.22010,60.05,,10.93
1.22020,59.65,,10.97
1.22030,59.39,,10.88
1.22040,59.34,,10.73
1.22050,59.70,,11.02
1.22060,59.18,,10.88
1.22070,59.10,,10.97
1.22080,59.08,,10.83
1.22090,59.15,,10.83
1.22100,58.92,,11.03
1.22110,58.55,,10.88
1.22120,57.78,,10.88
1.22130,57.53,,10.73
1.22140,57.48,,10.88
1.22150,56.88,,10.97
1.22160,56.77,,11.07
1.22170,56.44,,11.03
1.22180,56.56,,10.88
1.22190,55.87,,10.73
1.22200,55.90,,10.88
1.22210,55.84,,10.73
1.22220,55.66,,10.97
1.22230,55.29,,10.93
1.22240,54.89,,10.88
1.22250,54.37,,10.88
1.22260,54.34,,10.88
1.22270,53.83,,10.88
1.22280,53.39,,10.73
1.22290,52.65,,10.88
1.22300,52.45,,11.03
1.22310,52.11,,10.88
1.22320,51.69,,11.03
1.22330,51.38,,10.88
1.22340,51.51,,10.88
1.22350,51.36,,10.73
1.22360,50.68,,10.73
1.22370,50.49,,10.88
1.22380,50.17,,11.02
1.22390,49.91,,11.03
1.22400,49.72,,10.88
1.22410,48.97,,10.88
1.22420,48.71,,10.88
1.22430,47.99,,10.73
1.22440,47.26,,10.73
1.22450,46.84,,10.73
1.22460,46.39,,10.88
1.22470,45.58,,10.73
1.22480,44.74,,10.88
1.22490,45.03,,10.88
1.22500,45.23,,10.73
1.22510,45.07,,10.88
1.22520,44.50,,11.03
1.22530,44.42,,11.02
1.22540,43.80,,10.88
1.22550,43.68,,10.88
1.22560,43.04,,10.88
1.22570,41.90,,10.73
1.22580,41.01,,10.59
1.22590,39.97,,10.88
1.22600,39.70,,10.88
1.22610,39.19,,10.88
1.22620,38.51,,10.73
1.22630,38.00,,10.88
1.22640,37.14,,10.88
1.22650,36.10,,10.73
1.22660,35.15,,10.88
1.22670,35.02,,10.88
1.22680,34.97,,10.88
1.22690,34.76,,11.02
1.22700,33.99,,10.88
1.22710,33.59,,10.73
1.22720,33.61,,10.73
1.22730,33.74,,10.88
1.22740,33.83,,10.88
1.22750,33.89,,11.13
1.22760,33.48,,10.78
1.22770,33.45,,10.59
1.22780,34.04,,10.59
1.22790,35.15,,10.59
1.22800,35.87,,10.88
1.22810,35.92,,11.03
1.22820,36.47,,11.33
1.22830,36.21,,11.19
1.22840,36.15,,11.18
1.22850,36.14,,10.88
1.22860,35.64,,10.59
1.22870,33.75,,10.59
1.22880,33.94,,10.59
1.22890,34.84,,10.73
1.22900,34.69,,10.88
1.22910,36.52,,10.73
1.22920,37.41,,10.88
1.22930,38.66,,10.73
1.22940,39.35,,11.03
1.22950,39.86,,10.88
1.22960,40.34,,10.88
1.22970,40.27,,10.88
1.22980,41.33,,10.88
1.22990,41.63,,10.88
1.23000,41.05,,10.59
1.23010,40.44,,10.73
1.23020,40.25,,10.59
1.23030,40.94,,10.59
1.23040,42.11,,10.73
1.23050,42.90,,10.73
1.23060,44.67,,10.73
1.23070,46.61,,10.88
1.23080,47.79,,10.88
1.23090,48.72,,11.18
1.23100,49.28,,11.19
1.23110,50.15,,11.18
1.23120,50.94,,10.59
1.23130,52.54,,10.45
1.23140,53.94,,10.45
1.23150,55.05,,10.32
1.23160,56.07,,10.78
1.23170,57.11,,10.98
1.23180,58.39,,11.02
1.23190,59.03,,10.73
1.23200,60.54,,10.73
1.23210,61.96,,10.59
1.23220,63.49,,10.32
1.23230,64.76,,10.73
1.23240,65.99,,11.02
1.23250,66.04,,11.35
1.23260,66.21,,11.18
1.23270,67.36,,10.88
1.23280,68.61,,10.45
1.23290,70.47,,10.32
1.23300,72.06,,10.31
1.23310,73.21,,10.45
1.23320,74.77,,10.88
1.23330,76.28,,11.18
1.23340,77.47,,11.19
1.23350,78.73,,11.18
1.23360,79.76,,10.88
1.23370,80.82,,10.59
1.23380,81.35,,10.59
1.23390,82.32,,10.59
1.23400,82.72,,10.73
1.23410,83.98,,11.03
1.23420,85.07,,10.88
1.23430,85.46,,10.73
1.23440,86.35,,10.59
1.23450,87.16,,10.59
1.23460,87.93,,10.59
1.23470,89.02,,10.73
1.23480,89.78,,10.88
1.23490,90.76,,10.88
1.23500,91.58,,11.03
1.23510,92.86,,10.88
1.23520,93.76,,10.88
1.23530,94.43,,10.73
1.23540,95.33,,10.73
1.23550,96.16,,10.73
1.23560,96.65,,10.88
1.23570,96.94,,10.73
1.23580,96.60,,10.73
1.23590,97.06,,10.73
1.23600,98.17,,10.73
1.23610,98.90,,10.83
1.23620,99.12,,10.92
1.23630,99.46,,10.88
1.23640,99.50,,10.73
1.23650,99.79,,10.73
1.23660,100.14,,10.73
1.23670,100.56,,10.59
1.23680,100.47,,10.88
1.23690,100.87,,10.88
1.23700,101.07,,10.88
1.23710,101.54,,10.88
1.23720,101.27,,10.73
1.23730,100.98,,10.73
1.23740,100.12,,10.73
1.23750,99.14,,10.59
1.23760,98.36,,10.73
1.23770,97.63,,10.88
1.23780,97.21,,10.88
1.23790,96.93,,11.03
1.23800,96.78,,10.88
1.23810,96.36,,11.03
1.23820,95.86,,11.02
1.23830,95.26,,10.88
1.23840,94.50,,10.88
1.23850,93.53,,10.59
1.23860,93.13,,10.73
1.23870,92.68,,10.73
1.23880,92.09,,10.88
1.23890,91.20,,10.88
1.23900,89.98,,11.03
1.23910,88.95,,10.88
1.23920,88.02,,10.88
1.23930,87.52,,10.88
1.23940,86.45,,10.88
1.23950,85.27,,10.88
1.23960,84.53,,10.88
1.23970,83.26,,11.03
1.23980,81.71,,10.88
1.23990,81.04,,10.88
1.24000,80.20,,10.88
1.24010,79.32,,10.93
1.24020,78.30,,10.97
1.24030,77.22,,10.88
1.24040,76.07,,11.02
1.24050,74.94,,10.88
1.24060,73.52,,10.88
1.24070,72.24,,11.02
1.24080,71.17,,11.03
1.24090,70.12,,11.02
1.24100,69.08,,11.19
1.24110,68.09,,11.02
1.24120,66.93,,10.88
1.24130,65.49,,10.88
1.24140,64.31,,10.59
1.24150,63.68,,10.88
1.24160,62.95,,11.02
1.24170,61.93,,11.19
1.24180,60.74,,11.23
1.24190,59.15,,11.13
1.24200,57.83,,10.88
1.24210,56.64,,10.88
1.24220,55.38,,10.88
1.24230,54.71,,10.88
1.24240,53.38,,11.02
1.24250,52.33,,11.03
1.24260,51.52,,11.18
1.24270,50.17,,11.18
1.24280,49.51,,11.03
1.24290,48.71,,11.02
1.24300,47.62,,11.03
1.24310,46.32,,10.88
1.24320,45.13,,11.03
1.24330,44.95,,11.18
1.24340,44.43,,11.03
1.24350,43.91,,11.02
1.24360,42.69,,11.02
1.24370,41.68,,10.93
1.24380,40.53,,10.97
1.24390,39.12,,11.03
1.24400,38.17,,11.18
1.24410,36.50,,11.03
1.24420,36.37,,11.02
1.24430,35.75,,10.88
1.24440,35.17,,10.88
1.24450,34.76,,11.19
1.24460,34.52,,11.18
1.24470,33.66,,11.33
1.24480,32.53,,11.19
1.24490,31.64,,11.18
1.24500,30.73,,10.88
1.24510,30.63,,10.88
1.24520,30.33,,10.88
1.24530,30.21,,11.13
1.24540,29.20,,11.24
1.24550,28.14,,11.33
1.24560,27.12,,11.18
1.24570,26.36,,10.88
1.24580,26.03,,10.88
1.24590,25.94,,10.73
1.24600,25.87,,11.02
1.24610,25.38,,11.29
1.24620,24.97,,11.23
1.24630,24.50,,11.29
1.24640,24.48,,11.07
1.24650,24.31,,11.03
1.24660,23.96,,11.02
1.24670,23.89,,11.02
1.24680,23.46,,11.03
1.24690,23.76,,11.18
1.24700,24.35,,11.19
1.24710,24.12,,11.33
1.24720,23.90,,11.03
1.24730,23.50,,11.02
1.24740,23.60,,10.88
1.24750,23.73,,11.02
1.24760,23.58,,11.02
1.24770,23.46,,11.35
1.24780,23.37,,11.33
1.24790,23.47,,11.19
1.24800,23.32,,11.18
1.24810,23.28,,11.03
1.24820,23.19,,11.02
1.24830,23.15,,11.03
1.24840,22.88,,11.18
1.24850,22.74,,11.03
1.24860,22.60,,11.18
1.24870,22.24,,11.18
1.24880,22.37,,11.19
1.24890,22.47,,11.18
1.24900,22.39,,11.03
1.24910,21.69,,11.18
1.24920,21.02,,11.13
1.24930,20.42,,11.07
1.24940,20.36,,11.13
1.24950,20.85,,11.07
1.24960,20.78,,11.24
1.24970,20.87,,11.28
1.24980,20.68,,11.39
1.24990,20.20,,11.35
1.25000,20.03,,11.28
1.25010,19.81,,11.13
1.25020,19.54,,11.07
1.25030,19.36,,11.03
1.25040,19.45,,11.02
1.25050,20.44,,11.35
1.25060,21.19,,11.18
1.25070,21.54,,11.33
1.25080,21.54,,11.35
1.25090,21.67,,11.18
1.25100,21.95,,11.24
1.25110,21.88,,11.28
1.25120,22.07,,11.19
1.25130,22.40,,11.18
1.25140,22.59,,11.19
1.25150,23.41,,11.18
1.25160,24.53,,11.35
1.25170,25.01,,11.18
1.25180,25.53,,11.18
1.25190,25.83,,11.35
1.25200,25.95,,11.28
1.25210,25.79,,11.24
1.25220,26.23,,11.18
1.25230,26.47,,11.35
1.25240,27.13,,11.33
1.25250,27.39,,11.19
1.25260,26.97,,11.33
1.25270,26.89,,11.33
1.25280,26.96,,11.35
1.25290,26.77,,11.18
1.25300,26.73,,11.19
1.25310,27.00,,11.18
1.25320,26.88,,11.19
1.25330,27.22,,11.28
1.25340,27.62,,11.24
1.25350,28.06,,11.39
1.25360,28.22,,11.45
1.25370,28.36,,11.28
1.25380,28.27,,11.23
1.25390,28.33,,11.19
1.25400,28.59,,11.18
1.25410,29.16,,11.19
1.25420,29.08,,11.18
1.25430,29.01,,11.35
1.25440,29.58,,11.33
1.25450,29.66,,11.35
1.25460,29.51,,11.33
1.25470,29.80,,11.33
1.25480,29.80,,11.19
1.25490,30.16,,11.33
1.25500,30.67,,11.35
1.25510,31.03,,11.33
1.25520,31.24,,11.35
1.25530,31.31,,11.33
1.25540,30.89,,11.19
1.25550,31.07,,11.18
1.25560,31.49,,11.19
1.25570,31.46,,11.18
1.25580,31.36,,11.33
1.25590,31.33,,11.35
1.25600,31.60,,11.33
1.25610,31.95,,11.35
1.25620,32.11,,11.33
1.25630,31.55,,11.35
1.25640,31.20,,11.18
1.25650,30.66,,11.29
1.25660,31.20,,11.23
1.25670,31.76,,11.18
1.25680,32.03,,11.35
1.25690,31.87,,11.33
1.25700,31.96,,11.35
1.25710,31.98,,11.33
1.25720,31.69,,11.35
1.25730,31.79,,11.33
1.25740,31.65,,11.24
1.25750,31.32,,11.13
1.25760,31.37,,11.19
1.25770,31.65,,11.18
1.25780,31.62,,11.18
1.25790,31.75,,11.35
1.25800,31.23,,11.18
1.25810,30.61,,11.35
1.25820,30.02,,11.28
1.25830,29.79,,11.13
1.25840,29.48,,11.13
1.25850,29.19,,11.03
1.25860,28.72,,11.18
1.25870,28.86,,11.33
1.25880,28.27,,11.35
1.25890,27.83,,11.18
1.25900,27.32,,11.19
1.25910,26.60,,11.18
1.25920,25.94,,11.03
1.25930,25.04,,11.18
1.25940,24.16,,11.03
1.25950,23.60,,11.02
1.25960,23.16,,11.03
1.25970,22.99,,11.18
1.25980,22.51,,11.18
1.25990,21.95,,11.19
1.26000,21.50,,11.18
1.26010,20.94,,11.03
1.26020,20.70,,11.02
1.26030,20.31,,11.03
1.26040,19.71,,11.02
1.26050,19.37,,11.19
1.26060,19.34,,11.02
1.26070,18.82,,10.88
1.26080,18.77,,10.88
1.26090,18.82,,10.88
1.26100,18.69,,10.88
1.26110,18.43,,11.18
1.26120,18.00,,11.19
1.26130,18.02,,11.02
1.26140,17.26,,10.88
1.26150,17.08,,10.88
1.26160,17.33,,10.73
1.26170,17.34,,10.73
1.26180,17.14,,10.73
1.26190,17.68,,11.03
1.26200,17.39,,11.02
1.26210,17.53,,10.98
1.26220,17.94,,10.78
1.26230,18.15,,10.73
1.26240,18.17,,10.73
1.26250,18.51,,10.59
1.26260,18.59,,10.73
1.26270,18.14,,10.64
1.26280,18.11,,10.68
1.26290,18.50,,10.59
1.26300,19.07,,10.59
1.26310,19.21,,10.59
1.26320,19.16,,10.59
1.26330,19.03,,10.59
1.26340,18.64,,10.45
1.26350,18.43,,10.45
1.26360,19.18,,10.59
1.26370,19.96,,10.45
1.26380,20.39,,10.73
1.26390,20.63,,10.45
1.26400,21.04,,10.45
1.26410,21.38,,10.31
1.26420,22.35,,10.32
1.26430,23.03,,10.31
1.26440,23.21,,10.32
1.26450,23.76,,10.45
1.26460,24.19,,10.32
1.26470,24.70,,10.19
1.26480,25.01,,10.05
1.26490,24.84,,10.06
1.26500,25.21,,10.18
1.26510,25.15,,10.06
1.26520,25.72,,10.18
1.26530,26.60,,10.06
1.26540,27.13,,9.93
1.26550,27.53,,9.94
1.26560,27.96,,9.93
1.26570,28.53,,9.94
1.26580,29.18,,10.19
1.26590,30.11,,10.05
1.26600,30.91,,10.06
1.26610,31.01,,9.80
1.26620,30.91,,9.70
1.26630,31.50,,9.45
1.26640,32.25,,9.70
1.26650,33.33,,9.80
1.26660,34.07,,9.94
1.26670,34.38,,9.70
1.26680,34.90,,9.69
1.26690,35.48,,9.58
1.26700,36.03,,9.45
1.26710,36.66,,9.47
1.26720,37.38,,9.69
1.26730,38.08,,9.81
1.26740,38.71,,9.80
1.26750,38.86,,9.47
1.26760,39.63,,9.34
1.26770,40.22,,9.15
1.26780,40.50,,9.15
1.26790,40.57,,9.23
1.26800,40.71,,9.47
1.26810,41.32,,9.57
1.26820,42.08,,9.36
1.26830,43.00,,9.34
1.26840,43.61,,9.25
1.26850,43.69,,9.23
1.26860,43.57,,9.04
1.26870,43.62,,9.04
1.26880,43.90,,9.02
1.26890,44.53,,9.25
1.26900,45.13,,9.23
1.26910,45.19,,9.15
1.26920,44.37,,9.02
1.26930,44.41,,8.84
1.26940,45.20,,8.73
1.26950,45.50,,8.84
1.26960,45.63,,8.92
1.26970,46.07,,8.94
1.26980,46.17,,8.84
1.26990,46.42,,8.63
1.27000,46.66,,8.47
1.27010,47.13,,8.45
1.27020,47.29,,8.47
1.27030,47.45,,8.63
1.27040,47.20,,8.75
1.27050,47.19,,8.82
1.27060,47.40,,8.56
1.27070,47.39,,8.38
1.27080,47.62,,8.45
1.27090,47.85,,8.38
1.27100,48.01,,8.45
1.27110,47.72,,8.13
1.27120,46.86,,8.10
1.27130,46.46,,8.05
1.27140,46.41,,8.02
1.27150,46.54,,8.30
1.27160,46.30,,8.19
1.27170,46.64,,8.21
1.27180,46.69,,8.05
1.27190,46.41,,8.02
1.27200,46.13,,7.97
1.27210,45.65,,7.94
1.27220,45.40,,7.89
1.27230,44.59,,7.64
1.27240,44.53,,7.59
1.27250,44.29,,7.56
1.27260,43.94,,7.66
1.27270,43.94,,7.74
1.27280,43.36,,7.71
1.27290,42.37,,7.66
1.27300,41.58,,7.49
1.27310,41.42,,7.59
1.27320,41.04,,7.64
1.27330,40.63,,7.32
1.27340,39.92,,7.29
1.27350,39.53,,7.12
1.27360,39.05,,7.35
1.27370,39.22,,7.32
1.27380,39.17,,7.19
1.27390,38.89,,7.09
1.27400,38.50,,7.06
1.27410,38.10,,7.22
1.27420,37.70,,7.12
1.27430,37.27,,7.15
1.27440,36.63,,7.12
1.27450,36.25,,6.91
1.27460,34.10,,6.82
1.27470,34.12,,6.85
1.27480,33.23,,6.94
1.27490,32.99,,6.82
1.27500,32.18,,6.51
1.27510,32.96,,6.71
1.27520,33.46,,7.56
1.27530,33.75,,7.66
1.27540,33.13,,6.73
1.27550,32.71,,6.19
1.27560,32.19,,6.73
1.27570,32.14,,7.38
1.27580,31.43,,6.94
1.27590,30.16,,5.97
1.27600,29.65,,6.49
1.27610,29.08,,7.35
1.27620,28.96,,7.59
1.27630,28.67,,6.62
1.27640,28.36,,6.01
1.27650,27.75,,6.40
1.27660,27.06,,6.94
1.27670,26.48,,6.97
1.27680,26.36,,6.71
1.27690,26.35,,6.49
1.27700,26.35,,6.56
1.27710,26.06,,6.88
1.27720,26.13,,6.85
1.27730,26.40,,6.39
1.27740,26.17,,6.30
1.27750,26.20,,6.60
1.27760,26.14,,6.73
1.27770,26.33,,6.10
1.27780,25.97,,5.16
1.27790,25.64,,9.23
1.27800,25.89,,10.32
1.27810,26.03,,8.63
1.27820,26.03,,2.79
1.27830,29.63,,7.03
1.27840,47.04,,10.06
1.27850,66.59,,9.69
1.27860,71.93,,8.30
1.27870,61.38,,6.85
1.27880,31.93,,5.67
1.27890,25.62,,5.75
1.27900,25.74,,5.59
1.27910,26.18,,4.79
1.27920,26.21,,5.44
1.27930,26.09,,7.74
1.27940,25.88,,8.92
1.27950,25.68,,9.25
1.27960,25.37,,8.63
1.27970,25.12,,6.71
1.27980,25.19,,5.23
1.27990,26.34,,4.96
1.28000,26.91,,5.67
1.28010,27.10,,6.35
1.28020,26.93,,7.25
1.28030,26.84,,7.64
1.28040,27.17,,7.74
1.28050,27.50,,7.64
1.28060,27.49,,6.94
1.28070,27.71,,6.20
1.28080,27.72,,5.59
1.28090,27.97,,5.37
1.28100,28.17,,5.67
1.28110,28.32,,6.39
1.28120,28.40,,6.85
1.28130,28.79,,7.06
1.28140,28.86,,6.97
1.28150,29.15,,6.82
1.28160,29.59,,6.30
1.28170,30.66,,5.59
1.28180,31.48,,5.23
1.28190,32.00,,5.44
1.28200,32.13,,5.83
1.28210,32.26,,6.11
1.28220,32.44,,6.34
1.28230,32.94,,6.46
1.28240,33.43,,6.34
1.28250,33.86,,5.97
1.28260,34.39,,5.51
1.28270,34.54,,5.29
1.28280,35.46,,5.23
1.28290,35.71,,5.44
1.28300,36.15,,5.84
1.28310,36.31,,6.10
1.28320,36.81,,6.11
1.28330,37.14,,5.75
1.28340,37.69,,5.67
1.28350,38.15,,5.29
1.28360,39.42,,5.03
1.28370,39.94,,5.23
1.28380,39.97,,5.51
1.28390,40.23,,5.67
1.28400,40.59,,5.59
1.28410,40.68,,5.52
1.28420,40.39,,5.51
1.28430,41.74,,5.09
1.28440,42.81,,4.91
1.28450,43.20,,5.16
1.28460,43.17,,5.37
1.28470,43.76,,5.44
1.28480,44.33,,5.44
1.28490,44.45,,5.29
1.28500,44.34,,5.16
1.28510,44.23,,4.91
1.28520,44.06,,4.96
1.28530,43.99,,5.23
1.28540,43.87,,5.37
1.28550,43.81,,5.29
1.28560,43.79,,5.09
1.28570,43.63,,5.03
1.28580,43.19,,5.03
1.28590,43.02,,5.03
1.28600,43.18,,5.16
1.28610,43.22,,5.29
1.28620,43.36,,5.09
1.28630,43.98,,4.96
1.28640,43.78,,5.03
1.28650,43.98,,5.09
1.28660,43.69,,5.03
1.28670,43.28,,5.16
1.28680,42.93,,5.16
1.28690,42.40,,4.91
1.28700,41.67,,4.90
1.28710,41.03,,5.23
1.28720,40.14,,5.16
1.28730,39.77,,4.91
1.28740,39.90,,5.09
1.28750,39.42,,5.09
1.28760,39.20,,4.96
1.28770,39.34,,5.03
1.28780,39.07,,5.09
1.28790,38.43,,5.09
1.28800,38.16,,4.97
1.28810,38.28,,5.16
1.28820,38.25,,5.09
1.28830,38.54,,4.84
1.28840,40.55,,4.85
1.28850,42.39,,5.29
1.28860,40.06,,5.23
1.28870,40.30,,4.96
1.28880,40.22,,4.79
1.28890,40.86,,5.09
1.28900,40.89,,5.29
1.28910,41.13,,5.03
1.28920,41.44,,4.90
1.28930,41.57,,5.16
1.28940,41.14,,5.22
1.28950,40.43,,4.97
1.28960,42.33,,5.09
1.28970,43.15,,5.03
1.28980,43.96,,5.09
1.28990,44.43,,5.16
1.29000,45.35,,5.29
1.29010,46.44,,5.09
1.29020,47.38,,5.09
1.29030,47.81,,5.16
1.29040,48.21,,5.29
1.29050,48.01,,5.22
1.29060,48.92,,5.16
1.29070,49.82,,5.22
1.29080,50.50,,5.29
1.29090,51.27,,5.23
1.29100,52.09,,5.29
1.29110,53.06,,5.29
1.29120,53.73,,5.37
1.29130,53.81,,5.37
1.29140,54.53,,5.37
1.29150,54.95,,5.29
1.29160,55.17,,5.44
1.29170,55.73,,5.44
1.29180,56.11,,5.44
1.29190,56.63,,5.37
1.29200,57.15,,5.37
1.29210,57.50,,5.59
1.29220,57.84,,5.59
1.29230,58.38,,5.44
1.29240,59.33,,5.44
1.29250,60.02,,5.44
1.29260,59.98,,5.75
1.29270,60.55,,5.67
1.29280,61.21,,5.59
1.29290,62.39,,5.51
1.29300,63.12,,5.67
1.29310,63.42,,5.67
1.29320,62.69,,5.59
1.29330,61.81,,5.75
1.29340,61.75,,5.75
1.29350,62.05,,5.75
1.29360,62.23,,5.75
1.29370,62.35,,5.83
1.29380,62.75,,5.71
1.29390,62.77,,5.84
1.29400,62.33,,6.05
1.29410,62.70,,5.93
1.29420,63.04,,5.83
1.29430,63.25,,5.52
1.29440,62.36,,6.34
1.29450,63.45,,6.46
1.29460,64.59,,5.83
1.29470,74.40,,5.67
1.29480,64.16,,5.92
1.29490,65.10,,6.39
1.29500,65.26,,6.30
1.29510,65.41,,5.92
1.29520,65.89,,6.06
1.29530,66.08,,6.24
1.29540,65.41,,6.30
1.29550,65.60,,6.19
1.29560,65.93,,6.02
1.29570,66.14,,6.39
1.29580,66.53,,6.34
1.29590,66.24,,6.16
1.29600,65.90,,6.29
1.29610,64.83,,6.40
1.29620,64.36,,6.49
1.29630,64.66,,6.40
1.29640,64.29,,6.19
1.29650,62.96,,6.30
1.29660,62.48,,6.94
1.29670,62.33,,6.46
1.29680,62.25,,6.54
1.29690,62.22,,6.39
1.29700,61.88,,6.51
1.29710,61.74,,6.71
1.29720,61.10,,6.56
1.29730,60.43,,6.54
1.29740,60.80,,6.73
1.29750,60.50,,6.71
1.29760,60.48,,6.62
1.29770,60.43,,6.71
1.29780,59.47,,6.71
1.29790,60.41,,6.73
1.29800,59.85,,6.82
1.29810,59.78,,6.79
1.29820,59.30,,6.76
1.29830,58.93,,6.85
1.29840,57.02,,6.71
1.29850,57.63,,7.03
1.29860,57.33,,7.00
1.29870,57.92,,6.97
1.29880,59.38,,6.88
1.29890,68.23,,7.00
1.29900,58.86,,6.97
1.29910,59.23,,7.00
1.29920,58.93,,7.03
1.29930,59.18,,7.06
1.29940,60.03,,7.03
1.29950,59.71,,7.06
1.29960,59.62,,7.09
1.29970,59.55,,7.12
1.29980,60.08,,7.32
1.29990,59.86,,7.15
1.30000,58.98,,7.00
1.30010,58.33,,7.29
1.30020,57.34,,7.25
1.30030,56.70,,7.15
1.30040,55.66,,7.25
1.30050,55.38,,7.49
1.30060,55.38,,7.45
1.30070,55.73,,7.29
1.30080,54.41,,7.25
1.30090,52.94,,7.19
1.30100,52.68,,7.49
1.30110,54.05,,7.59
1.30120,55.16,,7.42
1.30130,55.31,,7.38
1.30140,55.05,,7.49
1.30150,56.21,,7.52
1.30160,56.48,,7.56
1.30170,55.61,,7.45
1.30180,53.36,,7.49
1.30190,54.73,,7.52
1.30200,54.12,,7.59
1.30210,53.22,,7.71
1.30220,52.25,,7.59
1.30230,53.40,,7.64
1.30240,53.86,,7.74
1.30250,53.02,,7.79
1.30260,53.74,,7.66
1.30270,52.09,,7.71
1.30280,51.01,,7.59
1.30290,52.42,,7.74
1.30300,52.03,,7.94
1.30310,52.07,,7.89
1.30320,53.84,,7.71
1.30330,54.14,,7.74
1.30340,54.90,,7.86
1.30350,55.24,,8.05
1.30360,54.72,,7.86
1.30370,51.96,,7.81
1.30380,52.33,,7.79
1.30390,51.18,,8.13
1.30400,51.77,,8.13
1.30410,50.84,,7.94
1.30420,50.80,,7.74
1.30430,48.83,,7.94
1.30440,50.20,,8.21
1.30450,51.39,,8.36
1.30460,53.18,,8.13
1.30470,51.69,,7.86
1.30480,51.33,,7.81
1.30490,53.48,,8.21
1.30500,53.70,,8.27
1.30510,54.51,,8.47
1.30520,54.57,,8.19
1.30530,55.71,,8.05
1.30540,56.51,,8.02
1.30550,56.76,,8.13
1.30560,57.23,,8.19
1.30570,58.00,,8.65
1.30580,59.50,,8.45
1.30590,60.03,,8.21
1.30600,59.00,,8.13
1.30610,58.29,,8.19
1.30620,58.78,,8.38
1.30630,59.00,,8.63
1.30640,58.89,,8.65
1.30650,58.99,,8.27
1.30660,58.38,,8.21
1.30670,58.26,,8.36
1.30680,59.07,,8.56
1.30690,59.22,,8.65
1.30700,59.92,,8.63
1.30710,60.13,,8.30
1.30720,59.67,,8.36
1.30730,60.17,,8.65
1.30740,60.72,,8.73
1.30750,61.56,,8.84
1.30760,61.90,,8.54
1.30770,61.42,,8.47
1.30780,61.21,,8.45
1.30790,59.60,,8.56
1.30800,59.15,,8.75
1.30810,59.63,,8.82
1.30820,59.94,,8.84
1.30830,60.09,,8.63
1.30840,59.99,,8.56
1.30850,59.93,,8.73
1.30860,60.24,,8.84
1.30870,60.30,,8.92
1.30880,60.53,,8.94
1.30890,60.58,,8.65
1.30900,60.41,,8.73
1.30910,60.79,,8.75
1.30920,61.69,,9.02
1.30930,62.44,,8.94
1.30940,61.93,,8.92
1.30950,62.08,,8.84
1.30960,62.26,,8.82
1.30970,62.04,,8.94
1.30980,62.13,,9.13
1.30990,62.29,,9.15
1.31000,62.25,,9.04
1.31010,61.70,,8.92
1.31020,62.22,,8.94
1.31030,62.22,,8.92
1.31040,62.59,,9.15
1.31050,63.21,,9.23
1.31060,63.42,,9.15
1.31070,63.43,,9.02
1.31080,63.09,,8.84
1.31090,63.08,,9.04
1.31100,63.42,,9.23
1.31110,63.87,,9.36
1.31120,64.43,,9.23
1.31130,64.45,,9.25
1.31140,64.06,,9.13
1.31150,63.69,,9.15
1.31160,63.60,,9.23
1.31170,63.80,,9.36
1.31180,63.65,,9.45
1.31190,63.57,,9.36
1.31200,63.17,,9.15
1.31210,62.73,,9.23
1.31220,62.67,,9.36
1.31230,62.89,,9.34
1.31240,63.17,,9.47
1.31250,63.32,,9.45
1.31260,63.01,,9.36
1.31270,63.18,,9.23
1.31280,62.80,,9.36
1.31290,62.68,,9.47
1.31300,62.76,,9.45
1.31310,62.67,,9.58
1.31320,62.24,,9.57
1.31330,62.16,,9.47
1.31340,61.85,,9.45
1.31350,61.75,,9.47
1.31360,61.97,,9.45
1.31370,61.97,,9.58
1.31380,61.81,,9.69
1.31390,61.64,,9.58
1.31400,61.20,,9.58
1.31410,61.08,,9.45
1.31420,61.00,,9.58
1.31430,61.26,,9.69
1.31440,61.18,,9.81
1.31450,61.00,,9.69
1.31460,60.99,,9.58
1.31470,61.00,,9.69
1.31480,61.19,,9.58
1.31490,61.17,,9.70
1.31500,61.10,,9.80
1.31510,60.81,,9.81
1.31520,60.29,,9.69
1.31530,59.88,,9.70
1.31540,59.45,,9.69
1.31550,59.25,,9.81
1.31560,59.09,,9.93
1.31570,58.69,,9.94
1.31580,58.13,,9.93
1.31590,57.62,,9.81
1.31600,57.53,,9.70
1.31610,56.99,,9.80
1.31620,56.94,,9.81
1.31630,56.61,,9.93
1.31640,56.16,,9.94
1.31650,55.44,,10.05
1.31660,55.38,,9.81
1.31670,55.49,,10.05
1.31680,55.43,,9.94
1.31690,55.38,,10.06
1.31700,54.50,,9.93
1.31710,53.70,,10.06
1.31720,53.20,,9.93
1.31730,53.00,,9.94
1.31740,52.93,,10.05
1.31750,53.16,,9.94
1.31760,53.12,,10.18
1.31770,53.03,,10.19
1.31780,52.66,,10.05
1.31790,52.34,,10.06
1.31800,51.83,,9.94
1.31810,51.39,,10.05
1.31820,50.99,,10.19
1.31830,50.61,,10.18
1.31840,50.15,,10.32
1.31850,49.87,,10.18
1.31860,49.58,,10.06
1.31870,49.35,,10.05
1.31880,48.88,,10.19
1.31890,48.67,,10.06
1.31900,48.51,,10.31
1.31910,48.02,,10.45
1.31920,47.52,,10.18
1.31930,46.95,,10.19
1.31940,46.49,,10.18
1.31950,46.06,,10.32
1.31960,45.43,,10.05
1.31970,45.26,,10.45
1.31980,45.04,,10.45
1.31990,45.13,,10.32
1.32000,44.42,,10.32
1.32010,43.76,,10.18
1.32020,43.39,,10.19
1.32030,43.18,,10.31
1.32040,42.92,,10.45
1.32050,42.74,,10.45
1.32060,42.56,,10.59
1.32070,42.06,,10.45
1.32080,41.67,,10.32
1.32090,41.45,,10.32
1.32100,41.58,,10.45
1.32110,41.12,,10.45
1.32120,40.89,,10.45
1.32130,40.55,,10.59
1.32140,39.99,,10.45
1.32150,39.63,,10.45
1.32160,38.94,,10.59
1.32170,38.19,,10.59
1.32180,37.62,,10.59
1.32190,37.02,,10.59
1.32200,36.30,,10.59
1.32210,35.26,,10.45
1.32220,34.39,,10.59
1.32230,33.89,,10.59
1.32240,33.42,,10.59
1.32250,32.92,,10.73
1.32260,32.25,,10.59
1.32270,31.51,,10.59
1.32280,31.06,,10.73
1.32290,31.09,,10.73
1.32300,30.37,,10.73
1.32310,29.56,,10.73
1.32320,28.75,,10.88
1.32330,28.08,,10.73
1.32340,27.26,,10.73
1.32350,26.41,,10.73
1.32360,25.70,,10.59
1.32370,25.10,,10.59
1.32380,24.80,,10.88
1.32390,24.72,,10.97
1.32400,24.34,,11.07
1.32410,23.55,,10.88
1.32420,23.26,,10.73
1.32430,23.26,,10.73
1.32440,23.33,,10.78
1.32450,23.28,,10.93
1.32460,23.05,,10.92
1.32470,23.07,,11.03
1.32480,22.76,,11.02
1.32490,22.42,,10.88
1.32500,22.21,,10.73
1.32510,22.00,,10.73
1.32520,22.04,,10.88
1.32530,22.11,,11.07
1.32540,21.96,,11.29
1.32550,21.67,,11.18
1.32560,20.75,,11.03
1.32570,20.40,,10.88
1.32580,19.51,,10.88
1.32590,19.44,,10.73
1.32600,19.70,,10.92
1.32610,19.86,,11.13
1.32620,19.91,,11.33
1.32630,19.51,,11.19
1.32640,19.28,,11.18
1.32650,19.04,,10.88
1.32660,18.83,,10.88
1.32670,18.81,,10.98
1.32680,18.74,,11.07
1.32690,19.00,,11.33
1.32700,19.15,,11.19
1.32710,19.05,,11.18
1.32720,18.85,,11.03
1.32730,18.66,,11.02
1.32740,18.51,,11.03
1.32750,18.25,,11.18
1.32760,18.16,,11.19
1.32770,17.85,,11.39
1.32780,17.70,,11.45
1.32790,17.54,,11.33
1.32800,17.01,,11.02
1.32810,16.59,,11.03
1.32820,16.64,,11.02
1.32830,16.77,,11.19
1.32840,16.79,,11.50
1.32850,16.92,,11.35
1.32860,17.14,,11.33
1.32870,17.39,,11.51
1.32880,18.00,,11.33
1.32890,18.54,,11.35
1.32900,18.55,,11.18
1.32910,18.55,,11.18
1.32920,18.88,,11.35
1.32930,19.31,,11.50
1.32940,19.51,,11.35
1.32950,19.70,,11.50
1.32960,19.72,,11.29
1.32970,20.27,,11.23
1.32980,20.63,,11.35
1.32990,21.09,,11.50
1.33000,21.96,,11.33
1.33010,22.62,,11.57
1.33020,23.34,,11.50
1.33030,23.96,,11.45
1.33040,24.47,,11.33
1.33050,24.82,,11.35
1.33060,24.90,,11.50
1.33070,24.83,,11.51
1.33080,24.75,,11.50
1.33090,24.42,,11.51
1.33100,24.15,,11.44
1.33110,24.05,,11.39
1.33120,24.65,,11.68
1.33130,25.51,,11.61
1.33140,26.48,,11.74
1.33150,27.89,,11.83
1.33160,29.77,,11.74
1.33170,31.91,,11.44
1.33180,34.75,,11.19
1.33190,37.98,,11.02
1.33200,40.81,,11.33
1.33210,43.57,,11.68
1.33220,45.78,,11.66
1.33230,47.46,,11.68
1.33240,49.99,,11.55
1.33250,51.76,,11.45
1.33260,54.28,,11.66
1.33270,56.12,,11.51
1.33280,57.61,,11.66
1.33290,58.73,,11.68
1.33300,60.12,,11.78
1.33310,61.23,,11.55
1.33320,62.65,,11.35
1.33330,64.31,,11.33
1.33340,65.51,,11.35
1.33350,66.68,,11.61
1.33360,67.61,,11.57
1.33370,68.37,,11.66
1.33380,69.32,,11.51
1.33390,70.44,,11.61
1.33400,71.27,,11.55
1.33410,72.09,,11.51
1.33420,72.75,,11.66
1.33430,73.22,,11.62
1.33440,73.68,,11.72
1.33450,74.23,,11.79
1.33460,74.49,,11.72
1.33470,75.33,,11.51
1.33480,76.16,,11.50
1.33490,77.17,,11.62
1.33500,77.93,,11.72
1.33510,79.20,,11.66
1.33520,80.35,,11.85
1.33530,81.10,,11.95
1.33540,81.45,,11.91
1.33550,81.91,,11.83
1.33560,82.51,,11.68
1.33570,82.73,,11.72
1.33580,83.07,,11.79
1.33590,83.33,,11.83
1.33600,83.47,,11.83
1.33610,83.61,,11.85
1.33620,83.90,,11.83
1.33630,83.96,,11.85
1.33640,83.73,,11.72
1.33650,83.65,,11.79
1.33660,83.76,,11.95
1.33670,83.51,,11.91
1.33680,83.35,,12.07
1.33690,83.09,,11.97
1.33700,82.67,,12.01
1.33710,82.04,,12.01
1.33720,81.22,,12.03
1.33730,81.01,,12.01
1.33740,80.74,,12.03
1.33750,80.80,,12.01
1.33760,80.38,,12.03
1.33770,79.62,,12.19
1.33780,78.68,,12.03
1.33790,77.79,,12.13
1.33800,77.15,,12.07
1.33810,76.35,,11.91
1.33820,75.73,,12.07
1.33830,75.14,,12.16
1.33840,74.40,,12.19
1.33850,73.65,,12.34
1.33860,72.63,,12.38
1.33870,71.35,,12.03
1.33880,70.13,,12.01
1.33890,69.28,,12.03
1.33900,68.88,,12.01
1.33910,68.67,,12.01
1.33920,68.18,,12.22
1.33930,67.46,,12.32
1.33940,66.33,,12.47
1.33950,65.06,,12.38
1.33960,64.02,,12.28
1.33970,63.14,,11.83
1.33980,61.94,,12.03
1.33990,61.07,,12.71
1.34000,60.17,,12.32
1.34010,59.24,,12.09
1.34020,57.78,,12.38
1.34030,56.84,,12.41
1.34040,55.91,,12.38
1.34050,54.73,,12.22
1.34060,53.61,,12.19
1.34070,52.70,,12.22
1.34080,52.32,,12.57
1.34090,51.91,,12.61
1.34100,51.29,,12.57
1.34110,50.77,,12.19
1.34120,50.44,,12.28
1.34130,50.30,,12.19
1.34140,49.79,,12.16
1.34150,49.14,,12.38
1.34160,48.31,,12.22
1.34170,47.47,,12.44
1.34180,47.07,,12.54
1.34190,47.07,,12.44
1.34200,47.02,,12.44
1.34210,46.83,,12.41
1.34220,46.46,,12.44
1.34230,46.12,,12.54
1.34240,45.52,,12.44
1.34250,44.90,,12.41
1.34260,44.83,,12.57
1.34270,45.03,,12.41
1.34280,44.92,,12.44
1.34290,44.95,,12.54
1.34300,44.83,,12.57
1.34310,44.45,,12.71
1.34320,43.77,,12.47
1.34330,43.79,,12.51
1.34340,43.59,,12.47
1.34350,43.39,,12.57
1.34360,42.88,,12.47
1.34370,42.37,,12.44
1.34380,42.41,,12.47
1.34390,42.86,,12.57
1.34400,43.03,,12.77
1.34410,42.47,,12.81
1.34420,41.54,,12.77
1.34430,41.04,,12.61
1.34440,40.89,,12.44
1.34450,41.13,,12.34
1.34460,41.95,,12.57
1.34470,42.33,,12.61
1.34480,42.66,,12.77
1.34490,42.74,,13.02
1.34500,43.13,,12.77
1.34510,43.14,,12.91
1.34520,43.77,,12.67
1.34530,44.24,,12.57
1.34540,45.14,,12.54
1.34550,45.99,,12.64
1.34560,46.50,,12.74
1.34570,46.82,,12.84
1.34580,47.19,,12.95
1.34590,48.15,,12.84
1.34600,48.75,,12.77
1.34610,49.65,,12.61
1.34620,49.77,,12.71
1.34630,50.30,,12.67
1.34640,51.09,,12.77
1.34650,51.51,,12.81
1.34660,52.17,,12.91
1.34670,52.57,,12.88
1.34680,53.71,,12.98
1.34690,54.26,,12.88
1.34700,54.55,,12.91
1.34710,55.08,,12.77
1.34720,55.71,,12.61
1.34730,56.20,,12.77
1.34740,57.36,,12.81
1.34750,58.11,,12.77
1.34760,58.66,,13.02
1.34770,59.21,,12.98
1.34780,58.97,,13.24
1.34790,59.23,,12.98
1.34800,59.52,,12.98
1.34810,59.91,,12.81
1.34820,60.68,,12.77
1.34830,61.31,,12.74
1.34840,62.17,,12.84
1.34850,63.08,,12.81
1.34860,64.02,,13.19
1.34870,64.75,,13.16
1.34880,64.96,,13.12
1.34890,64.96,,13.09
1.34900,64.96,,12.84
1.34910,65.66,,12.77
1.34920,66.35,,12.61
1.34930,67.17,,12.77
1.34940,68.26,,12.88
1.34950,68.86,,13.12
1.34960,69.42,,13.24
1.34970,69.73,,13.56
1.34980,70.24,,13.54
1.34990,70.44,,13.19
1.35000,71.01,,12.98
1.35010,71.56,,12.88
1.35020,72.15,,12.91
1.35030,72.75,,12.88
1.35040,73.31,,13.12
1.35050,73.69,,13.39
1.35060,73.94,,13.27
1.35070,74.13,,13.24
1.35080,74.54,,13.19
1.35090,75.61,,12.88
1.35100,76.20,,12.98
1.35110,76.38,,12.98
1.35120,76.56,,13.16
1.35130,76.73,,13.05
1.35140,77.26,,13.24
1.35150,77.59,,13.34
1.35160,78.36,,13.31
1.35170,78.81,,13.34
1.35180,79.21,,13.31
1.35190,79.09,,13.27
1.35200,78.74,,13.27
1.35210,78.69,,13.24
1.35220,78.57,,13.12
1.35230,78.85,,13.24
1.35240,79.32,,13.27
1.35250,79.50,,13.46
1.35260,79.69,,13.41
1.35270,79.71,,13.46
1.35280,80.13,,13.27
1.35290,80.14,,13.39
1.35300,80.42,,13.19
1.35310,80.79,,13.19
1.35320,81.20,,13.09
1.35330,81.51,,13.27
1.35340,81.62,,13.39
1.35350,81.69,,13.56
1.35360,81.68,,13.54
1.35370,81.59,,13.56
1.35380,81.38,,13.39
1.35390,81.09,,13.27
1.35400,81.07,,13.27
1.35410,80.97,,13.39
1.35420,80.37,,13.41
1.35430,79.97,,13.54
1.35440,79.65,,13.56
1.35450,79.69,,13.54
1.35460,79.41,,13.56
1.35470,79.19,,13.46
1.35480,79.07,,13.41
1.35490,79.39,,13.46
1.35500,79.02,,13.56
1.35510,79.00,,13.41
1.35520,78.79,,13.54
1.35530,78.37,,13.56
1.35540,77.86,,13.54
1.35550,76.65,,13.41
1.35560,76.18,,13.54
1.35570,75.81,,13.41
1.35580,75.82,,13.39
1.35590,75.92,,13.56
1.35600,75.55,,13.39
1.35610,74.96,,13.56
1.35620,74.49,,13.72
1.35630,73.98,,13.69
1.35640,73.46,,13.72
1.35650,73.18,,13.54
1.35660,73.03,,13.64
1.35670,72.45,,13.46
1.35680,72.73,,13.41
1.35690,72.67,,13.69
1.35700,72.29,,13.72
1.35710,71.77,,13.80
1.35720,71.26,,13.77
1.35730,70.85,,13.80
1.35740,70.56,,13.69
1.35750,70.23,,13.64
1.35760,70.07,,13.46
1.35770,70.29,,13.64
1.35780,70.06,,13.69
1.35790,69.98,,13.72
1.35800,69.82,,13.85
1.35810,69.21,,13.88
1.35820,68.67,,13.72
1.35830,68.46,,13.85
1.35840,68.43,,13.64
1.35850,68.23,,13.69
1.35860,68.29,,13.64
1.35870,68.12,,13.54
1.35880,67.82,,13.72
1.35890,67.60,,14.01
1.35900,67.18,,13.88
1.35910,66.76,,14.12
1.35920,66.51,,13.93
1.35930,66.63,,13.88
1.35940,67.05,,13.69
1.35950,67.26,,13.64
1.35960,67.50,,13.61
1.35970,67.63,,13.72
1.35980,67.67,,14.01
1.35990,67.78,,13.88
1.36000,67.61,,14.10
1.36010,67.51,,13.96
1.36020,67.55,,13.88
1.36030,67.70,,13.85
1.36040,67.88,,13.64
1.36050,67.75,,13.69
1.36060,67.79,,13.64
1.36070,67.79,,13.85
1.36080,68.36,,13.88
1.36090,68.37,,14.01
1.36100,68.15,,14.12
1.36110,67.73,,13.96
1.36120,67.76,,14.01
1.36130,68.04,,13.72
1.36140,68.40,,13.69
1.36150,68.52,,13.72
1.36160,68.51,,13.85
1.36170,68.22,,13.88
1.36180,67.84,,14.01
1.36190,67.69,,14.04
1.36200,67.54,,14.01
1.36210,67.96,,14.04
1.36220,68.04,,13.88
1.36230,68.03,,13.85
1.36240,67.83,,13.56
1.36250,67.93,,13.69
1.36260,67.75,,13.88
1.36270,67.68,,13.85
1.36280,67.41,,13.88
1.36290,67.03,,14.18
1.36300,66.79,,14.20
1.36310,66.59,,14.04
1.36320,66.35,,14.01
1.36330,66.57,,13.80
1.36340,66.29,,13.69
1.36350,66.06,,13.80
1.36360,65.43,,13.85
1.36370,64.79,,14.04
1.36380,64.28,,14.18
1.36390,64.11,,14.12
1.36400,63.61,,14.27
1.36410,63.07,,14.04
1.36420,62.85,,14.04
1.36430,62.74,,13.69
1.36440,62.52,,13.72
1.36450,61.85,,13.93
1.36460,61.45,,13.96
1.36470,60.79,,14.18
1.36480,59.91,,14.04
1.36490,59.72,,14.18
1.36500,59.70,,14.20
1.36510,59.32,,14.20
1.36520,58.55,,14.01
1.36530,57.88,,13.88
1.36540,57.22,,13.69
1.36550,56.51,,13.88
1.36560,55.87,,14.01
1.36570,54.94,,14.04
1.36580,54.32,,14.35
1.36590,53.73,,14.20
1.36600,53.35,,14.18
1.36610,52.95,,14.20
1.36620,52.74,,14.20
1.36630,52.62,,14.18
1.36640,52.16,,14.04
1.36650,51.75,,14.01
1.36660,51.63,,14.20
1.36670,51.58,,14.18
1.36680,51.20,,14.20
1.36690,50.84,,14.35
1.36700,50.67,,14.20
1.36710,50.31,,14.20
1.36720,49.82,,14.18
1.36730,49.77,,13.96
1.36740,48.38,,13.93
1.36750,48.12,,14.04
1.36760,47.99,,14.18
1.36770,47.54,,14.04
1.36780,47.15,,14.35
1.36790,46.78,,14.20
1.36800,46.77,,14.18
1.36810,46.22,,14.20
1.36820,45.87,,14.20
1.36830,45.16,,14.18
1.36840,44.38,,14.20
1.36850,43.63,,14.18
1.36860,43.16,,14.29
1.36870,42.89,,14.27
1.36880,42.57,,14.20
1.36890,41.97,,14.01
1.36900,41.92,,14.20
1.36910,41.31,,14.04
1.36920,41.20,,14.18
1.36930,40.89,,14.37
1.36940,40.63,,14.18
1.36950,40.28,,14.20
1.36960,39.96,,14.35
1.36970,39.84,,14.37
1.36980,39.66,,14.18
1.36990,39.43,,14.37
1.37000,39.32,,14.01
1.37010,39.26,,14.20
1.37020,38.86,,14.04
1.37030,38.41,,14.10
1.37040,37.93,,14.12
1.37050,37.37,,14.18
1.37060,36.85,,14.20
1.37070,36.04,,14.35
1.37080,35.36,,14.20
1.37090,34.70,,14.18
1.37100,33.99,,14.04
1.37110,33.50,,14.20
1.37120,33.08,,14.35
1.37130,32.37,,14.37
1.37140,32.15,,14.35
1.37150,31.64,,14.37
1.37160,31.16,,14.27
1.37170,30.63,,14.29
1.37180,29.98,,14.01
1.37190,29.57,,14.20
1.37200,28.98,,14.01
1.37210,28.67,,14.20
1.37220,28.28,,14.12
1.37230,27.87,,14.27
1.37240,27.46,,14.37
1.37250,26.91,,14.35
1.37260,26.66,,14.37
1.37270,26.12,,14.35
1.37280,26.02,,14.20
1.37290,25.88,,14.01
1.37300,25.81,,14.20
1.37310,25.63,,14.20
1.37320,25.52,,14.18
1.37330,25.19,,14.54
1.37340,25.24,,14.35
1.37350,25.01,,14.37
1.37360,25.01,,14.18
1.37370,25.03,,14.20
1.37380,24.79,,14.18
1.37390,24.30,,14.20
1.37400,23.93,,14.35
1.37410,23.57,,14.37
1.37420,23.13,,14.46
1.37430,22.72,,14.44
1.37440,21.96,,14.37
1.37450,21.53,,14.35
1.37460,21.39,,14.20
1.37470,21.22,,14.18
1.37480,21.25,,14.04
1.37490,21.23,,14.01
1.37500,21.22,,14.37
1.37510,21.05,,14.37
1.37520,20.92,,14.35
1.37530,20.72,,14.37
1.37540,20.29,,14.35
1.37550,19.89,,14.29
1.37560,19.67,,14.27
1.37570,19.55,,14.20
1.37580,19.61,,14.27
1.37590,19.60,,14.29
1.37600,19.61,,14.35
1.37610,19.62,,14.54
1.37620,19.69,,14.37
1.37630,19.71,,14.44
1.37640,19.86,,14.29
1.37650,20.05,,14.18
1.37660,20.31,,14.20
1.37670,20.34,,14.18
1.37680,20.40,,14.12
1.37690,20.54,,14.27
1.37700,20.55,,14.20
1.37710,20.12,,14.37
1.37720,19.73,,14.27
1.37730,19.41,,14.29
1.37740,19.22,,14.27
1.37750,19.24,,14.29
1.37760,19.34,,14.27
1.37770,19.21,,14.29
1.37780,19.40,,14.35
1.37790,19.20,,14.54
1.37800,19.02,,14.53
1.37810,18.77,,14.54
1.37820,18.24,,14.20
1.37830,17.95,,14.35
1.37840,17.85,,14.12
1.37850,17.74,,13.93
1.37860,17.96,,14.20
1.37870,18.08,,14.18
1.37880,17.88,,14.29
1.37890,17.61,,14.44
1.37900,17.50,,14.54
1.37910,17.20,,14.46
1.37920,17.09,,14.44
1.37930,17.04,,14.37
1.37940,16.99,,14.18
1.37950,17.07,,14.20
1.37960,17.16,,14.18
1.37970,17.15,,14.37
1.37980,17.12,,14.35
1.37990,17.18,,14.37
1.38000,17.37,,14.35
1.38010,17.57,,14.37
1.38020,17.41,,14.20
1.38030,17.33,,14.35
1.38040,17.29,,14.20
1.38050,17.53,,14.18
1.38060,17.86,,14.37
1.38070,17.93,,14.53
1.38080,17.41,,14.54
1.38090,16.68,,14.53
1.38100,16.26,,14.54
1.38110,16.23,,14.37
1.38120,16.54,,14.35
1.38130,16.77,,14.20
1.38140,16.97,,14.01
1.38150,17.55,,14.04
1.38160,17.38,,14.18
1.38170,17.34,,14.37
1.38180,17.22,,14.35
1.38190,17.60,,14.37
1.38200,17.37,,14.35
1.38210,17.38,,14.37
1.38220,17.70,,14.37
1.38230,17.92,,14.35
1.38240,17.91,,14.20
1.38250,18.83,,14.35
1.38260,19.34,,14.54
1.38270,19.67,,14.35
1.38280,20.02,,14.54
1.38290,20.36,,14.53
1.38300,20.65,,14.37
1.38310,20.71,,14.35
1.38320,21.30,,14.37
1.38330,22.07,,14.12
1.38340,22.67,,14.18
1.38350,23.29,,14.12
1.38360,23.80,,14.35
1.38370,24.42,,14.37
1.38380,25.06,,14.27
1.38390,25.75,,14.37
1.38400,26.38,,14.44
1.38410,27.14,,14.37
1.38420,27.43,,14.37
1.38430,28.29,,14.35
1.38440,28.67,,14.37
1.38450,29.64,,14.27
1.38460,30.05,,14.37
1.38470,30.59,,14.44
1.38480,31.07,,14.20
1.38490,31.56,,14.18
1.38500,32.09,,14.20
1.38510,33.11,,14.27
1.38520,33.89,,14.12
1.38530,34.53,,14.37
1.38540,35.09,,14.35
1.38550,36.04,,14.37
1.38560,36.95,,14.35
1.38570,37.73,,14.29
1.38580,38.10,,14.27
1.38590,38.75,,14.29
1.38600,39.43,,14.44
1.38610,39.79,,14.20
1.38620,40.10,,14.37
1.38630,40.82,,14.35
1.38640,41.53,,14.54
1.38650,42.07,,14.27
1.38660,42.63,,14.12
1.38670,43.13,,14.18
1.38680,43.50,,14.12
1.38690,44.52,,14.10
1.38700,45.32,,14.20
1.38710,45.75,,14.18
1.38720,46.05,,14.20
1.38730,46.62,,14.29
1.38740,47.68,,14.44
1.38750,48.38,,14.37
1.38760,49.03,,14.44
1.38770,49.60,,14.46
1.38780,50.24,,14.35
1.38790,50.83,,14.37
1.38800,51.35,,14.35
1.38810,51.60,,14.37
1.38820,52.21,,14.20
1.38830,52.84,,14.18
1.38840,53.13,,14.20
1.38850,53.61,,14.18
1.38860,54.26,,14.20
1.38870,54.49,,14.18
1.38880,54.88,,14.20
1.38890,54.95,,14.35
1.38900,55.34,,14.46
1.38910,55.43,,14.10
1.38920,55.95,,14.20
1.38930,59.01,,14.20
1.38940,60.13,,14.18
1.38950,59.22,,14.37
1.38960,58.24,,14.35
1.38970,58.85,,14.54
1.38980,59.35,,14.35
1.38990,59.83,,14.54
1.39000,60.03,,14.35
1.39010,59.69,,14.20
1.39020,59.81,,14.12
1.39030,59.63,,14.18
1.39040,59.89,,14.12
1.39050,60.07,,14.18
1.39060,60.36,,14.20
1.39070,60.38,,14.35
1.39080,60.31,,14.54
1.39090,60.36,,14.35
1.39100,60.68,,14.54
1.39110,60.87,,14.18
1.39120,60.94,,14.37
1.39130,61.13,,14.04
1.39140,61.15,,14.18
1.39150,61.26,,14.20
1.39160,61.32,,14.35
1.39170,61.27,,14.37
1.39180,61.14,,14.53
1.39190,60.83,,14.37
1.39200,60.68,,14.35
1.39210,60.80,,14.20
1.39220,60.44,,14.04
1.39230,60.24,,14.01
1.39240,60.35,,14.12
1.39250,59.96,,14.18
1.39260,59.61,,14.29
1.39270,59.25,,14.53
1.39280,59.65,,14.37
1.39290,59.38,,14.53
1.39300,59.07,,14.54
1.39310,58.42,,14.35
1.39320,58.16,,14.20
1.39330,58.08,,14.20
1.39340,57.75,,14.18
1.39350,57.41,,14.20
1.39360,56.92,,14.18
1.39370,56.68,,14.20
1.39380,56.37,,14.35
1.39390,56.08,,14.37
1.39400,55.81,,14.27
1.39410,55.37,,14.29
1.39420,55.20,,14.20
1.39430,54.87,,14.35
1.39440,54.36,,14.37
1.39450,54.14,,14.35
1.39460,53.68,,14.37
1.39470,53.40,,14.35
1.39480,53.49,,14.37
1.39490,53.36,,14.53
1.39500,53.21,,14.37
1.39510,53.09,,14.35
1.39520,52.54,,14.20
1.39530,52.31,,14.37
1.39540,52.11,,14.35
1.39550,51.80,,14.37
1.39560,51.41,,14.35
1.39570,51.04,,14.37
1.39580,50.81,,14.35
1.39590,50.64,,14.37
1.39600,50.30,,14.18
1.39610,49.84,,14.20
1.39620,49.68,,14.20
1.39630,49.10,,14.35
1.39640,49.01,,14.20
1.39650,48.77,,14.44
1.39660,48.84,,14.29
1.39670,48.71,,14.53
1.39680,48.70,,14.37
1.39690,48.43,,14.18
1.39700,47.89,,14.37
1.39710,47.71,,14.44
1.39720,47.39,,14.29
1.39730,46.81,,14.37
1.39740,46.65,,14.35
1.39750,46.32,,14.37
1.39760,46.01,,14.35
1.39770,45.85,,14.20
1.39780,45.60,,14.35
1.39790,45.35,,14.20
1.39800,45.01,,14.18
1.39810,44.91,,14.37
1.39820,44.71,,14.37
1.39830,44.45,,14.35
1.39840,44.44,,14.37
1.39850,44.49,,14.44
1.39860,44.59,,14.37
1.39870,44.31,,14.27
1.39880,44.39,,14.37
1.39890,44.75,,14.35
1.39900,44.84,,14.20
1.39910,44.86,,14.35
1.39920,44.62,,14.37
1.39930,44.68,,14.20
1.39940,44.76,,14.35
1.39950,44.91,,14.20
1.39960,44.98,,14.35
1.39970,44.70,,14.20
1.39980,44.71,,14.35
1.39990,44.55,,14.20
1.40000,44.66,,14.35
1.40010,44.99,,14.37
1.40020,44.90,,14.37
1.40030,45.19,,14.35
1.40040,45.08,,14.46
1.40050,45.05,,14.44
1.40060,45.23,,14.20
1.40070,45.11,,14.35
1.40080,45.11,,14.20
1.40090,45.41,,14.18
1.40100,45.57,,14.20
1.40110,45.58,,14.27
1.40120,45.72,,14.29
1.40130,45.87,,14.37
1.40140,45.90,,14.35
1.40150,45.76,,14.37
1.40160,45.70,,14.35
1.40170,45.63,,14.12
1.40180,45.80,,14.27
1.40190,45.46,,14.20
1.40200,45.36,,14.35
1.40210,45.04,,14.37
1.40220,45.40,,14.37
1.40230,45.14,,14.35
1.40240,45.11,,14.20
1.40250,45.25,,14.35
1.40260,45.51,,14.37
1.40270,45.36,,14.35
1.40280,45.30,,14.37
1.40290,44.89,,14.35
1.40300,44.76,,14.37
1.40310,44.46,,14.35
1.40320,44.36,,14.20
1.40330,43.98,,14.20
1.40340,43.79,,14.18
1.40350,43.61,,14.20
1.40360,43.62,,14.18
1.40370,43.22,,14.37
1.40380,43.09,,14.53
1.40390,42.68,,14.37
1.40400,42.37,,14.53
1.40410,42.19,,14.37
1.40420,41.93,,14.20
1.40430,41.81,,14.35
1.40440,41.57,,14.20
1.40450,41.35,,14.18
1.40460,40.86,,14.37
1.40470,40.70,,14.44
1.40480,40.55,,14.46
1.40490,40.32,,14.53
1.40500,39.84,,14.37
1.40510,39.55,,14.35
1.40520,39.30,,14.29
1.40530,39.61,,14.29
1.40540,39.66,,14.27
1.40550,39.42,,14.37
1.40560,38.81,,14.27
1.40570,38.63,,14.37
1.40580,38.49,,14.35
1.40590,38.21,,14.37
1.40600,38.32,,14.35
1.40610,38.17,,14.20
1.40620,37.85,,14.37
1.40630,37.65,,14.18
1.40640,37.61,,14.37
1.40650,37.52,,14.35
1.40660,37.17,,14.46
1.40670,36.95,,14.44
1.40680,36.55,,14.54
1.40690,36.64,,14.53
1.40700,36.59,,14.54
1.40710,36.32,,14.53
1.40720,36.03,,14.37
1.40730,35.53,,14.20
1.40740,35.49,,14.35
1.40750,35.29,,14.12
1.40760,34.81,,14.18
1.40770,34.69,,14.12
1.40780,34.73,,14.18
1.40790,34.16,,14.37
1.40800,34.12,,14.18
1.40810,33.94,,14.37
1.40820,33.88,,14.20
1.40830,33.83,,14.53
1.40840,33.86,,14.20
1.40850,33.61,,14.53
1.40860,33.45,,14.37
1.40870,33.39,,14.35
1.40880,33.27,,14.54
1.40890,33.15,,14.35
1.40900,33.12,,14.37
1.40910,32.91,,14.35
1.40920,32.76,,14.20
1.40930,32.57,,14.37
1.40940,32.36,,14.35
1.40950,32.14,,14.37
1.40960,32.04,,14.18
1.40970,31.77,,14.37
1.40980,31.47,,14.18
1.40990,31.40,,14.37
1.41000,31.21,,14.35
1.41010,31.04,,14.20
1.41020,30.82,,14.35
1.41030,30.65,,14.37
1.41040,30.54,,14.20
1.41050,30.28,,14.35
1.41060,29.96,,14.37
1.41070,29.63,,14.27
1.41080,29.16,,14.46
1.41090,29.49,,14.35
1.41100,29.07,,14.37
1.41110,28.89,,14.18
1.41120,28.69,,14.37
1.41130,28.47,,14.37
1.41140,28.24,,14.35
1.41150,28.23,,14.20
1.41160,28.02,,14.35
1.41170,28.14,,14.20
1.41180,27.86,,14.35
1.41190,27.84,,14.20
1.41200,27.87,,14.35
1.41210,28.13,,14.46
1.41220,28.11,,14.44
1.41230,27.73,,14.54
1.41240,27.35,,14.46
1.41250,27.51,,14.44
1.41260,27.28,,14.37
1.41270,27.37,,14.18
1.41280,27.42,,14.20
1.41290,27.69,,14.10
1.41300,27.67,,14.12
1.41310,27.92,,14.35
1.41320,28.08,,14.37
1.41330,28.05,,14.37
1.41340,28.23,,14.53
1.41350,28.70,,14.37
1.41360,28.88,,14.44
1.41370,28.64,,14.37
1.41380,28.99,,14.27
1.41390,29.46,,14.37
1.41400,29.51,,14.35
1.41410,30.03,,14.37
1.41420,30.04,,14.53
1.41430,30.20,,14.54
1.41440,30.62,,14.37
1.41450,30.61,,14.53
1.41460,30.84,,14.20
1.41470,31.36,,14.27
1.41480,31.99,,14.29
1.41490,32.22,,14.18
1.41500,32.47,,14.37
1.41510,32.68,,14.35
1.41520,32.98,,14.37
1.41530,33.48,,14.37
1.41540,33.44,,14.35
1.41550,34.19,,14.37
1.41560,34.08,,14.35
1.41570,34.72,,14.20
1.41580,35.47,,14.18
1.41590,35.80,,14.37
1.41600,36.54,,14.18
1.41610,37.28,,14.54
1.41620,37.84,,14.53
1.41630,38.41,,14.54
1.41640,39.10,,14.46
1.41650,39.54,,14.44
1.41660,40.15,,14.20
1.41670,40.08,,14.35
1.41680,39.62,,14.37
1.41690,39.53,,14.35
1.41700,39.68,,14.37
1.41710,39.80,,14.35
1.41720,40.50,,14.20
1.41730,40.96,,14.37
1.41740,41.56,,14.35
1.41750,42.32,,14.37
1.41760,43.16,,14.35
1.41770,43.99,,14.37
1.41780,44.91,,14.35
1.41790,45.68,,14.54
1.41800,46.47,,14.53
1.41810,47.14,,14.37
1.41820,47.61,,14.35
1.41830,48.02,,14.29
1.41840,48.21,,14.29
1.41850,48.78,,14.18
1.41860,49.54,,14.20
1.41870,49.89,,14.35
1.41880,50.37,,14.46
1.41890,51.06,,14.44
1.41900,51.36,,14.63
1.41910,52.17,,14.62
1.41920,52.83,,14.37
1.41930,53.20,,14.46
1.41940,54.20,,14.27
1.41950,54.71,,14.37
1.41960,55.53,,14.35
1.41970,56.13,,14.37
1.41980,56.52,,14.35
1.41990,56.73,,14.46
1.42000,56.89,,14.44
1.42010,56.93,,14.37
1.42020,57.52,,14.35
1.42030,58.27,,14.37
1.42040,58.88,,14.20
1.42050,59.41,,14.18
1.42060,59.64,,14.37
1.42070,59.95,,14.35
1.42080,60.29,,14.54
1.42090,60.46,,14.71
1.42100,61.03,,14.54
1.42110,61.80,,14.53
1.42120,62.37,,14.54
1.42130,63.50,,14.37
1.42140,64.10,,14.35
1.42150,64.61,,14.37
1.42160,65.38,,14.35
1.42170,66.18,,14.37
1.42180,66.40,,14.53
1.42190,67.02,,14.54
1.42200,67.57,,14.35
1.42210,68.28,,14.54
1.42220,68.69,,14.35
1.42230,68.92,,14.37
1.42240,69.40,,14.37
1.42250,69.88,,14.35
1.42260,70.21,,14.37
1.42270,70.42,,14.44
1.42280,71.00,,14.46
1.42290,71.71,,14.53
1.42300,72.23,,14.54
1.42310,72.90,,14.35
1.42320,73.82,,14.54
1.42330,74.28,,14.37
1.42340,74.39,,14.53
1.42350,74.61,,14.54
1.42360,75.06,,14.53
1.42370,75.67,,14.54
1.42380,76.54,,14.35
1.42390,76.92,,14.54
1.42400,77.45,,14.35
1.42410,77.93,,14.54
1.42420,78.13,,14.35
1.42430,78.59,,14.54
1.42440,78.79,,14.37
1.42450,79.46,,14.53
1.42460,79.66,,14.54
1.42470,79.79,,14.35
1.42480,80.19,,14.54
1.42490,80.52,,14.35
1.42500,80.90,,14.37
1.42510,81.31,,14.53
1.42520,81.90,,14.37
1.42530,82.31,,14.63
1.42540,83.02,,14.44
1.42550,83.56,,14.72
1.42560,84.27,,14.53
1.42570,84.79,,14.54
1.42580,85.16,,14.35
1.42590,85.72,,14.54
1.42600,86.18,,14.53
1.42610,86.33,,14.37
1.42620,86.81,,14.35
1.42630,87.18,,14.54
1.42640,87.87,,14.37
1.42650,88.31,,14.53
1.42660,88.50,,14.54
1.42670,88.82,,14.53
1.42680,89.03,,14.54
1.42690,89.72,,14.35
1.42700,90.44,,14.37
1.42710,91.31,,14.53
1.42720,91.65,,14.37
1.42730,91.66,,14.54
1.42740,91.58,,14.35
1.42750,91.91,,14.20
1.42760,92.05,,14.44
1.42770,92.37,,14.46
1.42780,92.33,,14.53
1.42790,91.86,,14.54
1.42800,91.98,,14.62
1.42810,91.93,,14.63
1.42820,91.69,,14.44
1.42830,91.43,,14.46
1.42840,90.87,,14.54
1.42850,90.59,,14.44
1.42860,90.10,,14.37
1.42870,90.08,,14.27
1.42880,90.31,,14.54
1.42890,89.70,,14.44
1.42900,89.03,,14.63
1.42910,87.87,,14.53
1.42920,86.64,,14.54
1.42930,86.32,,14.37
1.42940,84.89,,14.44
1.42950,84.07,,14.29
1.42960,83.55,,14.27
1.42970,82.28,,14.29
1.42980,81.50,,14.53
1.42990,80.17,,14.37
1.43000,79.27,,14.44
1.43010,78.02,,14.46
1.43020,76.95,,14.53
1.43030,75.48,,14.46
1.43040,73.66,,14.63
1.43050,71.60,,14.53
1.43060,70.01,,14.54
1.43070,68.43,,14.71
1.43080,66.81,,14.72
1.43090,64.48,,14.71
1.43100,62.16,,14.54
1.43110,59.42,,14.53
1.43120,57.06,,14.54
1.43130,54.77,,14.37
1.43140,52.39,,14.18
1.43150,50.32,,14.54
1.43160,48.44,,14.53
1.43170,45.70,,14.63
1.43180,43.42,,14.80
1.43190,41.26,,14.72
1.43200,38.87,,14.71
1.43210,36.29,,14.72
1.43220,33.27,,14.71
1.43230,30.07,,14.54
1.43240,27.53,,14.46
1.43250,25.33,,14.44
1.43260,23.49,,14.54
1.43270,21.54,,14.71
1.43280,18.92,,14.72
1.43290,16.08,,15.08
1.43300,13.41,,15.09
1.43310,10.52,,15.08
1.43320,7.97,,15.28
1.43330,5.52,,14.90
1.43340,3.74,,14.71
1.43350,2.07,,14.54
1.43360,1.03,,14.53
1.43370,0.14,,14.37
1.43380,-0.77,,14.71
1.43390,-1.89,,14.72
1.43400,-3.27,,15.08
1.43410,-4.76,,14.90
1.43420,-5.80,,14.89
1.43430,-6.47,,14.90
1.43440,-7.09,,14.72
1.43450,-7.42,,14.71
1.43460,-8.34,,14.72
1.43470,-9.26,,14.71
1.43480,-9.86,,14.90
1.43490,-11.02,,15.08
1.43500,-12.24,,15.09
1.43510,-13.18,,15.27
1.43520,-14.20,,15.09
1.43530,-14.81,,14.90
1.43540,-15.33,,14.89
1.43550,-15.80,,14.63
1.43560,-16.54,,14.44
1.43570,-17.27,,14.63
1.43580,-17.66,,14.62
1.43590,-18.49,,14.72
1.43600,-19.24,,14.89
1.43610,-19.18,,14.72
1.43620,-19.25,,14.89
1.43630,-18.90,,14.72
1.43640,-19.01,,14.90
1.43650,-18.84,,14.71
1.43660,-18.74,,14.90
1.43670,-18.75,,14.89
1.43680,-18.57,,14.72
1.43690,-18.17,,14.89
1.43700,-18.03,,14.72
1.43710,-17.52,,14.71
1.43720,-16.79,,14.54
1.43730,-16.11,,14.53
1.43740,-15.23,,14.37
1.43750,-14.55,,14.63
1.43760,-13.65,,14.62
1.43770,-12.81,,14.72
1.43780,-11.89,,14.71
1.43790,-11.74,,14.63
1.43800,-10.65,,14.62
1.43810,-9.74,,14.54
1.43820,-8.69,,14.53
1.43830,-7.81,,14.54
1.43840,-7.24,,14.72
1.43850,-6.71,,14.71
1.43860,-6.18,,14.72
1.43870,-5.52,,14.71
1.43880,-4.77,,14.54
1.43890,-4.30,,14.53
1.43900,-3.24,,14.37
1.43910,-2.11,,14.35
1.43920,-1.49,,14.37
1.43930,-0.85,,14.35
1.43940,0.01,,14.54
1.43950,0.97,,14.72
1.43960,1.50,,14.71
1.43970,1.94,,14.72
1.43980,2.36,,14.53
1.43990,2.98,,14.54
1.44000,3.54,,14.53
1.44010,4.59,,14.37
1.44020,5.40,,14.53
1.44030,6.56,,14.72
1.44040,6.73,,14.72
1.44050,7.70,,14.89
1.44060,7.81,,14.90
1.44070,8.05,,14.89
1.44080,8.71,,14.72
1.44090,9.25,,14.53
1.44100,9.88,,14.37
1.44110,10.41,,14.35
1.44120,10.34,,14.20
1.44130,11.56,,14.44
1.44140,11.58,,14.46
1.44150,11.77,,14.54
1.44160,11.84,,14.71
1.44170,11.93,,14.72
1.44180,12.55,,14.71
1.44190,13.03,,14.54
1.44200,13.73,,14.71
1.44210,14.38,,14.72
1.44220,15.22,,14.71
1.44230,15.35,,14.90
1.44240,15.11,,14.90
1.44250,15.34,,15.08
1.44260,15.77,,14.72
1.44270,15.99,,14.89
1.44280,16.21,,14.72
1.44290,16.66,,14.53
1.44300,16.71,,14.37
1.44310,16.69,,14.53
1.44320,16.79,,14.54
1.44330,17.18,,14.71
1.44340,17.41,,14.81
1.44350,17.23,,14.81
1.44360,17.37,,14.89
1.44370,17.26,,14.72
1.44380,17.33,,14.71
1.44390,17.20,,14.72
1.44400,17.00,,14.53
1.44410,16.78,,14.72
1.44420,16.45,,14.71
1.44430,15.87,,14.54
1.44440,15.86,,14.72
1.44450,15.76,,14.71
1.44460,15.59,,14.72
1.44470,15.36,,14.71
1.44480,15.02,,14.72
1.44490,15.22,,14.71
1.44500,14.91,,14.72
1.44510,14.32,,14.71
1.44520,13.99,,14.90
1.44530,13.95,,14.80
1.44540,13.68,,14.81
1.44550,13.52,,14.72
1.44560,13.82,,14.71
1.44570,14.05,,14.72
1.44580,13.94,,14.71
1.44590,13.70,,14.72
1.44600,13.09,,14.80
1.44610,13.04,,14.63
1.44620,12.98,,14.71
1.44630,13.08,,14.54
1.44640,13.01,,14.46
1.44650,12.51,,14.44
1.44660,12.88,,14.54
1.44670,12.93,,14.53
1.44680,13.16,,14.72
1.44690,13.30,,14.89
1.44700,12.92,,14.72
1.44710,12.58,,14.89
1.44720,12.37,,14.90
1.44730,12.73,,14.71
1.44740,12.66,,14.54
1.44750,12.92,,14.54
1.44760,12.95,,14.53
1.44770,13.15,,14.54
1.44780,12.93,,14.53
1.44790,12.74,,14.72
1.44800,12.74,,14.71
1.44810,13.07,,14.90
1.44820,13.23,,14.71
1.44830,13.63,,14.54
1.44840,13.57,,14.54
1.44850,14.34,,14.35
1.44860,13.88,,14.37
1.44870,13.85,,14.53
1.44880,13.85,,14.54
1.44890,13.81,,14.53
1.44900,13.04,,14.72
1.44910,13.07,,14.53
1.44920,13.30,,14.72
1.44930,13.57,,14.53
1.44940,13.86,,14.72
1.44950,14.07,,14.54
1.44960,14.01,,14.71
1.44970,14.35,,14.72
1.44980,14.57,,14.71
1.44990,14.81,,14.72
1.45000,15.03,,14.71
1.45010,15.02,,14.54
1.45020,14.39,,14.71
1.45030,14.21,,14.37
1.45040,14.07,,14.54
1.45050,14.27,,14.53
1.45060,14.15,,14.37
1.45070,14.55,,14.53
1.45080,14.40,,14.54
1.45090,14.18,,14.71
1.45100,14.11,,14.54
1.45110,13.77,,14.53
1.45120,14.12,,14.72
1.45130,14.14,,14.53
1.45140,14.15,,14.72
1.45150,14.19,,14.54
1.45160,14.17,,14.53
1.45170,14.29,,14.37
1.45180,14.40,,14.53
1.45190,14.19,,14.54
1.45200,14.43,,14.71
1.45210,14.17,,14.72
1.45220,14.42,,14.71
1.45230,14.67,,14.54
1.45240,14.82,,14.72
1.45250,15.24,,14.62
1.45260,15.40,,14.63
1.45270,15.53,,14.53
1.45280,15.77,,14.54
1.45290,15.75,,14.71
1.45300,16.09,,14.54
1.45310,16.23,,14.53
1.45320,16.28,,14.54
1.45330,16.55,,14.53
1.45340,16.47,,14.54
1.45350,16.60,,14.37
1.45360,16.63,,14.53
1.45370,17.21,,14.37
1.45380,17.54,,14.44
1.45390,17.91,,14.46
1.45400,18.13,,14.53
1.45410,18.34,,14.54
1.45420,18.58,,14.53
1.45430,18.66,,14.72
1.45440,19.12,,14.72
1.45450,19.27,,14.62
1.45460,19.36,,14.63
1.45470,19.36,,14.44
1.45480,20.06,,14.46
1.45490,20.46,,14.53
1.45500,20.78,,14.37
1.45510,21.48,,14.53
1.45520,21.82,,14.37
1.45530,22.07,,14.44
1.45540,22.54,,14.46
1.45550,22.89,,14.37
1.45560,23.63,,14.35
1.45570,24.16,,14.37
1.45580,24.62,,14.35
1.45590,24.66,,14.37
1.45600,24.80,,14.53
1.45610,25.45,,14.37
1.45620,26.10,,14.35
1.45630,26.84,,14.20
1.45640,27.29,,14.37
1.45650,27.80,,14.35
1.45660,28.01,,14.37
1.45670,28.33,,14.53
1.45680,29.06,,14.37
1.45690,29.22,,14.18
1.45700,29.84,,14.37
1.45710,30.79,,14.35
1.45720,31.84,,14.20
1.45730,32.50,,14.35
1.45740,33.28,,14.20
1.45750,33.69,,14.20
1.45760,34.12,,14.35
1.45770,35.02,,14.20
1.45780,35.63,,14.18
1.45790,36.07,,14.20
1.45800,36.59,,14.01
1.45810,37.02,,14.20
1.45820,37.33,,14.18
1.45830,38.01,,14.04
1.45840,38.49,,14.04
1.45850,38.86,,14.01
1.45860,39.11,,14.12
1.45870,39.77,,14.18
1.45880,40.61,,14.12
1.45890,41.26,,14.35
1.45900,41.63,,14.20
1.45910,42.41,,14.18
1.45920,42.83,,14.20
1.45930,43.45,,14.10
1.45940,44.20,,13.96
1.45950,44.47,,13.88
1.45960,44.97,,14.01
1.45970,45.38,,13.88
1.45980,46.16,,14.01
1.45990,45.90,,14.04
1.46000,46.24,,14.01
1.46010,46.54,,14.04
1.46020,46.97,,13.85
1.46030,47.15,,14.04
1.46040,47.56,,13.88
1.46050,47.57,,13.85
1.46060,47.88,,13.96
1.46070,48.22,,13.93
1.46080,48.42,,13.88
1.46090,48.52,,13.85
1.46100,48.69,,13.72
1.46110,49.20,,13.85
1.46120,49.64,,13.88
1.46130,50.06,,13.85
1.46140,49.99,,13.88
1.46150,50.59,,13.80
1.46160,50.84,,13.77
1.46170,51.03,,13.80
1.46180,51.39,,13.77
1.46190,51.77,,13.72
1.46200,52.20,,13.77
1.46210,52.45,,13.64
1.46220,52.39,,13.85
1.46230,52.41,,13.72
1.46240,52.52,,13.88
1.46250,52.77,,13.69
1.46260,53.10,,13.64
1.46270,53.53,,13.61
1.46280,53.78,,13.56
1.46290,54.04,,13.39
1.46300,54.21,,13.56
1.46310,54.54,,13.54
1.46320,54.84,,13.64
1.46330,54.91,,13.69
1.46340,54.78,,13.64
1.46350,54.66,,13.72
1.46360,54.88,,13.54
1.46370,55.16,,13.49
1.46380,55.20,,13.46
1.46390,55.44,,13.41
1.46400,55.42,,13.39
1.46410,55.47,,13.49
1.46420,55.31,,13.61
1.46430,55.76,,13.72
1.46440,55.93,,13.69
1.46450,56.45,,13.41
1.46460,56.74,,13.56
1.46470,56.98,,13.24
1.46480,57.01,,13.27
1.46490,57.52,,13.24
1.46500,57.99,,13.19
1.46510,57.73,,13.31
1.46520,57.72,,13.41
1.46530,57.22,,13.39
1.46540,57.51,,13.27
1.46550,57.87,,13.27
1.46560,57.89,,13.09
1.46570,57.82,,12.98
1.46580,57.83,,13.24
1.46590,57.59,,13.19
1.46600,57.47,,13.31
1.46610,57.33,,13.41
1.46620,57.19,,13.39
1.46630,57.82,,13.19
1.46640,58.07,,13.16
1.46650,58.01,,13.05
1.46660,57.90,,13.05
1.46670,57.89,,13.09
1.46680,58.12,,13.05
1.46690,58.34,,13.02
1.46700,58.59,,13.19
1.46710,58.69,,13.02
1.46720,58.71,,13.12
1.46730,58.58,,12.95
1.46740,58.58,,12.91
1.46750,58.39,,12.77
1.46760,58.50,,12.81
1.46770,58.65,,12.98
1.46780,58.95,,12.81
1.46790,58.86,,12.84
1.46800,59.15,,12.81
1.46810,59.16,,12.84
1.46820,58.95,,12.81
1.46830,58.99,,12.84
1.46840,59.01,,12.81
1.46850,59.16,,12.77
1.46860,59.47,,12.77
1.46870,59.66,,12.81
1.46880,60.01,,12.71
1.46890,60.20,,12.67
1.46900,60.46,,12.71
1.46910,60.77,,12.67
1.46920,60.87,,12.57
1.46930,61.27,,12.54
1.46940,61.10,,12.64
1.46950,61.20,,12.57
1.46960,60.92,,12.61
1.46970,60.85,,12.57
1.46980,60.65,,12.54
1.46990,60.51,,12.44
1.47000,60.47,,12.41
1.47010,60.34,,12.19
1.47020,60.41,,12.22
1.47030,60.26,,12.38
1.47040,60.25,,12.28
1.47050,60.70,,12.44
1.47060,60.87,,12.44
1.47070,61.03,,12.54
1.47080,61.33,,12.44
1.47090,61.49,,12.41
1.47100,61.68,,12.19
1.47110,61.63,,12.22
1.47120,61.28,,12.26
1.47130,61.12,,12.34
1.47140,60.81,,12.26
1.47150,60.59,,12.44
1.47160,60.87,,12.28
1.47170,60.84,,12.19
1.47180,60.89,,12.22
1.47190,60.84,,12.01
1.47200,60.56,,11.91
1.47210,60.37,,11.95
1.47220,60.22,,11.91
1.47230,60.89,,12.13
1.47240,61.24,,12.03
1.47250,61.40,,12.13
1.47260,61.35,,11.95
1.47270,61.63,,11.97
1.47280,61.94,,11.83
1.47290,62.13,,11.85
1.47300,62.18,,12.01
1.47310,62.09,,12.09
1.47320,61.67,,12.13
1.47330,61.80,,12.03
1.47340,61.88,,12.01
1.47350,61.78,,11.83
1.47360,61.75,,11.79
1.47370,61.56,,11.72
1.47380,61.23,,11.85
1.47390,61.07,,11.78
1.47400,60.88,,11.68
1.47410,61.32,,11.72
1.47420,61.59,,11.68
1.47430,61.75,,11.66
1.47440,61.80,,11.68
1.47450,61.44,,11.66
1.47460,61.65,,11.83
1.47470,61.68,,11.68
1.47480,61.67,,11.50
1.47490,61.74,,11.51
1.47500,61.57,,11.50
1.47510,61.18,,11.62
1.47520,61.05,,11.55
1.47530,60.59,,11.62
1.47540,60.37,,11.55
1.47550,60.09,,11.66
1.47560,59.98,,11.51
1.47570,59.76,,11.33
1.47580,59.50,,11.35
1.47590,59.33,,11.39
1.47600,59.12,,11.45
1.47610,59.00,,11.50
1.47620,58.65,,11.51
1.47630,58.92,,11.50
1.47640,58.56,,11.35
1.47650,58.16,,11.18
1.47660,57.88,,11.33
1.47670,57.79,,11.19
1.47680,57.39,,11.33
1.47690,57.07,,11.35
1.47700,56.52,,11.50
1.47710,56.15,,11.35
1.47720,55.85,,11.33
1.47730,55.28,,11.19
1.47740,54.36,,11.33
1.47750,53.89,,11.23
1.47760,53.07,,11.29
1.47770,52.53,,11.33
1.47780,52.40,,11.19
1.47790,52.10,,11.18
1.47800,51.87,,11.19
1.47810,51.81,,11.39
1.47820,51.31,,11.45
1.47830,50.45,,11.33
1.47840,49.83,,11.19
1.47850,49.29,,11.02
1.47860,48.82,,11.02
1.47870,48.40,,11.13
1.47880,48.12,,11.39
1.47890,47.52,,11.35
1.47900,47.37,,11.50
1.47910,46.77,,11.35
1.47920,46.53,,11.18
1.47930,46.12,,11.03
1.47940,45.43,,10.88
1.47950,44.96,,10.88
1.47960,44.43,,11.03
1.47970,44.42,,11.28
1.47980,44.47,,11.35
1.47990,44.23,,11.39
1.48000,44.15,,11.19
1.48010,43.70,,11.13
1.48020,43.37,,11.08
1.48030,42.68,,11.18
1.48040,42.36,,11.19
1.48050,41.92,,11.18
1.48060,41.27,,11.33
1.48070,40.30,,11.03
1.48080,39.85,,10.88
1.48090,39.19,,11.03
1.48100,39.10,,11.02
1.48110,38.67,,11.19
1.48120,37.93,,11.33
1.48130,37.41,,11.19
1.48140,37.32,,11.02
1.48150,37.30,,11.02
1.48160,37.44,,11.03
1.48170,37.41,,10.92
1.48180,36.97,,11.13
1.48190,36.71,,11.02
1.48200,36.45,,11.08
1.48210,36.55,,11.13
1.48220,36.57,,11.03
1.48230,36.29,,10.92
1.48240,35.86,,10.98
1.48250,35.81,,11.18
1.48260,35.48,,11.02
1.48270,35.27,,11.03
1.48280,34.90,,11.02
1.48290,34.78,,10.88
1.48300,34.11,,11.02
1.48310,33.76,,10.88
1.48320,33.70,,11.02
1.48330,33.72,,11.03
1.48340,34.11,,11.18
1.48350,34.41,,11.02
1.48360,34.67,,11.19
1.48370,34.76,,11.02
1.48380,34.47,,11.03
1.48390,34.48,,11.02
1.48400,34.40,,10.88
1.48410,34.37,,10.78
1.48420,34.13,,10.83
1.48430,34.25,,11.02
1.48440,34.45,,10.88
1.48450,34.29,,11.02
1.48460,34.19,,11.02
1.48470,34.25,,11.19
1.48480,34.03,,11.18
1.48490,33.87,,11.03
1.48500,33.65,,10.88
1.48510,34.10,,11.03
1.48520,34.90,,11.02
1.48530,35.14,,11.03
1.48540,35.36,,11.18
1.48550,35.67,,11.02
1.48560,35.91,,11.03
1.48570,36.09,,10.88
1.48580,36.22,,10.88
1.48590,36.27,,11.02
1.48600,35.89,,10.88
1.48610,36.48,,11.02
1.48620,36.70,,11.03
1.48630,37.03,,11.02
1.48640,37.16,,11.19
1.48650,36.71,,11.02
1.48660,36.22,,11.02
1.48670,35.61,,10.88
1.48680,35.79,,10.73
1.48690,35.72,,10.88
1.48700,36.64,,11.02
1.48710,37.39,,10.88
1.48720,37.77,,10.88
1.48730,37.86,,11.19
1.48740,38.12,,11.13
1.48750,38.04,,11.23
1.48760,37.94,,11.19
1.48770,38.16,,11.02
1.48780,38.04,,10.73
1.48790,37.92,,10.73
1.48800,38.04,,10.73
1.48810,38.14,,10.88
1.48820,38.20,,11.19
1.48830,38.32,,11.18
1.48840,38.11,,11.35
1.48850,37.61,,11.18
1.48860,37.72,,11.02
1.48870,38.00,,10.88
1.48880,38.54,,10.73
1.48890,39.44,,10.88
1.48900,39.86,,11.18
1.48910,41.03,,11.29
1.48920,41.68,,11.07
1.48930,42.46,,11.03
1.48940,42.57,,10.88
1.48950,43.51,,10.73
1.48960,43.92,,10.88
1.48970,43.94,,11.33
1.48980,44.54,,11.35
1.48990,44.85,,11.33
1.49000,44.56,,11.03
1.49010,45.69,,11.02
1.49020,46.46,,10.73
1.49030,47.68,,10.73
1.49040,48.65,,11.03
1.49050,48.70,,11.02
1.49060,49.87,,11.23
1.49070,49.58,,11.29
1.49080,51.98,,11.33
1.49090,52.74,,11.19
1.49100,53.35,,11.18
1.49110,53.50,,10.98
1.49120,53.97,,10.97
1.49130,53.07,,10.98
1.49140,52.70,,10.88
1.49150,52.66,,11.03
1.49160,53.14,,11.02
1.49170,53.98,,11.02
1.49180,54.09,,11.35
1.49190,54.53,,11.33
1.49200,54.01,,11.35
1.49210,53.04,,11.02
1.49220,53.37,,11.03
1.49230,53.97,,11.02
1.49240,53.52,,11.19
1.49250,53.50,,11.33
1.49260,54.01,,11.66
1.49270,54.48,,11.40
1.49280,54.30,,11.28
1.49290,54.81,,10.88
1.49300,55.87,,10.88
1.49310,56.41,,11.03
1.49320,56.77,,11.33
1.49330,57.13,,11.35
1.49340,57.67,,11.50
1.49350,57.57,,11.51
1.49360,56.13,,11.18
1.49370,55.51,,10.88
1.49380,55.67,,10.73
1.49390,56.03,,10.88
1.49400,55.50,,11.51
1.49410,55.22,,11.83
1.49420,54.69,,11.68
1.49430,55.15,,11.66
1.49440,55.17,,11.40
1.49450,55.09,,11.13
1.49460,55.24,,10.88
1.49470,55.56,,11.03
1.49480,55.76,,11.18
1.49490,55.80,,11.40
1.49500,56.34,,11.61
1.49510,56.69,,11.45
1.49520,56.89,,11.39
1.49530,57.09,,11.19
1.49540,57.05,,11.18
1.49550,57.44,,11.19
1.49560,57.59,,11.33
1.49570,57.99,,11.50
1.49580,58.06,,11.68
1.49590,58.22,,11.50
1.49600,58.12,,11.51
1.49610,58.06,,11.18
1.49620,58.06,,11.03
1.49630,58.55,,11.02
1.49640,58.73,,11.35
1.49650,58.55,,11.50
1.49660,58.14,,11.50
1.49670,57.72,,11.51
1.49680,57.40,,11.61
1.49690,57.62,,11.40
1.49700,57.42,,11.33
1.49710,56.94,,11.35
1.49720,57.10,,11.33
1.49730,56.60,,11.35
1.49740,56.91,,11.66
1.49750,56.72,,11.68
1.49760,55.11,,11.72
1.49770,53.84,,11.44
1.49780,53.43,,11.35
1.49790,53.21,,11.18
1.49800,52.77,,11.19
1.49810,52.64,,11.33
1.49820,52.65,,11.68
1.49830,52.85,,11.66
1.49840,52.79,,11.85
1.49850,52.53,,11.66
1.49860,52.58,,11.66
1.49870,52.45,,11.35
1.49880,52.42,,11.50
1.49890,52.31,,11.51
1.49900,52.02,,11.50
1.49910,51.87,,11.85
1.49920,51.30,,11.55
1.49930,51.45,,11.62
1.49940,51.16,,11.50
1.49950,51.12,,11.35
1.49960,51.03,,11.50
1.49970,50.85,,11.83
1.49980,50.41,,12.03
1.49990,49.55,,11.83
1.50000,47.87,,11.85
1.50010,47.25,,11.72
1.50020,47.53,,11.62
1.50030,47.37,,11.44
1.50040,47.36,,11.57
1.50050,46.91,,11.66
1.50060,46.43,,11.83
1.50070,46.34,,11.85
1.50080,45.99,,11.66
1.50090,45.76,,11.68
1.50100,45.71,,11.66
1.50110,45.56,,11.68
1.50120,45.19,,11.72
1.50130,44.92,,11.79
1.50140,44.95,,11.83
1.50150,45.46,,11.85
1.50160,45.27,,11.83
1.50170,44.91,,11.78
1.50180,44.95,,11.57
1.50190,44.37,,11.33
1.50200,44.03,,11.74
1.50210,44.02,,11.83
1.50220,44.31,,11.91
1.50230,44.17,,12.07
1.50240,43.87,,12.03
1.50250,44.04,,12.01
1.50260,44.04,,11.66
1.50270,43.97,,11.68
1.50280,43.80,,11.61
1.50290,43.90,,11.57
1.50300,44.30,,11.83
1.50310,44.15,,11.68
1.50320,44.46,,12.01
1.50330,44.74,,11.97
1.50340,44.99,,11.89
1.50350,44.69,,11.85
1.50360,44.61,,11.61
1.50370,44.72,,11.55
1.50380,44.82,,11.68
1.50390,45.42,,11.89
1.50400,45.88,,11.97
1.50410,46.14,,11.89
1.50420,46.06,,11.97
1.50430,46.10,,12.01
1.50440,46.45,,11.85
1.50450,46.59,,11.66
1.50460,46.25,,11.66
1.50470,46.37,,11.68
1.50480,46.17,,11.89
1.50490,46.55,,12.03
1.50500,46.81,,12.13
1.50510,46.73,,12.09
1.50520,47.09,,11.95
1.50530,47.20,,11.85
1.50540,46.84,,11.83
1.50550,47.04,,11.85
1.50560,47.21,,11.83
1.50570,47.70,,11.83
1.50580,47.87,,11.91
1.50590,48.30,,11.95
1.50600,48.87,,12.03
1.50610,49.01,,11.95
1.50620,49.21,,11.91
1.50630,49.65,,11.83
1.50640,49.94,,12.03
1.50650,49.74,,11.95
1.50660,50.02,,11.89
1.50670,50.41,,12.03
1.50680,50.90,,12.01
1.50690,51.20,,12.22
1.50700,51.49,,12.13
1.50710,51.13,,12.09
1.50720,50.65,,12.13
1.50730,51.22,,11.91
1.50740,51.38,,12.01
1.50750,51.74,,11.85
1.50760,52.00,,12.01
1.50770,52.31,,12.01
1.50780,52.83,,12.22
1.50790,53.11,,12.19
1.50800,53.56,,12.09
1.50810,53.90,,12.13
1.50820,53.64,,11.97
1.50830,53.87,,11.89
1.50840,54.36,,12.03
1.50850,54.59,,12.13
1.50860,54.60,,12.19
1.50870,54.70,,12.28
1.50880,55.00,,12.19
1.50890,54.95,,12.22
1.50900,54.86,,12.01
1.50910,54.74,,12.03
1.50920,54.66,,11.83
1.50930,54.87,,11.91
1.50940,55.56,,12.13
1.50950,55.55,,12.22
1.50960,55.25,,12.44
1.50970,55.39,,12.32
1.50980,55.12,,12.28
1.50990,55.30,,12.32
1.51000,55.24,,12.16
1.51010,55.43,,12.07
1.51020,55.91,,12.03
1.51030,55.97,,12.19
1.51040,56.22,,12.28
1.51050,56.55,,12.32
1.51060,56.15,,12.19
1.51070,55.82,,12.22
1.51080,55.68,,12.19
1.51090,56.03,,12.03
1.51100,56.04,,12.19
1.51110,55.99,,12.22
1.51120,56.40,,12.19
1.51130,56.58,,12.41
1.51140,56.26,,12.44
1.51150,56.84,,12.54
1.51160,57.02,,12.38
1.51170,57.27,,12.19
1.51180,57.13,,12.22
1.51190,57.45,,12.01
1.51200,57.82,,12.22
1.51210,58.36,,12.19
1.51220,58.38,,12.61
1.51230,58.26,,12.51
1.51240,58.45,,12.41
1.51250,58.38,,12.26
1.51260,58.62,,12.19
1.51270,58.72,,12.22
1.51280,58.81,,12.19
1.51290,58.86,,12.41
1.51300,59.03,,12.38
1.51310,59.31,,12.41
1.51320,60.10,,12.51
1.51330,60.21,,12.47
1.51340,60.55,,12.38
1.51350,60.55,,12.41
1.51360,60.60,,12.32
1.51370,60.63,,12.32
1.51380,60.48,,12.34
1.51390,60.86,,12.38
1.51400,60.94,,12.54
1.51410,60.61,,12.44
1.51420,60.58,,12.41
1.51430,60.36,,12.44
1.51440,59.98,,12.54
1.51450,59.94,,12.38
1.51460,60.03,,12.51
1.51470,59.84,,12.47
1.51480,59.44,,12.64
1.51490,59.19,,12.54
1.51500,59.15,,12.57
1.51510,58.93,,12.41
1.51520,59.08,,12.32
1.51530,58.97,,12.47
1.51540,59.25,,12.38
1.51550,59.12,,12.61
1.51560,59.25,,12.57
1.51570,59.61,,12.64
1.51580,59.87,,12.54
1.51590,59.90,,12.71
1.51600,60.15,,12.54
1.51610,60.19,,12.51
1.51620,60.22,,12.41
1.51630,60.12,,12.57
1.51640,60.43,,12.61
1.51650,60.13,,12.71
1.51660,59.97,,12.67
1.51670,59.91,,12.57
1.51680,59.83,,12.57
1.51690,59.78,,12.54
1.51700,59.89,,12.64
1.51710,60.21,,12.61
1.51720,60.26,,12.77
1.51730,60.35,,12.74
1.51740,60.53,,12.71
1.51750,60.48,,12.67
1.51760,60.35,,12.64
1.51770,59.98,,12.77
1.51780,59.65,,12.54
1.51790,59.06,,12.64
1.51800,58.79,,12.47
1.51810,58.59,,12.71
1.51820,57.98,,12.61
1.51830,57.80,,12.77
1.51840,57.47,,12.95
1.51850,56.91,,12.84
1.51860,56.40,,12.81
1.51870,56.04,,12.57
1.51880,56.13,,12.71
1.51890,55.99,,12.67
1.51900,55.47,,12.84
1.51910,54.79,,12.74
1.51920,54.25,,12.77
1.51930,54.33,,12.67
1.51940,54.33,,12.84
1.51950,54.13,,12.88
1.51960,53.73,,13.05
1.51970,53.22,,12.98
1.51980,52.73,,12.81
1.51990,52.42,,12.84
1.52000,52.29,,12.67
1.52010,52.52,,12.71
1.52020,52.16,,12.67
1.52030,51.61,,12.84
1.52040,50.92,,12.95
1.52050,50.62,,12.98
1.52060,50.60,,12.81
1.52070,50.56,,12.77
1.52080,50.46,,12.77
1.52090,50.07,,12.95
1.52100,49.73,,12.84
1.52110,49.15,,13.02
1.52120,48.98,,12.98
1.52130,48.60,,12.88
1.52140,48.04,,12.91
1.52150,47.57,,13.02
1.52160,47.44,,12.84
1.52170,46.87,,12.84
1.52180,46.40,,12.88
1.52190,45.94,,12.98
1.52200,45.34,,13.02
1.52210,44.42,,12.98
1.52220,43.56,,13.02
1.52230,43.04,,12.91
1.52240,42.86,,12.88
1.52250,42.35,,12.77
1.52260,41.67,,13.02
1.52270,41.00,,13.05
1.52280,40.17,,13.27
1.52290,39.33,,13.09
1.52300,38.79,,13.19
1.52310,38.30,,13.02
1.52320,37.49,,12.98
1.52330,36.77,,12.95
1.52340,35.92,,12.84
1.52350,35.11,,13.02
1.52360,34.59,,13.05
1.52370,34.20,,13.27
1.52380,34.03,,13.24
1.52390,33.48,,13.12
1.52400,32.98,,13.16
1.52410,32.47,,13.05
1.52420,32.26,,12.95
1.52430,32.01,,12.98
1.52440,32.13,,13.24
1.52450,32.26,,13.19
1.52460,31.96,,13.24
1.52470,31.62,,13.19
1.52480,30.95,,13.19
1.52490,30.03,,13.24
1.52500,29.20,,13.19
1.52510,28.37,,13.24
1.52520,27.88,,12.98
1.52530,27.96,,13.02
1.52540,28.55,,13.05
1.52550,28.39,,13.24
1.52560,28.21,,13.27
1.52570,28.07,,13.27
1.52580,27.34,,13.09
1.52590,26.24,,13.27
1.52600,26.09,,13.09
1.52610,26.18,,13.27
1.52620,25.92,,13.24
1.52630,25.29,,13.12
1.52640,25.16,,13.24
1.52650,25.01,,13.27
1.52660,24.82,,13.39
1.52670,24.71,,13.41
1.52680,24.58,,13.41
1.52690,24.75,,13.24
1.52700,24.46,,13.27
1.52710,24.15,,13.24
1.52720,23.91,,13.34
1.52730,23.98,,13.16
1.52740,24.03,,13.12
1.52750,24.18,,13.24
1.52760,23.64,,13.34
1.52770,23.46,,13.41
1.52780,23.35,,13.31
1.52790,23.61,,13.12
1.52800,23.88,,13.24
1.52810,23.49,,13.27
1.52820,22.56,,13.39
1.52830,21.21,,13.41
1.52840,20.92,,13.39
1.52850,20.90,,13.41
1.52860,20.99,,13.39
1.52870,21.07,,13.34
1.52880,20.52,,13.41
1.52890,19.89,,13.31
1.52900,19.77,,13.41
1.52910,19.99,,13.54
1.52920,20.42,,13.41
1.52930,20.40,,13.54
1.52940,20.62,,13.41
1.52950,21.27,,13.46
1.52960,21.74,,13.34
1.52970,22.35,,13.27
1.52980,22.83,,13.24
1.52990,23.19,,13.41
1.53000,23.62,,13.39
1.53010,24.05,,13.49
1.53020,24.73,,13.61
1.53030,25.21,,13.56
1.53040,25.29,,13.61
1.53050,25.89,,13.49
1.53060,26.93,,13.39
1.53070,28.36,,13.27
1.53080,29.03,,13.34
1.53090,30.40,,13.46
1.53100,32.77,,13.41
1.53110,34.57,,13.69
1.53120,36.01,,13.72
1.53130,36.91,,13.85
1.53140,37.49,,13.64
1.53150,38.45,,13.61
1.53160,39.37,,13.41
1.53170,40.52,,13.27
1.53180,41.01,,13.09
1.53190,43.07,,13.27
1.53200,44.01,,13.31
1.53210,45.13,,13.49
1.53220,45.96,,13.61
1.53230,46.64,,13.64
1.53240,47.72,,13.54
1.53250,48.58,,13.34
1.53260,49.29,,13.31
1.53270,49.69,,13.41
1.53280,50.73,,13.56
1.53290,51.42,,13.69
1.53300,52.24,,13.56
1.53310,53.22,,13.54
1.53320,54.57,,13.72
1.53330,55.27,,13.61
1.53340,55.77,,13.49
1.53350,56.34,,13.54
1.53360,56.78,,13.27
1.53370,57.31,,13.41
1.53380,57.84,,13.24
1.53390,58.19,,13.41
1.53400,58.44,,13.54
1.53410,58.85,,13.72
1.53420,59.51,,13.54
1.53430,59.57,,13.41
1.53440,60.30,,13.24
1.53450,61.18,,13.41
1.53460,62.13,,13.46
1.53470,62.56,,13.49
1.53480,63.15,,13.72
1.53490,63.84,,13.69
1.53500,64.40,,13.56
1.53510,64.86,,13.54
1.53520,65.30,,13.56
1.53530,65.51,,13.39
1.53540,65.81,,13.41
1.53550,66.32,,13.46
1.53560,66.39,,13.41
1.53570,66.71,,13.64
1.53580,66.93,,13.54
1.53590,67.12,,13.80
1.53600,66.93,,13.77
1.53610,66.81,,13.56
1.53620,67.38,,13.54
1.53630,67.47,,13.41
1.53640,68.26,,13.39
1.53650,68.57,,13.56
1.53660,69.00,,13.54
1.53670,69.40,,13.72
1.53680,69.14,,13.56
1.53690,69.02,,13.69
1.53700,69.25,,13.64
1.53710,69.83,,13.46
1.53720,70.04,,13.56
1.53730,70.60,,13.39
1.53740,70.82,,13.41
1.53750,70.94,,13.61
1.53760,71.07,,13.64
1.53770,71.21,,13.88
1.53780,70.83,,13.85
1.53790,71.20,,13.72
1.53800,71.26,,13.69
1.53810,71.73,,13.41
1.53820,72.51,,13.54
1.53830,72.60,,13.56
1.53840,72.48,,13.69
1.53850,72.60,,13.72
1.53860,72.44,,13.85
1.53870,73.30,,13.72
1.53880,73.31,,13.56
1.53890,72.90,,13.69
1.53900,72.97,,13.41
1.53910,72.64,,13.46
1.53920,72.57,,13.34
1.53930,72.42,,13.54
1.53940,72.27,,13.56
1.53950,72.24,,13.69
1.53960,72.07,,13.88
1.53970,71.72,,13.72
1.53980,71.68,,13.69
1.53990,71.56,,13.56
1.54000,71.40,,13.54
1.54010,71.48,,13.41
1.54020,71.30,,13.54
1.54030,71.20,,13.72
1.54040,70.51,,13.69
1.54050,70.41,,13.88
1.54060,70.00,,13.69
1.54070,69.79,,13.72
1.54080,69.57,,13.56
1.54090,69.26,,13.39
1.54100,68.85,,13.56
1.54110,69.27,,13.46
1.54120,69.24,,13.64
1.54130,69.08,,13.69
1.54140,68.66,,13.64
1.54150,68.31,,13.69
1.54160,67.84,,13.64
1.54170,68.03,,13.64
1.54180,68.07,,13.46
1.54190,68.01,,13.41
1.54200,68.17,,13.46
1.54210,68.20,,13.64
1.54220,67.78,,13.54
1.54230,67.64,,13.80
1.54240,67.68,,13.77
1.54250,67.71,,13.56
1.54260,67.63,,13.69
1.54270,67.45,,13.41
1.54280,67.21,,13.56
1.54290,67.12,,13.54
1.54300,67.02,,13.56
1.54310,66.64,,13.69
1.54320,66.22,,13.88
1.54330,65.97,,13.77
1.54340,65.45,,13.80
1.54350,64.89,,13.69
1.54360,64.83,,13.56
1.54370,64.72,,13.39
1.54380,64.67,,13.41
1.54390,64.05,,13.41
1.54400,64.03,,13.54
1.54410,63.29,,13.56
1.54420,63.02,,13.69
1.54430,62.72,,13.64
1.54440,62.47,,13.69
1.54450,62.39,,13.49
1.54460,61.84,,13.54
1.54470,61.87,,13.72
1.54480,61.70,,13.56
1.54490,61.11,,13.77
1.54500,60.66,,13.80
1.54510,60.59,,14.01
1.54520,60.25,,13.88
1.54530,59.52,,13.69
1.54540,59.26,,13.72
1.54550,59.28,,13.39
1.54560,59.17,,13.41
1.54570,58.92,,13.39
1.54580,59.06,,13.49
1.54590,58.25,,13.49
1.54600,57.96,,13.69
1.54610,57.72,,13.72
1.54620,57.55,,13.77
1.54630,57.10,,13.64
1.54640,56.59,,13.46
1.54650,56.40,,13.64
1.54660,56.24,,13.54
1.54670,55.93,,13.56
1.54680,55.13,,13.88
1.54690,54.47,,13.85
1.54700,53.94,,13.88
1.54710,52.80,,13.85
1.54720,52.70,,13.72
1.54730,52.33,,13.54
1.54740,52.33,,13.56
1.54750,51.77,,13.39
1.54760,51.20,,13.56
1.54770,50.37,,13.69
1.54780,49.77,,13.72
1.54790,49.36,,13.80
1.54800,48.90,,13.77
1.54810,48.59,,13.72
1.54820,48.15,,13.69
1.54830,47.71,,13.49
1.54840,47.40,,13.61
1.54850,46.61,,13.56
1.54860,46.48,,13.69
1.54870,45.86,,13.72
1.54880,45.46,,13.72
1.54890,44.56,,13.85
1.54900,44.33,,13.72
1.54910,43.82,,13.69
1.54920,43.55,,13.41
1.54930,43.10,,13.46
1.54940,42.45,,13.49
1.54950,41.84,,13.69
1.54960,41.52,,13.72
1.54970,40.94,,13.69
1.54980,40.72,,13.72
1.54990,40.23,,13.72
1.55000,39.86,,13.69
1.55010,39.35,,13.72
1.55020,38.69,,13.69
1.55030,38.30,,13.72
1.55040,37.86,,13.69
1.55050,37.36,,13.64
1.55060,36.86,,13.77
1.55070,36.37,,13.72
1.55080,36.03,,13.72
1.55090,35.56,,13.69
1.55100,35.14,,13.56
1.55110,34.95,,13.54
1.55120,34.38,,13.41
1.55130,33.84,,13.69
1.55140,33.34,,13.72
1.55150,32.75,,13.85
1.55160,32.38,,13.64
1.55170,32.30,,13.69
1.55180,32.40,,13.64
1.55190,31.99,,13.72
1.55200,31.63,,13.61
1.55210,30.95,,13.64
1.55220,30.97,,13.69
1.55230,30.64,,13.72
1.55240,30.30,,13.69
1.55250,29.86,,13.72
1.55260,29.31,,13.54
1.55270,28.82,,13.72
1.55280,28.55,,13.72
1.55290,28.56,,13.54
1.55300,28.63,,13.64
1.55310,28.91,,13.69
1.55320,28.89,,13.80
1.55330,28.58,,13.69
1.55340,28.85,,13.72
1.55350,29.29,,13.69
1.55360,29.43,,13.72
1.55370,29.61,,13.54
1.55380,29.45,,13.56
1.55390,29.44,,13.56
1.55400,29.19,,13.69
1.55410,29.42,,13.64
1.55420,29.73,,13.61
1.55430,29.70,,13.72
1.55440,29.88,,13.69
1.55450,30.08,,13.72
1.55460,30.22,,13.69
1.55470,30.37,,13.72
1.55480,30.57,,13.72
1.55490,30.82,,13.54
1.55500,30.85,,13.72
1.55510,31.29,,13.69
1.55520,31.56,,13.56
1.55530,31.93,,13.69
1.55540,32.36,,13.72
1.55550,32.91,,13.69
1.55560,33.55,,13.56
1.55570,33.79,,13.69
1.55580,34.08,,13.56
1.55590,34.20,,13.64
1.55600,34.49,,13.61
1.55610,34.95,,13.72
1.55620,35.00,,13.54
1.55630,35.19,,13.56
1.55640,35.63,,13.54
1.55650,35.94,,13.56
1.55660,36.32,,13.69
1.55670,36.62,,13.41
1.55680,37.05,,13.72
1.55690,37.66,,13.61
1.55700,38.21,,13.64
1.55710,38.45,,13.54
1.55720,39.42,,13.56
1.55730,40.46,,13.69
1.55740,41.67,,13.41
1.55750,42.43,,13.69
1.55760,42.77,,13.56
1.55770,42.87,,13.54
1.55780,43.20,,13.64
1.55790,43.35,,13.64
1.55800,43.82,,13.46
1.55810,44.14,,13.41
1.55820,44.55,,13.46
1.55830,44.83,,13.41
1.55840,45.26,,13.54
1.55850,45.49,,13.72
1.55860,45.56,,13.69
1.55870,45.73,,13.72
1.55880,46.25,,13.56
1.55890,46.48,,13.54
1.55900,46.73,,13.41
1.55910,47.27,,13.39
1.55920,47.82,,13.27
1.55930,48.58,,13.46
1.55940,49.00,,13.64
1.55950,49.57,,13.54
1.55960,49.75,,13.56
1.55970,50.34,,13.69
1.55980,50.87,,13.72
1.55990,51.35,,13.72
1.56000,51.53,,13.54
1.56010,51.60,,13.56
1.56020,52.02,,13.54
1.56030,52.28,,13.41
1.56040,52.54,,13.39
1.56050,53.01,,13.41
1.56060,52.90,,13.39
1.56070,52.81,,13.41
1.56080,53.18,,13.56
1.56090,53.12,,13.39
1.56100,53.25,,13.49
1.56110,53.84,,13.46
1.56120,54.33,,13.41
1.56130,54.52,,13.54
1.56140,54.18,,13.72
1.56150,54.47,,13.69
1.56160,54.32,,13.72
1.56170,54.75,,13.69
1.56180,54.78,,13.64
1.56190,54.98,,13.49
1.56200,54.85,,13.39
1.56210,54.72,,13.41
1.56220,54.66,,13.46
1.56230,54.77,,13.41
1.56240,54.59,,13.46
1.56250,54.62,,13.56
1.56260,54.07,,13.54
1.56270,53.81,,13.56
1.56280,53.85,,13.41
1.56290,53.31,,13.54
1.56300,53.58,,13.41
1.56310,53.59,,13.39
1.56320,53.56,,13.41
1.56330,53.24,,13.54
1.56340,53.02,,13.64
1.56350,52.82,,13.69
1.56360,52.54,,13.64
1.56370,52.17,,13.54
1.56380,52.16,,13.41
1.56390,51.88,,13.41
1.56400,51.61,,13.39
1.56410,51.68,,13.41
1.56420,51.43,,13.69
1.56430,51.41,,13.56
1.56440,51.00,,13.69
1.56450,50.78,,13.56
1.56460,50.36,,13.54
1.56470,50.30,,13.49
1.56480,50.00,,13.41
1.56490,50.12,,13.31
1.56500,49.93,,13.41
1.56510,49.44,,13.54
1.56520,49.30,,13.56
1.56530,49.24,,13.61
1.56540,48.88,,13.49
1.56550,48.84,,13.54
1.56560,48.03,,13.41
1.56570,48.19,,13.39
1.56580,48.49,,13.34
1.56590,48.68,,13.49
1.56600,49.23,,13.54
1.56610,47.83,,13.56
1.56620,47.40,,13.69
1.56630,46.99,,13.72
1.56640,46.96,,13.54
1.56650,46.52,,13.41
1.56660,46.61,,13.39
1.56670,46.82,,13.27
1.56680,46.85,,13.41
1.56690,46.35,,13.54
1.56700,46.13,,13.72
1.56710,45.59,,13.54
1.56720,45.28,,13.56
1.56730,44.49,,13.54
1.56740,44.73,,13.41
1.56750,43.76,,13.09
1.56760,43.96,,13.27
1.56770,44.34,,13.24
1.56780,44.87,,13.41
1.56790,44.49,,13.72
1.56800,44.05,,13.69
1.56810,43.67,,13.88
1.56820,43.56,,13.54
1.56830,43.60,,13.41
1.56840,43.82,,13.16
1.56850,44.09,,13.19
1.56860,44.40,,13.24
1.56870,44.55,,13.41
1.56880,44.33,,13.64
1.56890,43.94,,13.77
1.56900,43.67,,13.72
1.56910,44.13,,13.54
1.56920,44.67,,13.56
1.56930,44.76,,13.31
1.56940,44.96,,13.19
1.56950,44.86,,13.24
1.56960,44.91,,13.27
1.56970,45.35,,13.61
1.56980,45.40,,13.80
1.56990,45.17,,13.72
1.57000,45.25,,13.54
1.57010,45.22,,13.56
1.57020,45.36,,13.24
1.57030,45.38,,13.27
1.57040,45.61,,13.16
1.57050,45.54,,13.19
1.57060,45.18,,13.39
1.57070,45.08,,13.49
1.57080,46.00,,13.46
1.57090,46.96,,13.64
1.57100,47.46,,13.49
1.57110,47.88,,13.39
1.57120,48.70,,13.41
1.57130,48.84,,13.24
1.57140,49.69,,13.41
1.57150,50.65,,13.54
1.57160,50.85,,13.56
1.57170,51.14,,13.69
1.57180,51.39,,13.64
1.57190,51.74,,13.49
1.57200,52.22,,13.24
1.57210,52.94,,13.27
1.57220,53.28,,13.09
1.57230,53.32,,13.19
1.57240,54.25,,13.16
1.57250,55.52,,13.41
1.57260,56.00,,13.39
1.57270,56.16,,13.56
1.57280,56.43,,13.54
1.57290,57.29,,13.56
1.57300,57.45,,13.41
1.57310,58.30,,13.24
1.57320,58.36,,13.27
1.57330,59.45,,13.39
1.57340,60.19,,13.41
1.57350,60.73,,13.39
1.57360,60.59,,13.56
1.57370,60.47,,13.69
1.57380,60.43,,13.41
1.57390,59.55,,13.34
1.57400,60.18,,13.16
1.57410,61.02,,13.27
1.57420,61.01,,13.02
1.57430,61.13,,13.19
1.57440,61.05,,13.24
1.57450,62.21,,13.41
1.57460,62.36,,13.54
1.57470,62.13,,13.56
1.57480,61.31,,13.46
1.57490,61.89,,13.41
1.57500,62.54,,13.34
1.57510,62.96,,13.31
1.57520,63.27,,13.19
1.57530,63.40,,13.39
1.57540,63.38,,13.41
1.57550,63.25,,13.54
1.57560,62.83,,13.41
1.57570,62.15,,13.39
1.57580,62.10,,13.27
1.57590,62.47,,13.19
1.57600,62.20,,13.16
1.57610,62.35,,13.27
1.57620,62.19,,13.39
1.57630,61.77,,13.56
1.57640,61.46,,13.69
1.57650,60.96,,13.56
1.57660,60.45,,13.46
1.57670,60.60,,13.34
1.57680,60.35,,13.09
1.57690,59.85,,13.19
1.57700,59.33,,13.19
1.57710,59.18,,13.24
1.57720,58.77,,13.41
1.57730,58.76,,13.54
1.57740,58.65,,13.56
1.57750,57.90,,13.39
1.57760,58.01,,13.41
1.57770,57.54,,13.31
1.57780,57.28,,13.19
1.57790,57.17,,12.98
1.57800,57.15,,13.24
1.57810,57.23,,13.41
1.57820,57.11,,13.54
1.57830,56.67,,13.72
1.57840,56.58,,13.69
1.57850,56.32,,13.72
1.57860,55.99,,13.46
1.57870,55.72,,13.34
1.57880,55.21,,13.09
1.57890,55.36,,12.98
1.57900,54.94,,13.19
1.57910,54.07,,13.16
1.57920,53.37,,13.41
1.57930,52.64,,13.39
1.57940,52.14,,13.56
1.57950,51.46,,13.54
1.57960,51.08,,13.34
1.57970,51.05,,13.31
1.57980,50.74,,13.12
1.57990,50.71,,13.27
1.58000,50.60,,13.39
1.58010,50.29,,13.64
1.58020,49.73,,13.69
1.58030,49.09,,13.64
1.58040,47.99,,13.46
1.58050,47.92,,13.34
1.58060,48.71,,13.09
1.58070,48.60,,12.98
1.58080,48.94,,13.02
1.58090,48.66,,13.19
1.58100,48.17,,13.41
1.58110,48.01,,13.69
1.58120,47.58,,13.72
1.58130,47.10,,13.61
1.58140,46.76,,13.41
1.58150,46.67,,13.24
1.58160,46.70,,13.05
1.58170,46.42,,13.24
1.58180,46.33,,13.27
1.58190,45.94,,13.27
1.58200,45.60,,13.54
1.58210,45.61,,13.56
1.58220,45.32,,13.24
1.58230,44.94,,13.41
1.58240,44.61,,13.09
1.58250,44.24,,12.98
1.58260,44.42,,12.95
1.58270,44.56,,13.19
1.58280,44.57,,13.46
1.58290,44.49,,13.56
1.58300,44.62,,13.72
1.58310,44.26,,13.85
1.58320,43.96,,13.49
1.58330,44.20,,13.16
1.58340,44.16,,12.98
1.58350,44.00,,12.88
1.58360,43.83,,12.98
1.58370,43.53,,13.24
1.58380,43.51,,13.64
1.58390,43.05,,13.64
1.58400,42.98,,13.61
1.58410,43.13,,13.56
1.58420,43.13,,13.39
1.58430,43.04,,12.98
1.58440,43.06,,12.81
1.58450,43.48,,12.98
1.58460,43.54,,13.02
1.58470,43.57,,13.41
1.58480,43.51,,13.61
1.58490,43.24,,13.72
1.58500,43.22,,13.41
1.58510,43.19,,13.39
1.58520,43.36,,13.12
1.58530,43.39,,12.95
1.58540,43.20,,13.19
1.58550,43.32,,13.24
1.58560,43.04,,13.49
1.58570,42.95,,13.69
1.58580,42.76,,13.56
1.58590,42.54,,13.72
1.58600,42.62,,13.39
1.58610,42.14,,13.19
1.58620,42.04,,13.02
1.58630,41.74,,12.84
1.58640,41.65,,12.95
1.58650,41.42,,13.19
1.58660,41.13,,13.24
1.58670,41.09,,13.41
1.58680,40.73,,13.24
1.58690,40.03,,13.19
1.58700,39.76,,12.98
1.58710,39.73,,13.24
1.58720,39.87,,13.27
1.58730,39.82,,13.54
1.58740,39.57,,13.41
1.58750,39.39,,13.69
1.58760,39.18,,13.72
1.58770,39.03,,13.69
1.58780,38.32,,13.27
1.58790,37.73,,13.27
1.58800,38.23,,13.09
1.58810,38.15,,12.84
1.58820,38.19,,13.09
1.58830,38.28,,13.12
1.58840,37.79,,13.39
1.58850,37.18,,13.41
1.58860,36.71,,13.54
1.58870,36.47,,13.41
1.58880,36.13,,13.16
1.58890,36.07,,13.05
1.58900,35.88,,13.12
1.58910,35.86,,13.09
1.58920,35.70,,13.34
1.58930,35.50,,13.46
1.58940,35.15,,13.64
1.58950,34.73,,13.46
1.58960,34.49,,13.19
1.58970,34.17,,13.24
1.58980,34.00,,13.05
1.58990,33.66,,13.12
1.59000,33.24,,13.24
1.59010,33.04,,13.27
1.59020,32.91,,13.39
1.59030,33.11,,13.41
1.59040,33.61,,13.24
1.59050,33.90,,13.27
1.59060,34.19,,13.16
1.59070,34.62,,13.05
1.59080,35.38,,13.24
1.59090,35.63,,13.34
1.59100,36.26,,13.41
1.59110,36.82,,13.46
1.59120,36.84,,13.56
1.59130,36.81,,13.54
1.59140,36.26,,13.27
1.59150,36.15,,13.16
1.59160,36.47,,12.91
1.59170,37.61,,12.88
1.59180,38.46,,12.77
1.59190,38.63,,13.12
1.59200,38.79,,13.24
1.59210,38.89,,13.27
1.59220,38.84,,13.46
1.59230,38.46,,13.19
1.59240,38.29,,13.24
1.59250,38.01,,13.12
1.59260,38.33,,13.09
1.59270,38.34,,13.12
1.59280,38.42,,13.31
1.59290,38.62,,13.34
1.59300,38.82,,13.49
1.59310,38.56,,13.46
1.59320,38.34,,13.56
1.59330,38.14,,13.31
1.59340,37.69,,12.98
1.59350,37.48,,12.81
1.59360,37.58,,12.77
1.59370,37.17,,12.81
1.59380,36.43,,12.98
1.59390,35.85,,13.27
1.59400,35.35,,13.39
1.59410,34.85,,13.41
1.59420,34.09,,13.39
1.59430,33.62,,13.27
1.59440,32.86,,13.09
1.59450,32.25,,13.12
1.59460,31.20,,13.09
1.59470,30.71,,13.27
1.59480,30.66,,13.31
1.59490,30.34,,13.41
1.59500,29.82,,13.49
1.59510,29.30,,13.39
1.59520,28.88,,13.27
1.59530,28.44,,13.09
1.59540,28.79,,12.98
1.59550,28.76,,12.95
1.59560,28.63,,12.98
1.59570,28.75,,13.16
1.59580,28.97,,13.34
1.59590,28.96,,13.41
1.59600,29.28,,13.31
1.59610,29.16,,13.34
1.59620,29.02,,13.24
1.59630,29.45,,13.12
1.59640,29.43,,13.09
1.59650,29.86,,13.27
1.59660,30.27,,13.24
1.59670,30.57,,13.41
1.59680,31.14,,13.24
1.59690,31.62,,13.41
1.59700,31.78,,13.19
1.59710,31.90,,13.16
1.59720,32.30,,13.05
1.59730,32.83,,13.16
1.59740,33.09,,13.12
1.59750,33.48,,13.24
1.59760,33.73,,13.27
1.59770,33.94,,13.31
1.59780,34.27,,13.34
1.59790,34.48,,13.09
1.59800,34.76,,13.12
1.59810,34.78,,13.05
1.59820,34.82,,13.02
1.59830,34.99,,13.12
1.59840,35.38,,13.09
1.59850,35.88,,13.27
1.59860,36.22,,13.24
1.59870,36.23,,13.34
1.59880,36.41,,13.24
1.59890,36.66,,13.19
1.59900,37.44,,13.12
1.59910,37.87,,12.95
1.59920,37.94,,12.98
1.59930,38.32,,13.16
1.59940,38.53,,13.19
1.59950,38.60,,13.24
1.59960,38.94,,13.27
1.59970,39.45,,13.16
1.59980,39.73,,13.05
1.59990,40.39,,13.09
1.60000,40.50,,13.05
1.60010,40.26,,13.05
1.60020,40.30,,13.16
1.60030,40.38,,13.19
1.60040,40.89,,13.24
1.60050,41.24,,13.27
1.60060,41.65,,13.16
1.60070,42.11,,13.05
1.60080,42.62,,12.95
1.60090,43.28,,12.98
1.60100,43.61,,12.84
1.60110,44.10,,13.09
1.60120,44.26,,13.05
1.60130,44.24,,13.24
1.60140,44.66,,13.19
1.60150,44.64,,13.24
1.60160,44.73,,13.12
1.60170,45.11,,13.09
1.60180,45.55,,12.98
1.60190,45.83,,12.95
1.60200,45.84,,13.05
1.60210,46.09,,13.19
1.60220,45.84,,13.24
1.60230,45.56,,13.12
1.60240,45.56,,13.09
1.60250,46.06,,13.12
1.60260,46.69,,12.95
1.60270,46.80,,13.12
1.60280,47.29,,13.02
1.60290,47.75,,13.05
1.60300,48.37,,13.12
1.60310,48.40,,13.24
1.60320,48.36,,13.19
1.60330,48.37,,13.16
1.60340,48.41,,13.12
1.60350,48.56,,13.09
1.60360,48.89,,12.98
1.60370,49.11,,12.88
1.60380,49.25,,12.98
1.60390,49.39,,13.16
1.60400,49.57,,13.05
1.60410,49.67,,13.19
1.60420,49.93,,13.24
1.60430,50.41,,13.19
1.60440,50.70,,13.16
1.60450,51.07,,13.05
1.60460,50.86,,13.16
1.60470,51.37,,13.05
1.60480,51.37,,13.02
1.60490,51.36,,13.19
1.60500,51.31,,13.19
1.60510,51.83,,13.09
1.60520,51.63,,13.12
1.60530,51.59,,13.09
1.60540,51.64,,12.98
1.60550,52.05,,13.09
1.60560,52.50,,12.98
1.60570,52.65,,12.95
1.60580,52.71,,13.12
1.60590,52.39,,13.02
1.60600,52.22,,13.19
1.60610,52.13,,12.98
1.60620,52.06,,13.24
1.60630,51.86,,13.19
1.60640,51.39,,13.02
1.60650,51.08,,12.98
1.60660,51.72,,13.24
1.60670,52.50,,13.12
1.60680,52.48,,13.09
1.60690,52.20,,13.12
1.60700,52.17,,13.05
1.60710,52.25,,13.02
1.60720,52.44,,12.98
1.60730,52.24,,13.02
1.60740,52.38,,12.98
1.60750,52.53,,13.02
1.60760,52.72,,12.98
1.60770,53.12,,13.24
1.60780,53.66,,13.12
1.60790,53.93,,13.09
1.60800,54.04,,13.12
1.60810,53.96,,13.05
1.60820,54.04,,13.02
1.60830,54.18,,12.98
1.60840,54.49,,13.02
1.60850,54.88,,12.91
1.60860,55.03,,12.88
1.60870,55.31,,12.91
1.60880,56.00,,12.95
1.60890,56.39,,13.12
1.60900,56.32,,13.19
1.60910,56.35,,13.02
1.60920,56.11,,12.98
1.60930,56.02,,13.02
1.60940,55.95,,12.98
1.60950,56.25,,12.88
1.60960,56.58,,12.91
1.60970,56.69,,13.02
1.60980,56.79,,12.98
1.60990,56.96,,13.24
1.61000,57.21,,13.12
1.61010,57.49,,13.12
1.61020,57.88,,13.09
1.61030,57.79,,12.98
1.61040,57.81,,12.88
1.61050,57.84,,12.77
1.61060,57.77,,12.81
1.61070,58.46,,12.84
1.61080,58.70,,12.95
1.61090,58.88,,12.84
1.61100,58.97,,12.98
1.61110,58.85,,12.95
1.61120,58.59,,12.77
1.61130,58.53,,12.88
1.61140,58.40,,12.98
1.61150,58.28,,13.09
1.61160,58.07,,13.05
1.61170,57.82,,13.02
1.61180,57.52,,12.98
1.61190,56.90,,13.24
1.61200,56.51,,12.98
1.61210,56.02,,12.98
1.61220,56.43,,13.02
1.61230,56.93,,12.91
1.61240,56.50,,12.81
1.61250,56.22,,12.84
1.61260,55.80,,12.81
1.61270,55.11,,12.84
1.61280,54.88,,12.95
1.61290,54.65,,12.77
1.61300,54.61,,12.77
1.61310,54.34,,12.95
1.61320,54.48,,13.05
1.61330,54.23,,13.02
1.61340,53.60,,12.98
1.61350,53.57,,13.09
1.61360,53.27,,12.98
1.61370,52.94,,12.95
1.61380,52.71,,12.84
1.61390,52.67,,12.95
1.61400,52.84,,12.84
1.61410,52.75,,12.84
1.61420,52.38,,12.88
1.61430,51.99,,12.91
1.61440,51.61,,12.95
1.61450,51.06,,12.98
1.61460,50.55,,12.95
1.61470,50.58,,12.98
1.61480,50.16,,12.81
1.61490,50.08,,12.84
1.61500,49.75,,12.91
1.61510,49.14,,13.02
1.61520,49.17,,12.84
1.61530,48.47,,12.95
1.61540,48.00,,12.98
1.61550,47.80,,12.81
1.61560,47.35,,12.77
1.61570,46.97,,12.81
1.61580,46.75,,12.77
1.61590,46.20,,12.81
1.61600,45.65,,12.84
1.61610,45.29,,12.98
1.61620,44.61,,12.95
1.61630,44.26,,12.98
1.61640,44.06,,12.81
1.61650,44.11,,12.98
1.61660,44.26,,12.81
1.61670,43.99,,12.84
1.61680,44.33,,12.95
1.61690,44.09,,12.77
1.61700,43.80,,12.98
1.61710,43.70,,13.02
1.61720,43.48,,12.77
1.61730,43.09,,12.88
1.61740,42.71,,12.71
1.61750,42.45,,12.81
1.61760,42.48,,12.77
1.61770,41.73,,12.88
1.61780,42.09,,12.71
1.61790,42.39,,12.67
1.61800,42.63,,12.84
1.61810,43.01,,12.84
1.61820,42.41,,12.95
1.61830,41.20,,12.84
1.61840,40.80,,12.81
1.61850,40.81,,12.84
1.61860,40.65,,12.74
1.61870,40.51,,12.64
1.61880,40.29,,12.74
1.61890,40.22,,12.77
1.61900,40.48,,12.71
1.61910,40.42,,12.81
1.61920,40.15,,12.84
1.61930,40.28,,12.81
1.61940,40.77,,12.84
1.61950,40.95,,12.81
1.61960,41.00,,12.84
1.61970,40.51,,12.67
1.61980,40.22,,12.77
1.61990,39.81,,12.61
1.62000,39.44,,12.71
1.62010,39.51,,12.64
1.62020,39.80,,12.61
1.62030,39.96,,12.77
1.62040,40.12,,12.81
1.62050,39.86,,12.77
1.62060,39.69,,12.81
1.62070,39.85,,12.77
1.62080,39.62,,12.74
1.62090,39.34,,12.64
1.62100,39.18,,12.77
1.62110,39.17,,12.67
1.62120,39.15,,12.71
1.62130,39.10,,12.81
1.62140,39.23,,12.57
1.62150,39.82,,12.67
1.62160,39.91,,12.71
1.62170,39.80,,12.61
1.62180,39.59,,12.77
1.62190,39.34,,12.81
1.62200,38.67,,12.77
1.62210,38.24,,12.77
1.62220,37.88,,12.67
1.62230,37.64,,12.71
1.62240,37.15,,12.54
1.62250,36.96,,12.57
1.62260,36.64,,12.67
1.62270,36.33,,12.77
1.62280,36.21,,12.81
1.62290,36.29,,12.77
1.62300,36.24,,12.57
1.62310,35.67,,12.61
1.62320,35.96,,12.38
1.62330,36.74,,12.61
1.62340,37.41,,12.64
1.62350,37.31,,12.81
1.62360,36.48,,12.91
1.62370,36.52,,12.88
1.62380,36.45,,12.91
1.62390,36.53,,12.81
1.62400,36.32,,12.57
1.62410,35.95,,12.57
1.62420,35.55,,12.61
1.62430,35.22,,12.57
1.62440,35.29,,12.61
1.62450,35.38,,12.77
1.62460,35.24,,12.67
1.62470,35.26,,12.71
1.62480,35.17,,12.67
1.62490,35.34,,12.71
1.62500,35.38,,12.54
1.62510,35.33,,12.44
1.62520,34.92,,12.57
1.62530,34.89,,12.67
1.62540,34.88,,12.57
1.62550,34.71,,12.74
1.62560,34.64,,12.57
1.62570,34.84,,12.61
1.62580,35.17,,12.71
1.62590,35.39,,12.67
1.62600,35.31,,12.57
1.62610,34.97,,12.71
1.62620,34.68,,12.67
1.62630,34.46,,12.57
1.62640,34.39,,12.41
1.62650,34.16,,12.57
1.62660,34.24,,12.61
1.62670,34.33,,12.57
1.62680,34.25,,12.61
1.62690,34.23,,12.77
1.62700,34.15,,12.74
1.62710,33.96,,12.64
1.62720,33.62,,12.51
1.62730,33.26,,12.41
1.62740,33.54,,12.26
1.62750,33.78,,12.34
1.62760,33.77,,12.44
1.62770,33.91,,12.67
1.62780,33.51,,12.71
1.62790,33.12,,12.81
1.62800,33.12,,12.71
1.62810,33.36,,12.57
1.62820,33.68,,12.47
1.62830,33.86,,12.38
1.62840,33.84,,12.41
1.62850,34.03,,12.57
1.62860,34.68,,12.54
1.62870,35.35,,12.64
1.62880,35.84,,12.74
1.62890,36.22,,12.64
1.62900,36.41,,12.61
1.62910,36.62,,12.44
1.62920,36.88,,12.32
1.62930,37.05,,12.54
1.62940,37.59,,12.44
1.62950,37.88,,12.61
1.62960,38.22,,12.51
1.62970,38.68,,12.47
1.62980,39.04,,12.57
1.62990,39.36,,12.47
1.63000,39.78,,12.51
1.63010,40.19,,12.57
1.63020,40.56,,12.47
1.63030,40.83,,12.51
1.63040,41.76,,12.47
1.63050,42.40,,12.57
1.63060,42.78,,12.54
1.63070,43.12,,12.38
1.63080,43.52,,12.41
1.63090,44.24,,12.26
1.63100,44.84,,12.34
1.63110,45.67,,12.57
1.63120,46.04,,12.57
1.63130,46.52,,12.74
1.63140,46.86,,12.71
1.63150,47.33,,12.54
1.63160,47.74,,12.44
1.63170,48.19,,12.34
1.63180,48.62,,12.26
1.63190,48.69,,12.28
1.63200,48.96,,12.44
1.63210,49.78,,12.38
1.63220,50.61,,12.61
1.63230,51.48,,12.44
1.63240,52.04,,12.54
1.63250,52.39,,12.38
1.63260,52.70,,12.47
1.63270,53.06,,12.44
1.63280,53.53,,12.28
1.63290,53.91,,12.38
1.63300,54.63,,12.22
1.63310,55.31,,12.44
1.63320,55.71,,12.51
1.63330,56.04,,12.61
1.63340,56.24,,12.57
1.63350,56.59,,12.41
1.63360,57.02,,12.19
1.63370,57.43,,12.41
1.63380,57.56,,12.38
1.63390,57.96,,12.47
1.63400,58.06,,12.51
1.63410,58.29,,12.51
1.63420,58.91,,12.41
1.63430,59.49,,12.32
1.63440,59.99,,12.34
1.63450,60.01,,12.38
1.63460,60.00,,12.22
1.63470,60.14,,12.38
1.63480,60.38,,12.54
1.63490,60.85,,12.44
1.63500,61.26,,12.41
1.63510,61.77,,12.32
1.63520,62.26,,12.44
1.63530,62.07,,12.41
1.63540,61.84,,12.38
1.63550,61.75,,12.61
1.63560,62.06,,12.38
1.63570,62.39,,12.41
1.63580,62.67,,12.38
1.63590,63.49,,12.22
1.63600,63.73,,12.38
1.63610,64.48,,12.38
1.63620,64.95,,12.61
1.63630,65.03,,12.44
1.63640,65.21,,12.54
1.63650,65.70,,12.38
1.63660,66.42,,12.34
1.63670,66.96,,12.26
1.63680,67.56,,12.22
1.63690,67.72,,12.19
1.63700,67.74,,12.41
1.63710,68.08,,12.38
1.63720,68.72,,12.38
1.63730,69.39,,12.41
1.63740,69.47,,12.38
1.63750,69.35,,12.41
1.63760,69.38,,12.38
1.63770,69.36,,12.28
1.63780,69.94,,12.32
1.63790,70.91,,12.22
1.63800,71.71,,12.19
1.63810,72.36,,12.38
1.63820,72.70,,12.54
1.63830,73.17,,12.44
1.63840,73.58,,12.54
1.63850,74.32,,12.44
1.63860,75.01,,12.22
1.63870,75.29,,12.38
1.63880,75.60,,12.28
1.63890,76.26,,12.32
1.63900,76.51,,12.41
1.63910,76.53,,12.19
1.63920,76.48,,12.32
1.63930,77.06,,12.28
1.63940,77.73,,12.19
1.63950,78.32,,12.22
1.63960,79.05,,12.38
1.63970,79.21,,12.28
1.63980,79.54,,12.32
1.63990,79.74,,12.41
1.64000,80.01,,12.19
1.64010,80.14,,12.38
1.64020,80.78,,12.22
1.64030,81.41,,12.32
1.64040,81.33,,12.28
1.64050,82.09,,12.19
1.64060,83.14,,12.22
1.64070,84.19,,12.38
1.64080,84.62,,12.41
1.64090,84.52,,12.32
1.64100,84.24,,12.28
1.64110,85.05,,12.32
1.64120,85.74,,12.19
1.64130,85.84,,12.16
1.64140,86.03,,12.19
1.64150,86.00,,12.34
1.64160,86.25,,12.19
1.64170,86.63,,12.41
1.64180,87.11,,12.26
1.64190,87.58,,12.34
1.64200,87.69,,12.26
1.64210,87.70,,12.19
1.64220,87.67,,12.16
1.64230,88.16,,12.19
1.64240,89.17,,12.03
1.64250,89.49,,12.32
1.64260,89.90,,12.28
1.64270,89.95,,12.44
1.64280,89.75,,12.54
1.64290,89.91,,12.44
1.64300,90.54,,12.34
1.64310,90.67,,12.38
1.64320,90.39,,12.19
1.64330,90.23,,12.16
1.64340,90.51,,12.19
1.64350,90.31,,12.28
1.64360,90.39,,12.19
1.64370,90.28,,12.22
1.64380,89.68,,12.38
1.64390,89.37,,12.22
1.64400,88.95,,12.26
1.64410,88.38,,12.19
1.64420,87.75,,12.16
1.64430,87.36,,12.19
1.64440,87.51,,12.41
1.64450,86.60,,12.57
1.64460,84.90,,12.41
1.64470,84.10,,12.38
1.64480,84.15,,12.22
1.64490,84.50,,12.07
1.64500,85.21,,12.16
1.64510,85.68,,12.19
1.64520,86.15,,12.32
1.64530,86.26,,12.41
1.64540,86.53,,12.44
1.64550,86.94,,12.41
1.64560,87.57,,12.32
1.64570,87.62,,12.41
1.64580,87.05,,12.44
1.64590,86.48,,12.41
1.64600,86.30,,12.38
1.64610,86.55,,12.38
1.64620,86.57,,12.16
1.64630,86.13,,12.19
1.64640,85.93,,12.28
1.64650,85.76,,12.19
1.64660,85.46,,12.22
1.64670,84.98,,12.38
1.64680,84.84,,12.41
1.64690,84.28,,12.38
1.64700,83.85,,12.41
1.64710,83.82,,12.38
1.64720,83.50,,12.38
1.64730,83.34,,12.41
1.64740,83.15,,12.38
1.64750,82.75,,12.28
1.64760,82.64,,12.32
1.64770,82.65,,12.41
1.64780,82.60,,12.32
1.64790,82.27,,12.47
1.64800,81.34,,12.57
1.64810,80.60,,12.38
1.64820,80.12,,12.41
1.64830,79.65,,12.19
1.64840,79.55,,12.28
1.64850,79.53,,12.32
1.64860,78.87,,12.28
1.64870,78.19,,12.44
1.64880,77.94,,12.41
1.64890,77.94,,12.44
1.64900,78.12,,12.54
1.64910,77.74,,12.57
1.64920,77.51,,12.57
1.64930,77.32,,12.41
1.64940,76.94,,12.26
1.64950,76.31,,12.22
1.64960,76.16,,12.38
1.64970,76.02,,12.34
1.64980,75.65,,12.44
1.64990,74.86,,12.41
1.65000,74.83,,12.57
1.65010,74.26,,12.44
1.65020,74.00,,12.54
1.65030,73.54,,12.57
1.65040,72.68,,12.41
1.65050,72.10,,12.44
1.65060,71.36,,12.54
1.65070,70.63,,12.44
1.65080,69.81,,12.67
1.65090,69.33,,12.44
1.65100,68.36,,12.41
1.65110,67.46,,12.38
1.65120,67.15,,12.38
1.65130,66.50,,12.41
1.65140,65.82,,12.57
1.65150,65.06,,12.54
1.65160,64.42,,12.57
1.65170,63.61,,12.67
1.65180,62.61,,12.57
1.65190,61.46,,12.54
1.65200,60.45,,12.44
1.65210,59.66,,12.54
1.65220,58.81,,12.44
1.65230,58.33,,12.44
1.65240,57.52,,12.54
1.65250,56.51,,12.71
1.65260,55.71,,12.81
1.65270,54.96,,12.71
1.65280,54.21,,12.74
1.65290,53.31,,12.51
1.65300,52.95,,12.54
1.65310,52.52,,12.51
1.65320,51.83,,12.57
1.65330,51.15,,12.61
1.65340,50.12,,12.57
1.65350,49.42,,12.67
1.65360,48.68,,12.71
1.65370,48.21,,12.67
1.65380,47.30,,12.57
1.65390,46.41,,12.54
1.65400,45.25,,12.57
1.65410,44.13,,12.54
1.65420,43.63,,12.57
1.65430,42.73,,12.64
1.65440,42.15,,12.74
1.65450,41.25,,12.84
1.65460,40.30,,12.81
1.65470,39.26,,12.77
1.65480,38.64,,12.61
1.65490,38.16,,12.57
1.65500,37.82,,12.41
1.65510,37.67,,12.57
1.65520,37.92,,12.71
1.65530,37.78,,12.67
1.65540,37.07,,12.98
1.65550,36.65,,12.81
1.65560,35.75,,12.98
1.65570,34.82,,12.81
1.65580,33.76,,12.57
1.65590,33.28,,12.41
1.65600,32.83,,12.38
1.65610,32.57,,12.47
1.65620,31.97,,12.71
1.65630,31.28,,12.77
1.65640,30.57,,12.88
1.65650,30.03,,12.84
1.65660,30.04,,12.67
1.65670,30.10,,12.57
1.65680,29.90,,12.61
1.65690,30.39,,12.51
1.65700,30.79,,12.47
1.65710,30.80,,12.77
1.65720,30.35,,12.84
1.65730,30.03,,12.95
1.65740,29.52,,13.12
1.65750,29.39,,13.09
1.65760,28.89,,12.77
1.65770,28.48,,12.47
1.65780,28.30,,12.51
1.65790,28.58,,12.41
1.65800,28.60,,12.51
1.65810,28.45,,12.54
1.65820,28.33,,12.84
1.65830,28.19,,12.84
1.65840,28.38,,12.81
1.65850,28.43,,12.71
1.65860,27.95,,12.67
1.65870,28.02,,12.77
1.65880,27.73,,12.61
1.65890,27.41,,12.57
1.65900,27.34,,12.81
1.65910,27.33,,12.77
1.65920,27.25,,12.77
1.65930,27.62,,12.81
1.65940,27.95,,12.71
1.65950,27.87,,12.67
1.65960,27.98,,12.71
1.65970,28.03,,12.67
1.65980,28.38,,12.57
1.65990,28.49,,12.61
1.66000,28.88,,12.77
1.66010,29.16,,12.81
1.66020,29.18,,12.84
1.66030,29.29,,12.91
1.66040,29.57,,12.88
1.66050,29.52,,12.71
1.66060,29.52,,12.61
1.66070,29.59,,12.57
1.66080,29.62,,12.74
1.66090,29.30,,12.57
1.66100,29.08,,12.67
1.66110,28.81,,12.84
1.66120,28.68,,12.71
1.66130,28.73,,12.61
1.66140,28.16,,12.77
1.66150,28.87,,12.81
1.66160,28.44,,12.71
1.66170,28.10,,12.67
1.66180,28.11,,12.84
1.66190,28.25,,12.81
1.66200,28.06,,12.91
1.66210,28.20,,12.88
1.66220,28.34,,12.91
1.66230,28.54,,12.77
1.66240,28.83,,12.81
1.66250,29.72,,12.71
1.66260,30.46,,12.67
1.66270,30.68,,12.57
1.66280,30.99,,12.81
1.66290,31.71,,12.57
1.66300,32.43,,12.81
1.66310,33.31,,12.77
1.66320,34.16,,12.91
1.66330,34.98,,12.81
1.66340,36.19,,12.71
1.66350,37.14,,12.74
1.66360,38.20,,12.77
1.66370,38.77,,12.81
1.66380,38.47,,12.84
1.66390,39.02,,12.74
1.66400,39.52,,12.77
1.66410,40.17,,12.61
1.66420,41.37,,12.51
1.66430,42.08,,12.57
1.66440,42.74,,12.67
1.66450,43.24,,12.84
1.66460,43.21,,12.95
1.66470,43.41,,12.98
1.66480,43.58,,12.95
1.66490,43.98,,12.84
1.66500,44.16,,12.67
1.66510,44.16,,12.57
1.66520,44.26,,12.57
1.66530,44.80,,12.54
1.66540,44.97,,12.77
1.66550,45.31,,12.74
1.66560,45.42,,12.84
1.66570,45.89,,12.95
1.66580,45.95,,12.84
1.66590,46.32,,12.81
1.66600,46.30,,12.57
1.66610,46.38,,12.41
1.66620,46.68,,12.57
1.66630,47.13,,12.77
1.66640,47.48,,12.74
1.66650,47.66,,12.84
1.66660,47.87,,13.02
1.66670,47.83,,12.98
1.66680,48.04,,12.81
1.66690,48.23,,12.77
1.66700,48.94,,12.61
1.66710,49.54,,12.64
1.66720,50.07,,12.57
1.66730,50.33,,12.67
1.66740,50.86,,12.71
1.66750,51.48,,12.81
1.66760,51.91,,12.84
1.66770,52.06,,12.81
1.66780,52.07,,12.84
1.66790,52.48,,12.81
1.66800,53.02,,12.71
1.66810,53.28,,12.67
1.66820,53.71,,12.71
1.66830,54.30,,12.64
1.66840,54.89,,12.74
1.66850,55.46,,12.84
1.66860,55.86,,12.95
1.66870,55.89,,12.84
1.66880,56.02,,12.81
1.66890,56.32,,12.77
1.66900,56.84,,12.61
1.66910,57.29,,12.77
1.66920,57.57,,12.77
1.66930,57.44,,12.81
1.66940,57.65,,12.98
1.66950,57.93,,12.81
1.66960,58.70,,12.84
1.66970,59.30,,12.74
1.66980,59.90,,12.64
1.66990,60.88,,12.67
1.67000,61.97,,12.64
1.67010,62.66,,12.74
1.67020,63.16,,12.84
1.67030,63.50,,12.98
1.67040,63.99,,12.95
1.67050,64.24,,12.84
1.67060,64.80,,12.61
1.67070,65.28,,12.38
1.67080,66.21,,12.61
1.67090,66.71,,12.64
1.67100,67.04,,12.81
1.67110,67.44,,12.91
1.67120,67.60,,12.98
1.67130,68.05,,12.88
1.67140,68.69,,12.84
1.67150,69.31,,12.67
1.67160,69.65,,12.57
1.67170,70.19,,12.61
1.67180,71.18,,12.77
1.67190,71.77,,12.81
1.67200,71.87,,12.98
1.67210,72.35,,13.02
1.67220,72.54,,12.77
1.67230,72.74,,12.71
1.67240,73.27,,12.47
1.67250,73.79,,12.38
1.67260,74.70,,12.54
1.67270,75.51,,12.64
1.67280,76.22,,12.88
1.67290,76.29,,12.98
1.67300,76.55,,13.09
1.67310,76.93,,12.84
1.67320,77.22,,12.77
1.67330,77.53,,12.47
1.67340,77.95,,12.51
1.67350,78.54,,12.47
1.67360,78.69,,12.71
1.67370,79.06,,13.02
1.67380,79.09,,12.98
1.67390,79.18,,12.81
1.67400,79.54,,12.77
1.67410,80.42,,12.81
1.67420,81.41,,12.57
1.67430,81.63,,12.57
1.67440,81.69,,12.67
1.67450,81.54,,12.71
1.67460,81.34,,12.67
1.67470,81.15,,12.71
1.67480,80.82,,12.81
1.67490,80.56,,12.84
1.67500,81.22,,12.74
1.67510,81.34,,12.77
1.67520,81.25,,12.57
1.67530,81.67,,12.67
1.67540,82.76,,12.71
1.67550,82.96,,12.81
1.67560,82.99,,12.77
1.67570,82.70,,12.88
1.67580,83.00,,12.91
1.67590,83.11,,12.81
1.67600,83.55,,12.64
1.67610,84.17,,12.54
1.67620,84.89,,12.57
1.67630,85.41,,12.77
1.67640,86.37,,12.74
1.67650,86.83,,12.84
1.67660,87.18,,12.81
1.67670,87.52,,12.98
1.67680,87.49,,12.81
1.67690,87.97,,12.77
1.67700,88.26,,12.81
1.67710,88.45,,12.64
1.67720,88.30,,12.71
1.67730,88.45,,12.61
1.67740,89.01,,12.77
1.67750,89.16,,12.67
1.67760,89.38,,12.84
1.67770,89.51,,12.81
1.67780,89.14,,12.84
1.67790,88.66,,12.67
1.67800,88.58,,12.71
1.67810,88.89,,12.67
1.67820,88.80,,12.71
1.67830,88.47,,12.77
1.67840,88.05,,12.88
1.67850,87.61,,12.91
1.67860,87.19,,12.88
1.67870,86.93,,12.91
1.67880,86.59,,12.81
1.67890,86.16,,12.77
1.67900,85.75,,12.81
1.67910,85.38,,12.71
1.67920,85.03,,12.67
1.67930,84.97,,12.84
1.67940,84.61,,12.84
1.67950,83.98,,12.88
1.67960,83.54,,12.77
1.67970,83.33,,12.81
1.67980,83.18,,12.84
1.67990,83.36,,12.74
1.68000,83.33,,12.77
1.68010,83.74,,12.81
1.68020,83.96,,12.84
1.68030,83.73,,12.98
1.68040,83.77,,12.95
1.68050,83.68,,12.84
1.68060,83.72,,12.95
1.68070,83.13,,12.98
1.68080,82.95,,12.81
1.68090,82.64,,12.84
1.68100,82.37,,12.81
1.68110,82.30,,12.84
1.68120,82.07,,12.88
1.68130,81.63,,12.98
1.68140,81.33,,12.98
1.68150,80.94,,12.88
1.68160,80.85,,12.91
1.68170,80.59,,12.81
1.68180,80.45,,12.91
1.68190,80.29,,12.88
1.68200,80.05,,12.77
1.68210,79.73,,12.95
1.68220,79.28,,12.84
1.68230,78.74,,12.98
1.68240,78.28,,13.02
1.68250,78.09,,12.98
1.68260,77.53,,12.88
1.68270,77.12,,12.84
1.68280,76.62,,12.81
1.68290,76.11,,12.84
1.68300,76.29,,12.95
1.68310,75.82,,12.98
1.68320,75.34,,13.09
1.68330,74.36,,12.98
1.68340,73.71,,12.98
1.68350,73.20,,13.02
1.68360,72.80,,12.98
1.68370,72.25,,12.88
1.68380,71.88,,12.91
1.68390,71.60,,12.81
1.68400,71.22,,12.91
1.68410,70.93,,12.88
1.68420,70.09,,12.98
1.68430,69.80,,12.91
1.68440,69.29,,12.95
1.68450,68.78,,12.98
1.68460,68.16,,12.95
1.68470,67.59,,12.98
1.68480,67.58,,13.02
1.68490,67.08,,12.98
1.68500,66.76,,13.02
1.68510,66.22,,12.98
1.68520,65.61,,13.02
1.68530,64.87,,13.05
1.68540,64.50,,12.91
1.68550,63.94,,13.02
1.68560,63.79,,12.98
1.68570,63.43,,12.95
1.68580,62.86,,12.98
1.68590,62.47,,13.09
1.68600,61.65,,12.98
1.68610,61.28,,13.09
1.68620,60.53,,13.12
1.68630,59.89,,12.98
1.68640,59.21,,13.09
1.68650,58.75,,12.98
1.68660,58.12,,12.95
1.68670,57.66,,13.12
1.68680,57.08,,13.09
1.68690,56.36,,13.12
1.68700,55.60,,13.09
1.68710,55.03,,13.12
1.68720,54.58,,12.95
1.68730,54.51,,13.12
1.68740,54.02,,12.98
1.68750,53.45,,13.09
1.68760,52.59,,13.12
1.68770,52.20,,13.02
1.68780,51.84,,13.05
1.68790,51.31,,12.95
1.68800,50.92,,13.12
1.68810,50.42,,13.09
1.68820,50.03,,13.12
1.68830,49.61,,13.05
1.68840,49.20,,13.02
1.68850,48.83,,13.19
1.68860,48.25,,13.24
1.68870,47.57,,13.19
1.68880,46.22,,13.39
1.68890,45.29,,13.12
1.68900,44.22,,13.09
1.68910,43.71,,12.84
1.68920,43.31,,13.02
1.68930,42.59,,12.98
1.68940,41.83,,12.98
1.68950,41.31,,13.24
1.68960,40.93,,13.19
1.68970,40.24,,13.24
1.68980,40.03,,13.41
1.68990,39.59,,13.09
1.69000,38.99,,13.12
1.69010,38.14,,13.09
1.69020,37.84,,13.12
1.69030,37.29,,13.12
1.69040,36.70,,13.09
1.69050,36.09,,13.27
1.69060,35.68,,13.39
1.69070,35.15,,13.19
1.69080,34.40,,13.24
1.69090,33.59,,13.19
1.69100,32.92,,13.24
1.69110,32.33,,12.98
1.69120,31.91,,13.09
1.69130,31.56,,13.12
1.69140,31.46,,13.27
1.69150,30.62,,13.39
1.69160,30.04,,13.27
1.69170,29.15,,13.24
1.69180,28.61,,13.27
1.69190,27.87,,13.24
1.69200,27.36,,13.27
1.69210,27.08,,13.02
1.69220,26.84,,13.19
1.69230,26.39,,13.12
1.69240,26.12,,13.31
1.69250,25.70,,13.34
1.69260,25.58,,13.31
1.69270,25.30,,13.34
1.69280,25.47,,13.31
1.69290,25.54,,13.19
1.69300,25.08,,13.39
1.69310,25.00,,13.27
1.69320,24.86,,13.24
1.69330,24.77,,13.19
1.69340,24.61,,13.19
1.69350,24.33,,13.39
1.69360,24.05,,13.27
1.69370,23.97,,13.24
1.69380,24.29,,13.27
1.69390,24.48,,13.16
1.69400,24.48,,13.19
1.69410,24.66,,13.24
1.69420,24.72,,13.27
1.69430,25.02,,13.34
1.69440,24.82,,13.31
1.69450,25.03,,13.27
1.69460,25.46,,13.24
1.69470,25.85,,13.27
1.69480,26.03,,13.24
1.69490,26.30,,13.27
1.69500,26.46,,13.24
1.69510,26.96,,13.27
1.69520,27.48,,13.31
1.69530,27.74,,13.41
1.69540,27.85,,13.41
1.69550,27.56,,13.46
1.69560,27.86,,13.19
1.69570,28.18,,13.16
1.69580,28.79,,13.05
1.69590,29.43,,13.16
1.69600,30.00,,13.27
1.69610,30.19,,13.24
1.69620,30.32,,13.41
1.69630,30.68,,13.19
1.69640,31.04,,13.24
1.69650,31.65,,13.19
1.69660,32.43,,13.24
1.69670,33.14,,13.12
1.69680,33.89,,13.31
1.69690,34.44,,13.34
1.69700,34.51,,13.39
1.69710,34.73,,13.56
1.69720,35.25,,13.39
1.69730,35.94,,13.27
1.69740,36.46,,13.19
1.69750,36.62,,13.02
1.69760,37.02,,13.19
1.69770,37.49,,13.16
1.69780,38.37,,13.27
1.69790,38.83,,13.46
1.69800,39.25,,13.49
1.69810,39.73,,13.39
1.69820,40.58,,13.41
1.69830,41.48,,13.19
1.69840,42.07,,13.24
1.69850,42.50,,13.19
1.69860,42.87,,13.24
1.69870,43.36,,13.19
1.69880,44.09,,13.31
1.69890,44.87,,13.34
1.69900,45.47,,13.31
1.69910,45.76,,13.27
1.69920,46.50,,13.24
1.69930,47.89,,13.27
1.69940,49.14,,13.19
1.69950,49.65,,13.31
1.69960,50.18,,13.41
1.69970,50.23,,13.39
1.69980,50.47,,13.56
1.69990,51.42,,13.31
1.70000,52.28,,13.19
1.70010,53.07,,13.24
1.70020,53.67,,13.12
1.70030,54.44,,13.12
1.70040,55.05,,13.39
1.70050,55.63,,13.41
1.70060,56.36,,13.46
1.70070,56.60,,13.49
1.70080,57.02,,13.54
1.70090,57.37,,13.27
1.70100,57.45,,13.24
1.70110,57.98,,13.19
1.70120,58.31,,13.02
1.70130,58.54,,13.19
1.70140,58.70,,13.19
1.70150,58.94,,13.54
1.70160,59.04,,13.41
1.70170,59.14,,13.54
1.70180,59.40,,13.27
1.70190,60.13,,13.24
1.70200,60.72,,13.19
1.70210,60.88,,13.02
1.70220,61.14,,13.27
1.70230,61.69,,13.41
1.70240,61.87,,13.54
1.70250,61.84,,13.49
1.70260,61.95,,13.46
1.70270,62.10,,13.56
1.70280,62.72,,13.39
1.70290,62.77,,13.27
1.70300,62.81,,13.31
1.70310,62.68,,13.19
1.70320,62.88,,13.24
1.70330,63.27,,13.27
1.70340,63.30,,13.41
1.70350,63.44,,13.39
1.70360,63.08,,13.41
1.70370,62.97,,13.39
1.70380,63.29,,13.27
1.70390,63.67,,13.24
1.70400,63.86,,13.12
1.70410,64.13,,13.31
1.70420,64.01,,13.34
1.70430,64.29,,13.54
1.70440,64.45,,13.41
1.70450,64.43,,13.64
1.70460,64.16,,13.46
1.70470,64.28,,13.41
1.70480,64.02,,13.24
1.70490,63.78,,13.19
1.70500,63.81,,13.16
1.70510,63.82,,13.27
1.70520,63.84,,13.39
1.70530,63.94,,13.41
1.70540,64.01,,13.56
1.70550,64.10,,13.54
1.70560,63.96,,13.49
1.70570,64.33,,13.24
1.70580,64.87,,13.34
1.70590,65.48,,13.24
1.70600,65.68,,13.27
1.70610,65.81,,13.24
1.70620,65.72,,13.41
1.70630,65.95,,13.39
1.70640,65.90,,13.49
1.70650,65.82,,13.49
1.70660,65.34,,13.39
1.70670,65.57,,13.41
1.70680,65.39,,13.24
1.70690,65.22,,13.27
1.70700,64.67,,13.39
1.70710,64.29,,13.41
1.70720,64.08,,13.46
1.70730,63.88,,13.49
1.70740,63.98,,13.56
1.70750,64.26,,13.39
1.70760,64.66,,13.41
1.70770,64.89,,13.39
1.70780,65.10,,13.34
1.70790,65.04,,13.31
1.70800,64.63,,13.27
1.70810,64.30,,13.31
1.70820,64.39,,13.34
1.70830,63.96,,13.39
1.70840,63.98,,13.41
1.70850,64.18,,13.34
1.70860,64.08,,13.46
1.70870,64.25,,13.27
1.70880,64.16,,13.39
1.70890,63.73,,13.41
1.70900,63.51,,13.46
1.70910,63.18,,13.49
1.70920,62.89,,13.61
1.70930,62.92,,13.41
1.70940,62.68,,13.34
1.70950,62.82,,13.31
1.70960,62.35,,13.41
1.70970,61.44,,13.46
1.70980,60.89,,13.27
1.70990,61.80,,13.54
1.71000,62.60,,13.41
1.71010,62.72,,13.39
1.71020,62.67,,13.41
1.71030,62.00,,13.54
1.71040,61.86,,13.41
1.71050,61.53,,13.41
1.71060,61.49,,13.24
1.71070,61.08,,13.27
1.71080,61.03,,13.39
1.71090,60.65,,13.41
1.71100,60.07,,13.54
1.71110,59.93,,13.41
1.71120,59.42,,13.69
1.71130,59.03,,13.56
1.71140,58.25,,13.41
1.71150,57.67,,13.31
1.71160,57.52,,13.34
1.71170,57.54,,13.31
1.71180,57.01,,13.41
1.71190,56.65,,13.31
1.71200,56.43,,13.41
1.71210,56.26,,13.61
1.71220,55.86,,13.64
1.71230,55.30,,13.54
1.71240,55.15,,13.56
1.71250,54.96,,13.41
1.71260,54.67,,13.39
1.71270,54.36,,13.27
1.71280,54.22,,13.39
1.71290,54.03,,13.41
1.71300,54.05,,13.39
1.71310,53.84,,13.56
1.71320,53.34,,13.54
1.71330,52.46,,13.56
1.71340,52.13,,13.27
1.71350,51.61,,13.24
1.71360,51.29,,13.27
1.71370,50.33,,13.39
1.71380,48.74,,13.41
1.71390,47.99,,13.54
1.71400,48.11,,13.72
1.71410,48.43,,13.69
1.71420,48.41,,13.56
1.71430,48.53,,13.54
1.71440,48.42,,13.41
1.71450,47.65,,13.41
1.71460,46.87,,13.46
1.71470,45.93,,13.41
1.71480,45.92,,13.31
1.71490,45.65,,13.41
1.71500,45.37,,13.54
1.71510,44.55,,13.72
1.71520,43.26,,13.54
1.71530,42.10,,13.56
1.71540,41.14,,13.56
1.71550,40.83,,13.39
1.71560,40.62,,13.27
1.71570,39.94,,13.31
1.71580,39.98,,13.41
1.71590,39.71,,13.46
1.71600,39.76,,13.56
1.71610,39.65,,13.54
1.71620,39.35,,13.41
1.71630,39.10,,13.54
1.71640,38.77,,13.56
1.71650,38.94,,13.41
1.71660,38.76,,13.39
1.71670,38.71,,13.49
1.71680,39.00,,13.46
1.71690,38.94,,13.41
1.71700,39.04,,13.69
1.71710,38.84,,13.64
1.71720,38.86,,13.61
1.71730,38.51,,13.56
1.71740,38.65,,13.41
1.71750,38.13,,13.39
1.71760,37.93,,13.41
1.71770,37.54,,13.24
1.71780,37.51,,13.41
1.71790,37.23,,13.24
1.71800,36.86,,13.41
1.71810,36.36,,13.39
1.71820,36.43,,13.41
1.71830,36.43,,13.54
1.71840,36.12,,13.56
1.71850,35.84,,13.56
1.71860,35.31,,13.69
1.71870,35.00,,13.56
1.71880,35.28,,13.54
1.71890,34.99,,13.56
1.71900,35.05,,13.39
1.71910,34.73,,13.27
1.71920,34.48,,13.54
1.71930,34.55,,13.56
1.71940,33.91,,13.56
1.71950,32.94,,13.54
1.71960,33.16,,13.41
1.71970,33.24,,13.39
1.71980,33.28,,13.27
1.71990,32.72,,13.24
1.72000,32.37,,13.27
1.72010,32.16,,13.39
1.72020,31.86,,13.64
1.72030,31.96,,13.61
1.72040,32.21,,13.72
1.72050,32.23,,13.64
1.72060,32.22,,13.61
1.72070,32.03,,13.41
1.72080,31.86,,13.31
1.72090,31.57,,13.34
1.72100,31.56,,13.39
1.72110,31.25,,13.41
1.72120,30.97,,13.54
1.72130,30.31,,13.56
1.72140,30.37,,13.56
1.72150,30.65,,13.54
1.72160,30.65,,13.56
1.72170,30.57,,13.46
1.72180,30.14,,13.49
1.72190,29.70,,13.61
1.72200,29.38,,13.49
1.72210,29.21,,13.61
1.72220,29.48,,13.49
1.72230,29.88,,13.39
1.72240,29.87,,13.41
1.72250,29.48,,13.56
1.72260,29.31,,13.54
1.72270,29.32,,13.41
1.72280,29.29,,13.46
1.72290,29.23,,13.41
1.72300,28.93,,13.46
1.72310,28.51,,13.64
1.72320,27.77,,13.46
1.72330,27.03,,13.64
1.72340,26.80,,13.49
1.72350,26.70,,13.54
1.72360,26.66,,13.49
1.72370,26.50,,13.46
1.72380,26.28,,13.41
1.72390,26.29,,13.54
1.72400,26.48,,13.56
1.72410,26.56,,13.69
1.72420,26.50,,13.56
1.72430,26.78,,13.69
1.72440,26.79,,13.41
1.72450,26.62,,13.49
1.72460,26.85,,13.46
1.72470,27.02,,13.41
1.72480,27.45,,13.46
1.72490,27.66,,13.49
1.72500,27.77,,13.54
1.72510,27.89,,13.49
1.72520,28.26,,13.61
1.72530,28.75,,13.41
1.72540,29.23,,13.49
1.72550,29.63,,13.46
1.72560,29.77,,13.56
1.72570,29.83,,13.39
1.72580,29.99,,13.56
1.72590,30.25,,13.54
1.72600,30.84,,13.56
1.72610,31.19,,13.69
1.72620,31.45,,13.41
1.72630,31.77,,13.46
1.72640,32.18,,13.41
1.72650,32.74,,13.49
1.72660,33.32,,13.54
1.72670,33.61,,13.49
1.72680,33.97,,13.46
1.72690,34.45,,13.64
1.72700,35.04,,13.46
1.72710,35.26,,13.41
1.72720,35.69,,13.46
1.72730,35.90,,13.34
1.72740,36.04,,13.27
1.72750,36.20,,13.39
1.72760,36.28,,13.41
1.72770,36.35,,13.54
1.72780,36.63,,13.56
1.72790,37.00,,13.54
1.72800,37.55,,13.64
1.72810,38.00,,13.46
1.72820,38.38,,13.41
1.72830,38.91,,13.46
1.72840,39.09,,13.41
1.72850,39.14,,13.49
1.72860,38.89,,13.39
1.72870,39.65,,13.56
1.72880,40.34,,13.54
1.72890,40.59,,13.41
1.72900,40.90,,13.54
1.72910,41.16,,13.41
1.72920,41.37,,13.39
1.72930,41.71,,13.41
1.72940,42.23,,13.41
1.72950,41.75,,13.24
1.72960,42.12,,13.41
1.72970,42.71,,13.69
1.72980,42.65,,13.41
1.72990,42.54,,13.69
1.73000,42.64,,13.64
1.73010,43.11,,13.46
1.73020,43.39,,13.41
1.73030,43.45,,13.39
1.73040,43.51,,13.27
1.73050,43.54,,13.27
1.73060,43.64,,13.39
1.73070,43.60,,13.56
1.73080,43.59,,13.69
1.73090,43.51,,13.72
1.73100,43.78,,13.54
1.73110,43.85,,13.56
1.73120,44.24,,13.39
1.73130,44.75,,13.41
1.73140,44.93,,13.54
1.73150,45.21,,13.56
1.73160,45.62,,13.56
1.73170,45.98,,13.54
1.73180,46.16,,13.49
1.73190,46.69,,13.46
1.73200,46.77,,13.41
1.73210,46.46,,13.24
1.73220,45.64,,13.19
1.73230,47.07,,13.31
1.73240,48.52,,13.34
1.73250,48.61,,13.49
1.73260,48.51,,13.69
1.73270,48.67,,13.72
1.73280,48.80,,13.69
1.73290,49.38,,13.72
1.73300,49.71,,13.46
1.73310,49.60,,13.34
1.73320,49.59,,13.39
1.73330,49.37,,13.41
1.73340,49.93,,13.61
1.73350,50.01,,13.34
1.73360,50.57,,13.49
1.73370,50.72,,13.61
1.73380,49.85,,13.56
1.73390,49.58,,13.39
1.73400,49.71,,13.56
1.73410,50.45,,13.54
1.73420,50.88,,13.41
1.73430,51.06,,13.46
1.73440,50.81,,13.41
1.73450,50.78,,13.49
1.73460,51.19,,13.39
1.73470,51.36,,13.41
1.73480,51.64,,13.46
1.73490,52.00,,13.41
1.73500,51.92,,13.46
1.73510,51.58,,13.41
1.73520,51.54,,13.54
1.73530,51.99,,13.56
1.73540,52.06,,13.69
1.73550,52.17,,13.64
1.73560,52.06,,13.49
1.73570,52.04,,13.39
1.73580,51.93,,13.41
1.73590,51.80,,13.46
1.73600,52.06,,13.41
1.73610,52.02,,13.31
1.73620,51.62,,13.56
1.73630,51.36,,13.39
1.73640,51.09,,13.49
1.73650,51.22,,13.64
1.73660,51.38,,13.54
1.73670,51.13,,13.56
1.73680,50.74,,13.54
1.73690,50.78,,13.56
1.73700,50.50,,13.46
1.73710,50.39,,13.49
1.73720,50.40,,13.54
1.73730,50.33,,13.41
1.73740,50.11,,13.39
1.73750,49.96,,13.27
1.73760,49.79,,13.41
1.73770,49.60,,13.54
1.73780,49.83,,13.41
1.73790,49.65,,13.54
1.73800,49.96,,13.56
1.73810,50.00,,13.69
1.73820,50.11,,13.64
1.73830,49.70,,13.69
1.73840,49.73,,13.64
1.73850,49.95,,13.56
1.73860,49.74,,13.54
1.73870,49.69,,13.56
1.73880,49.83,,13.39
1.73890,49.77,,13.41
1.73900,49.54,,13.61
1.73910,49.68,,13.49
1.73920,49.38,,13.61
1.73930,48.89,,13.49
1.73940,48.96,,13.54
1.73950,49.08,,13.41
1.73960,49.28,,13.49
1.73970,49.32,,13.46
1.73980,49.71,,13.56
1.73990,49.70,,13.69
1.74000,49.62,,13.88
1.74010,49.62,,13.77
1.74020,49.52,,13.80
1.74030,49.43,,13.54
1.74040,49.72,,13.56
1.74050,49.99,,13.41
1.74060,50.06,,13.54
1.74070,49.71,,13.41
1.74080,49.61,,13.46
1.74090,49.75,,13.49
1.74100,50.02,,13.61
1.74110,49.95,,13.64
1.74120,50.01,,13.69
1.74130,49.81,,13.72
1.74140,49.56,,13.61
1.74150,49.38,,13.49
1.74160,49.44,,13.56
1.74170,49.51,,13.46
1.74180,49.14,,13.64
1.74190,48.76,,13.69
1.74200,48.82,,13.56
1.74210,48.96,,13.54
1.74220,48.97,,13.41
1.74230,49.31,,13.46
1.74240,49.54,,13.41
1.74250,49.22,,13.49
1.74260,48.83,,13.61
1.74270,48.81,,13.64
1.74280,48.73,,13.69
1.74290,49.67,,13.72
1.74300,50.15,,13.54
1.74310,50.18,,13.56
1.74320,50.02,,13.61
1.74330,49.68,,13.80
1.74340,49.37,,13.69
1.74350,49.05,,13.72
1.74360,49.11,,13.56
1.74370,49.00,,13.54
1.74380,48.92,,13.56
1.74390,48.71,,13.39
1.74400,48.27,,13.41
1.74410,47.93,,13.39
1.74420,47.71,,13.56
1.74430,47.03,,13.54
1.74440,46.82,,13.64
1.74450,46.68,,13.64
1.74460,46.26,,13.69
1.74470,45.87,,13.41
1.74480,45.83,,13.69
1.74490,45.68,,13.41
1.74500,45.17,,13.54
1.74510,44.69,,13.56
1.74520,44.70,,13.69
1.74530,44.58,,13.72
1.74540,44.58,,13.85
1.74550,44.29,,13.64
1.74560,44.25,,13.64
1.74570,44.07,,13.69
1.74580,43.68,,13.56
1.74590,43.27,,13.54
1.74600,42.98,,13.56
1.74610,42.85,,13.54
1.74620,42.70,,13.56
1.74630,42.41,,13.54
1.74640,42.03,,13.41
1.74650,41.95,,13.64
1.74660,42.42,,13.69
1.74670,42.63,,13.64
1.74680,42.58,,13.69
1.74690,42.07,,13.72
1.74700,41.76,,13.69
1.74710,41.68,,13.72
1.74720,41.62,,13.54
1.74730,41.73,,13.72
1.74740,41.13,,13.54
1.74750,41.11,,13.56
1.74760,40.67,,13.72
1.74770,40.58,,13.54
1.74780,40.51,,13.64
1.74790,40.67,,13.61
1.74800,40.69,,13.72
1.74810,40.63,,13.54
1.74820,40.23,,13.72
1.74830,40.41,,13.69
1.74840,40.83,,13.72
1.74850,41.16,,13.56
1.74860,41.09,,13.54
1.74870,41.35,,13.64
1.74880,41.65,,13.61
1.74890,41.76,,13.56
1.74900,41.60,,13.61
1.74910,41.75,,13.64
1.74920,41.89,,13.46
1.74930,41.93,,13.64
1.74940,41.95,,13.54
1.74950,42.27,,13.56
1.74960,42.80,,13.64
1.74970,42.87,,13.61
1.74980,42.91,,13.56
1.74990,42.77,,13.69
1.75000,42.58,,13.72
1.75010,42.46,,13.69
1.75020,43.00,,13.56
1.75030,43.49,,13.54
1.75040,43.75,,13.49
1.75050,43.62,,13.64
1.75060,43.64,,13.54
1.75070,43.67,,13.72
1.75080,43.91,,13.54
1.75090,44.12,,13.72
1.75100,44.37,,13.54
1.75110,44.55,,13.56
1.75120,44.44,,13.54
1.75130,44.61,,13.49
1.75140,44.77,,13.46
1.75150,45.01,,13.56
1.75160,44.78,,13.56
1.75170,44.54,,13.54
1.75180,44.59,,13.49
1.75190,44.63,,13.61
1.75200,44.81,,13.72
1.75210,45.01,,13.54
1.75220,44.55,,13.72
1.75230,44.26,,13.54
1.75240,44.38,,13.64
1.75250,44.45,,13.49
1.75260,44.54,,13.54
1.75270,44.53,,13.49
1.75280,44.49,,13.46
1.75290,44.60,,13.64
1.75300,44.54,,13.61
1.75310,44.72,,13.72
1.75320,45.00,,13.54
1.75330,45.31,,13.56
1.75340,45.25,,13.46
1.75350,45.59,,13.41
1.75360,45.54,,13.34
1.75370,45.75,,13.54
1.75380,45.93,,13.41
1.75390,46.27,,13.69
1.75400,46.41,,13.64
1.75410,46.61,,13.69
1.75420,46.97,,13.64
1.75430,47.13,,13.46
1.75440,47.59,,13.49
1.75450,48.01,,13.56
1.75460,48.28,,13.39
1.75470,48.96,,13.56
1.75480,49.17,,13.61
1.75490,49.60,,13.64
1.75500,50.08,,13.54
1.75510,50.49,,13.56
1.75520,50.36,,13.69
1.75530,50.93,,13.41
1.75540,50.84,,13.46
1.75550,51.35,,13.41
1.75560,51.93,,13.49
1.75570,52.42,,13.39
1.75580,52.93,,13.56
1.75590,53.45,,13.54
1.75600,53.96,,13.41
1.75610,54.35,,13.69
1.75620,55.07,,13.41
1.75630,55.73,,13.54
1.75640,56.64,,13.34
1.75650,57.34,,13.41
1.75660,57.73,,13.46
1.75670,58.40,,13.41
1.75680,58.80,,13.54
1.75690,58.94,,13.56
1.75700,59.64,,13.39
1.75710,60.20,,13.41
1.75720,60.73,,13.24
1.75730,61.31,,13.41
1.75740,61.29,,13.39
1.75750,61.36,,13.56
1.75760,62.01,,13.56
1.75770,62.72,,13.54
1.75780,63.21,,13.56
1.75790,63.46,,13.39
1.75800,62.74,,13.34
1.75810,62.53,,13.31
1.75820,63.07,,13.34
1.75830,63.71,,13.31
1.75840,63.86,,13.34
1.75850,64.00,,13.46
1.75860,63.72,,13.41
1.75870,63.75,,13.41
1.75880,63.54,,13.54
1.75890,63.53,,13.41
1.75900,63.29,,13.39
1.75910,62.61,,13.19
1.75920,61.63,,13.24
1.75930,61.07,,13.34
1.75940,60.76,,13.54
1.75950,60.65,,13.56
1.75960,60.54,,13.56
1.75970,60.26,,13.54
1.75980,60.37,,13.27
1.75990,60.85,,13.24
1.76000,61.35,,13.27
1.76010,61.44,,13.24
1.76020,61.37,,13.41
1.76030,61.05,,13.39
1.76040,60.27,,13.64
1.76050,60.02,,13.46
1.76060,60.09,,13.56
1.76070,60.26,,13.27
1.76080,60.28,,13.24
1.76090,60.39,,13.12
1.76100,60.15,,13.09
1.76110,60.40,,13.27
1.76120,60.52,,13.39
1.76130,60.60,,13.72
1.76140,60.62,,13.69
1.76150,60.18,,13.56
1.76160,60.06,,13.88
1.76170,59.46,,13.54
1.76180,57.48,,13.27
1.76190,55.32,,12.95
1.76200,56.53,,12.98
1.76210,58.33,,12.95
1.76220,58.23,,12.98
1.76230,58.11,,13.39
1.76240,57.70,,13.56
1.76250,57.92,,13.85
1.76260,58.18,,13.88
1.76270,58.34,,13.56
1.76280,58.57,,13.31
1.76290,58.93,,13.19
1.76300,59.27,,12.81
1.76310,59.39,,12.98
1.76320,59.39,,13.24
1.76330,59.36,,13.27
1.76340,59.34,,13.54
1.76350,59.11,,13.56
1.76360,59.14,,13.41
1.76370,59.42,,13.16
1.76380,59.55,,13.19
1.76390,59.53,,13.09
1.76400,59.65,,13.12
1.76410,59.45,,13.24
1.76420,59.31,,13.41
1.76430,58.97,,13.46
1.76440,58.43,,13.49
1.76450,57.51,,13.61
1.76460,57.06,,13.41
1.76470,56.18,,13.19
1.76480,55.84,,12.95
1.76490,56.78,,13.05
1.76500,57.15,,13.02
1.76510,57.38,,13.19
1.76520,57.38,,13.31
1.76530,57.50,,13.41
1.76540,57.20,,13.39
1.76550,56.82,,13.41
1.76560,56.23,,13.19
1.76570,55.52,,13.02
1.76580,55.03,,12.98
1.76590,55.38,,12.81
1.76600,56.21,,12.98
1.76610,56.38,,13.09
1.76620,56.43,,13.34
1.76630,56.06,,13.61
1.76640,55.83,,13.49
1.76650,55.58,,13.46
1.76660,55.47,,13.19
1.76670,55.68,,13.05
1.76680,55.58,,12.95
1.76690,55.26,,12.77
1.76700,55.05,,12.88
1.76710,54.91,,13.12
1.76720,54.62,,13.09
1.76730,54.47,,13.27
1.76740,54.16,,13.24
1.76750,53.82,,13.12
1.76760,53.52,,12.98
1.76770,53.61,,12.95
1.76780,53.69,,12.98
1.76790,53.65,,13.09
1.76800,53.49,,13.12
1.76810,53.60,,13.24
1.76820,53.73,,13.12
1.76830,53.90,,13.09
1.76840,53.80,,12.98
1.76850,53.63,,13.02
1.76860,52.82,,12.98
1.76870,52.27,,12.98
1.76880,52.47,,13.02
1.76890,52.94,,12.98
1.76900,52.94,,13.24
1.76910,52.54,,12.98
1.76920,51.66,,12.95
1.76930,51.34,,12.98
1.76940,52.14,,13.09
1.76950,52.19,,12.98
1.76960,51.89,,12.98
1.76970,51.48,,13.02
1.76980,51.39,,12.98
1.76990,51.13,,12.88
1.77000,50.77,,12.91
1.77010,51.04,,12.88
1.77020,50.83,,12.91
1.77030,50.47,,12.81
1.77040,50.26,,12.98
1.77050,50.20,,13.02
1.77060,49.93,,12.98
1.77070,49.93,,12.98
1.77080,49.81,,13.02
1.77090,49.50,,12.77
1.77100,49.02,,12.95
1.77110,49.15,,12.84
1.77120,49.03,,13.02
1.77130,48.52,,12.77
1.77140,47.81,,13.02
1.77150,47.83,,12.91
1.77160,47.85,,12.84
1.77170,47.51,,13.02
1.77180,47.25,,12.98
1.77190,47.43,,13.02
1.77200,47.08,,12.84
1.77210,47.11,,12.95
1.77220,46.75,,12.84
1.77230,46.57,,12.95
1.77240,46.09,,12.84
1.77250,46.07,,12.81
1.77260,45.84,,12.71
1.77270,45.85,,12.98
1.77280,45.89,,12.81
1.77290,45.57,,12.84
1.77300,45.35,,12.95
1.77310,45.53,,12.84
1.77320,45.36,,12.81
1.77330,45.07,,12.84
1.77340,45.04,,12.88
1.77350,44.62,,12.77
1.77360,44.26,,12.98
1.77370,44.28,,12.81
1.77380,44.19,,12.84
1.77390,43.99,,12.81
1.77400,43.92,,12.84
1.77410,43.69,,12.88
1.77420,43.37,,12.77
1.77430,42.85,,12.81
1.77440,42.43,,12.84
1.77450,42.77,,12.74
1.77460,42.89,,12.77
1.77470,42.83,,12.77
1.77480,42.63,,12.81
1.77490,42.51,,12.91
1.77500,42.49,,12.88
1.77510,42.08,,12.91
1.77520,41.26,,12.88
1.77530,40.76,,12.77
1.77540,40.26,,12.67
1.77550,40.29,,12.71
1.77560,40.40,,12.71
1.77570,39.83,,12.67
1.77580,39.30,,12.98
1.77590,38.94,,12.81
1.77600,38.69,,12.98
1.77610,38.61,,12.81
1.77620,38.33,,12.84
1.77630,38.14,,12.67
1.77640,38.18,,12.64
1.77650,38.06,,12.61
1.77660,37.94,,12.57
1.77670,37.48,,12.84
1.77680,36.96,,12.95
1.77690,36.33,,12.98
1.77700,35.59,,12.81
1.77710,35.47,,12.84
1.77720,35.61,,12.74
1.77730,35.60,,12.64
1.77740,35.27,,12.67
1.77750,35.20,,12.64
1.77760,35.07,,12.57
1.77770,34.48,,12.61
1.77780,33.99,,12.57
1.77790,33.60,,12.67
1.77800,33.74,,12.84
1.77810,34.13,,12.67
1.77820,34.16,,12.98
1.77830,34.00,,12.81
1.77840,34.07,,12.77
1.77850,33.69,,12.81
1.77860,33.46,,12.77
1.77870,33.30,,12.77
1.77880,33.01,,12.61
1.77890,33.11,,12.71
1.77900,33.18,,12.67
1.77910,33.12,,12.77
1.77920,33.38,,12.74
1.77930,33.57,,12.71
1.77940,33.52,,12.74
1.77950,33.13,,12.57
1.77960,32.52,,12.57
1.77970,32.73,,12.61
1.77980,32.63,,12.57
1.77990,32.96,,12.61
1.78000,33.53,,12.77
1.78010,33.80,,12.81
1.78020,34.00,,12.98
1.78030,33.64,,12.67
1.78040,33.28,,12.71
1.78050,33.42,,12.54
1.78060,33.28,,12.57
1.78070,32.95,,12.57
1.78080,32.44,,12.67
1.78090,32.26,,12.57
1.78100,32.30,,12.61
1.78110,32.39,,12.77
1.78120,32.46,,12.61
1.78130,32.12,,12.64
1.78140,31.83,,12.54
1.78150,31.45,,12.57
1.78160,31.38,,12.57
1.78170,31.44,,12.61
1.78180,31.50,,12.64
1.78190,31.42,,12.67
1.78200,31.61,,12.57
1.78210,31.95,,12.54
1.78220,32.03,,12.57
1.78230,31.96,,12.67
1.78240,31.95,,12.64
1.78250,31.71,,12.61
1.78260,31.69,,12.71
1.78270,31.71,,12.57
1.78280,31.68,,12.47
1.78290,31.70,,12.64
1.78300,31.63,,12.74
1.78310,31.59,,12.64
1.78320,31.22,,12.54
1.78330,30.94,,12.57
1.78340,30.86,,12.41
1.78350,31.44,,12.44
1.78360,31.78,,12.51
1.78370,31.98,,12.61
1.78380,32.35,,12.77
1.78390,32.26,,12.74
1.78400,32.64,,12.64
1.78410,32.96,,12.61
1.78420,33.42,,12.44
1.78430,33.26,,12.54
1.78440,33.28,,12.38
1.78450,33.22,,12.61
1.78460,33.08,,12.57
1.78470,33.05,,12.57
1.78480,33.61,,12.61
1.78490,33.92,,12.77
1.78500,33.84,,12.61
1.78510,33.63,,12.38
1.78520,33.66,,12.54
1.78530,33.85,,12.44
1.78540,33.92,,12.61
1.78550,34.05,,12.64
1.78560,33.91,,12.67
1.78570,34.07,,12.57
1.78580,35.00,,12.44
1.78590,35.34,,12.61
1.78600,35.13,,12.64
1.78610,35.32,,12.74
1.78620,35.63,,12.77
1.78630,35.77,,12.61
1.78640,35.96,,12.57
1.78650,36.05,,12.61
1.78660,36.34,,12.44
1.78670,37.00,,12.57
1.78680,37.08,,12.54
1.78690,37.04,,12.38
1.78700,36.67,,12.47
1.78710,37.27,,12.51
1.78720,37.40,,12.61
1.78730,37.65,,12.71
1.78740,37.87,,12.54
1.78750,37.61,,12.71
1.78760,37.74,,12.61
1.78770,37.79,,12.77
1.78780,38.11,,12.57
1.78790,38.41,,12.61
1.78800,38.91,,12.57
1.78810,39.42,,12.47
1.78820,39.80,,12.51
1.78830,40.08,,12.47
1.78840,40.52,,12.57
1.78850,40.70,,12.54
1.78860,41.10,,12.71
1.78870,41.33,,12.57
1.78880,41.62,,12.47
1.78890,41.79,,12.57
1.78900,42.58,,12.61
1.78910,42.88,,12.71
1.78920,42.87,,12.67
1.78930,43.14,,12.71
1.78940,43.47,,12.54
1.78950,43.69,,12.71
1.78960,44.06,,12.61
1.78970,44.38,,12.51
1.78980,45.04,,12.44
1.78990,45.53,,12.41
1.79000,45.74,,12.44
1.79010,46.39,,12.74
1.79020,46.78,,12.64
1.79030,46.72,,12.67
1.79040,46.72,,12.64
1.79050,46.93,,12.61
1.79060,47.37,,12.57
1.79070,47.46,,12.57
1.79080,47.78,,12.54
1.79090,48.18,,12.57
1.79100,48.20,,12.67
1.79110,48.26,,12.57
1.79120,48.46,,12.67
1.79130,49.39,,12.57
1.79140,50.05,,12.54
1.79150,50.59,,12.38
1.79160,50.99,,12.61
1.79170,51.36,,12.71
1.79180,51.31,,12.84
1.79190,51.16,,12.61
1.79200,51.17,,12.57
1.79210,51.38,,12.61
1.79220,51.59,,12.44
1.79230,51.75,,12.54
1.79240,52.27,,12.57
1.79250,52.70,,12.67
1.79260,52.90,,12.71
1.79270,53.29,,12.57
1.79280,53.85,,12.81
1.79290,53.98,,12.71
1.79300,54.18,,12.67
1.79310,54.50,,12.38
1.79320,54.99,,12.61
1.79330,55.37,,12.57
1.79340,55.98,,12.81
1.79350,56.47,,12.77
1.79360,56.62,,12.74
1.79370,56.71,,12.64
1.79380,56.43,,12.57
1.79390,56.75,,12.61
1.79400,57.34,,12.57
1.79410,57.42,,12.61
1.79420,57.87,,12.51
1.79430,57.91,,12.67
1.79440,58.28,,12.71
1.79450,58.63,,12.88
1.79460,58.71,,12.77
1.79470,58.84,,12.77
1.79480,58.82,,12.47
1.79490,58.88,,12.51
1.79500,59.47,,12.61
1.79510,59.60,,12.77
1.79520,60.15,,12.61
1.79530,60.68,,12.77
1.79540,61.11,,12.61
1.79550,61.42,,12.77
1.79560,61.49,,12.74
1.79570,61.61,,12.71
1.79580,62.09,,12.71
1.79590,62.20,,12.61
1.79600,62.60,,12.57
1.79610,62.33,,12.74
1.79620,63.08,,12.64
1.79630,63.46,,12.74
1.79640,63.81,,12.64
1.79650,64.32,,12.74
1.79660,64.56,,12.64
1.79670,64.84,,12.77
1.79680,65.28,,12.81
1.79690,65.99,,12.71
1.79700,66.27,,12.67
1.79710,66.67,,12.71
1.79720,66.70,,12.81
1.79730,67.23,,12.71
1.79740,67.30,,12.67
1.79750,67.26,,12.71
1.79760,67.33,,12.54
1.79770,67.73,,12.77
1.79780,67.63,,12.57
1.79790,68.09,,12.81
1.79800,68.48,,12.77
1.79810,69.00,,12.67
1.79820,69.25,,12.71
1.79830,69.99,,12.81
1.79840,69.99,,12.77
1.79850,70.15,,12.81
1.79860,70.68,,12.77
1.79870,70.83,,12.57
1.79880,71.25,,12.61
1.79890,71.61,,12.64
1.79900,71.63,,12.74
1.79910,72.02,,12.64
1.79920,72.20,,12.74
1.79930,72.35,,12.64
1.79940,72.58,,12.74
1.79950,72.34,,12.91
1.79960,72.30,,12.95
1.79970,72.05,,12.84
1.79980,72.05,,12.64
1.79990,72.29,,12.61
1.80000,72.40,,12.71
1.80010,72.59,,12.67
1.80020,72.31,,12.77
1.80030,72.24,,12.81
1.80040,71.85,,12.77
1.80050,71.72,,12.81
1.80060,71.89,,12.77
1.80070,72.09,,12.91
1.80080,72.37,,12.81
1.80090,71.72,,12.84
1.80100,71.48,,12.81
1.80110,71.32,,12.71
1.80120,70.88,,12.81
1.80130,70.73,,12.84
1.80140,70.56,,12.81
1.80150,70.32,,12.71
1.80160,70.05,,12.67
1.80170,69.50,,12.57
1.80180,69.60,,12.84
1.80190,69.87,,12.95
1.80200,69.37,,12.84
1.80210,68.89,,12.95
1.80220,68.40,,12.84
1.80230,68.43,,12.95
1.80240,68.38,,12.77
1.80250,68.24,,12.81
1.80260,67.93,,12.77
1.80270,67.36,,12.77
1.80280,66.47,,12.88
1.80290,65.98,,13.12
1.80300,65.44,,12.95
1.80310,64.71,,12.84
1.80320,64.31,,12.81
1.80330,64.27,,12.57
1.80340,64.44,,12.81
1.80350,64.79,,12.84
1.80360,64.74,,12.95
1.80370,64.29,,12.98
1.80380,63.95,,12.98
1.80390,63.73,,12.95
1.80400,63.64,,12.98
1.80410,63.45,,12.81
1.80420,63.05,,12.84
1.80430,62.93,,12.81
1.80440,62.65,,12.84
1.80450,62.37,,12.95
1.80460,61.92,,12.98
1.80470,61.91,,12.84
1.80480,61.97,,12.81
1.80490,61.92,,12.71
1.80500,61.64,,13.02
1.80510,61.50,,12.91
1.80520,61.10,,12.95
1.80530,60.80,,12.98
1.80540,60.96,,13.09
1.80550,60.70,,12.98
1.80560,60.33,,12.95
1.80570,60.04,,12.98
1.80580,59.66,,12.71
1.80590,59.49,,12.81
1.80600,59.37,,12.77
1.80610,59.15,,13.02
1.80620,59.25,,12.98
1.80630,59.04,,12.95
1.80640,58.37,,12.98
1.80650,58.28,,12.88
1.80660,58.31,,12.77
1.80670,58.25,,12.84
1.80680,58.10,,12.95
1.80690,57.95,,13.12
1.80700,57.35,,13.09
1.80710,56.28,,13.12
1.80720,55.15,,13.24
1.80730,54.10,,13.27
1.80740,53.02,,13.02
1.80750,52.59,,12.77
1.80760,52.68,,12.41
1.80770,53.44,,12.32
1.80780,54.69,,12.57
1.80790,56.15,,12.95
1.80800,56.56,,13.27
1.80810,56.28,,13.54
1.80820,55.84,,13.56
1.80830,55.97,,13.24
1.80840,55.94,,13.05
1.80850,56.33,,12.61
1.80860,56.41,,12.57
1.80870,56.20,,12.57
1.80880,56.59,,12.81
1.80890,56.65,,12.98
1.80900,57.00,,13.24
1.80910,57.14,,13.41
1.80920,57.54,,13.24
1.80930,57.34,,13.12
1.80940,56.46,,12.95
1.80950,55.49,,12.84
1.80960,54.68,,12.81
1.80970,54.07,,12.71
1.80980,53.72,,12.71
1.80990,53.61,,12.95
1.81000,53.70,,13.05
1.81010,53.59,,13.16
1.81020,53.11,,13.12
1.81030,52.16,,13.16
1.81040,51.34,,12.98
1.81050,50.58,,13.02
1.81060,49.76,,12.84
1.81070,49.00,,12.91
1.81080,48.20,,13.02
1.81090,47.41,,12.84
1.81100,46.94,,12.95
1.81110,46.57,,12.98
1.81120,45.84,,13.09
1.81130,45.00,,13.12
1.81140,44.07,,13.24
1.81150,42.97,,12.98
1.81160,42.18,,12.95
1.81170,41.86,,12.84
1.81180,41.56,,12.98
1.81190,41.11,,13.02
1.81200,40.57,,13.19
1.81210,39.90,,13.24
1.81220,39.30,,13.19
1.81230,38.93,,13.24
1.81240,38.44,,13.19
1.81250,38.07,,13.24
1.81260,37.59,,12.98
1.81270,36.95,,12.81
1.81280,36.81,,12.77
1.81290,36.67,,12.77
1.81300,36.35,,13.09
1.81310,36.05,,13.12
1.81320,35.56,,13.24
1.81330,34.97,,13.12
1.81340,34.55,,13.09
1.81350,34.33,,13.19
1.81360,34.21,,13.02
1.81370,33.78,,12.98
1.81380,33.55,,13.12
1.81390,33.39,,13.09
1.81400,33.37,,13.12
1.81410,33.24,,13.09
1.81420,32.88,,13.27
1.81430,32.36,,13.24
1.81440,31.85,,13.12
1.81450,31.20,,13.24
1.81460,30.85,,12.98
1.81470,30.70,,12.95
1.81480,30.73,,13.05
1.81490,30.71,,13.19
1.81500,30.23,,13.24
1.81510,29.54,,13.12
1.81520,29.08,,13.09
1.81530,29.15,,12.98
1.81540,29.50,,13.02
1.81550,30.15,,12.91
1.81560,30.41,,13.09
1.81570,30.17,,13.19
1.81580,29.53,,13.19
1.81590,28.62,,13.24
1.81600,28.08,,13.19
1.81610,27.86,,13.02
1.81620,27.77,,12.84
1.81630,27.74,,12.95
1.81640,27.41,,13.12
1.81650,27.09,,13.24
1.81660,26.64,,13.27
1.81670,26.53,,13.39
1.81680,26.64,,13.27
1.81690,26.86,,13.27
1.81700,26.99,,13.09
1.81710,26.62,,12.84
1.81720,26.83,,12.95
1.81730,27.06,,12.84
1.81740,27.59,,13.24
1.81750,27.81,,13.12
1.81760,28.25,,13.24
1.81770,28.58,,13.27
1.81780,28.51,,13.12
1.81790,28.56,,13.09
1.81800,28.46,,12.98
1.81810,28.43,,13.09
1.81820,28.06,,13.12
1.81830,27.73,,12.95
1.81840,27.54,,12.98
1.81850,27.96,,13.09
1.81860,28.30,,13.19
1.81870,28.22,,13.16
1.81880,28.16,,13.27
1.81890,27.94,,13.19
1.81900,27.52,,13.24
1.81910,27.61,,13.19
1.81920,27.98,,13.02
1.81930,28.46,,13.19
1.81940,28.56,,13.09
1.81950,28.61,,13.12
1.81960,28.52,,13.24
1.81970,28.58,,13.27
1.81980,28.45,,13.12
1.81990,28.40,,13.02
1.82000,28.53,,13.05
1.82010,28.63,,13.09
1.82020,29.01,,12.98
1.82030,29.18,,13.09
1.82040,29.61,,13.19
1.82050,30.10,,13.24
1.82060,30.53,,13.41
1.82070,30.67,,13.31
1.82080,30.77,,13.41
1.82090,30.84,,13.27
1.82100,31.36,,13.09
1.82110,32.05,,12.98
1.82120,32.87,,12.95
1.82130,33.44,,13.05
1.82140,33.74,,13.24
1.82150,33.99,,13.34
1.82160,33.87,,13.31
1.82170,33.61,,13.34
1.82180,34.19,,13.12
1.82190,34.95,,13.09
1.82200,35.58,,12.98
1.82210,35.72,,12.95
1.82220,35.65,,13.12
1.82230,35.96,,13.24
1.82240,36.69,,13.41
1.82250,37.00,,13.46
1.82260,37.46,,13.19
1.82270,37.90,,13.24
1.82280,38.32,,12.98
1.82290,38.24,,13.19
1.82300,38.88,,13.02
1.82310,39.49,,13.12
1.82320,39.37,,12.95
1.82330,40.62,,13.12
1.82340,41.27,,13.24
1.82350,41.20,,13.41
1.82360,41.56,,13.46
1.82370,41.62,,13.34
1.82380,41.82,,13.12
1.82390,42.86,,13.09
1.82400,43.92,,13.05
1.82410,44.03,,13.24
1.82420,44.20,,13.19
1.82430,44.22,,13.24
1.82440,44.66,,12.98
1.82450,45.24,,13.24
1.82460,46.18,,13.12
1.82470,46.71,,13.24
1.82480,47.95,,13.27
1.82490,48.02,,12.98
1.82500,47.43,,13.09
1.82510,48.72,,13.12
1.82520,49.39,,13.02
1.82530,50.64,,13.05
1.82540,51.59,,13.09
1.82550,51.95,,13.27
1.82560,52.54,,13.39
1.82570,53.06,,13.27
1.82580,53.10,,13.41
1.82590,54.17,,13.24
1.82600,55.71,,12.98
1.82610,56.76,,13.02
1.82620,57.37,,13.05
1.82630,58.37,,13.16
1.82640,59.70,,13.19
1.82650,60.12,,13.39
1.82660,60.23,,13.41
1.82670,60.52,,13.39
1.82680,61.72,,13.41
1.82690,63.14,,13.27
1.82700,63.87,,13.09
1.82710,64.33,,12.84
1.82720,65.30,,12.95
1.82730,65.79,,13.19
1.82740,66.50,,13.24
1.82750,66.76,,13.19
1.82760,65.79,,13.24
1.82770,67.15,,13.19
1.82780,69.41,,12.91
1.82790,70.38,,12.95
1.82800,71.04,,13.12
1.82810,71.99,,13.39
1.82820,72.06,,13.49
1.82830,71.56,,13.46
1.82840,71.82,,13.41
1.82850,72.84,,13.24
1.82860,74.33,,13.19
1.82870,75.29,,13.02
1.82880,74.95,,12.98
1.82890,75.13,,12.98
1.82900,75.30,,13.09
1.82910,75.63,,13.12
1.82920,75.61,,13.24
1.82930,76.02,,13.19
1.82940,76.51,,13.24
1.82950,76.86,,13.19
1.82960,77.49,,13.24
1.82970,77.60,,13.12
1.82980,78.07,,13.12
1.82990,78.26,,13.16
1.83000,78.38,,13.19
1.83010,78.06,,13.39
1.83020,77.09,,13.27
1.83030,76.39,,13.24
1.83040,76.70,,13.12
1.83050,77.32,,12.95
1.83060,77.47,,13.12
1.83070,78.19,,13.24
1.83080,78.52,,13.27
1.83090,78.45,,13.41
1.83100,78.64,,13.39
1.83110,78.70,,13.27
1.83120,79.00,,13.24
1.83130,79.24,,13.12
1.83140,78.83,,13.24
1.83150,78.46,,13.12
1.83160,78.42,,13.09
1.83170,78.24,,13.19
1.83180,77.87,,13.19
1.83190,77.56,,13.24
1.83200,77.04,,13.41
1.83210,76.96,,13.24
1.83220,76.38,,13.19
1.83230,75.79,,13.16
1.83240,76.34,,13.12
1.83250,76.51,,13.24
1.83260,76.42,,13.12
1.83270,76.81,,13.39
1.83280,76.46,,13.27
1.83290,76.30,,13.27
1.83300,76.24,,13.24
1.83310,75.69,,13.27
1.83320,75.21,,13.24
1.83330,74.27,,13.12
1.83340,73.81,,13.39
1.83350,73.61,,13.27
1.83360,72.96,,13.39
1.83370,72.77,,13.19
1.83380,72.58,,13.19
1.83390,71.80,,13.39
1.83400,70.81,,13.27
1.83410,70.41,,13.24
1.83420,70.35,,13.19
1.83430,69.99,,13.16
1.83440,69.78,,13.27
1.83450,69.24,,13.24
1.83460,68.51,,13.27
1.83470,68.15,,13.39
1.83480,67.73,,13.27
1.83490,67.37,,13.12
1.83500,66.88,,13.24
1.83510,66.15,,13.27
1.83520,65.61,,13.24
1.83530,64.84,,13.27
1.83540,63.96,,13.24
1.83550,63.56,,13.27
1.83560,62.95,,13.24
1.83570,62.59,,13.12
1.83580,61.85,,13.27
1.83590,61.42,,13.24
1.83600,60.95,,13.27
1.83610,60.90,,13.39
1.83620,60.74,,13.19
1.83630,60.60,,13.46
1.83640,60.06,,13.27
1.83650,59.58,,13.39
1.83660,58.83,,13.19
1.83670,58.71,,13.16
1.83680,58.72,,13.05
1.83690,58.01,,13.05
1.83700,57.23,,13.24
1.83710,56.78,,13.27
1.83720,55.87,,13.31
1.83730,55.32,,13.34
1.83740,54.65,,13.24
1.83750,54.31,,13.27
1.83760,53.90,,13.24
1.83770,53.05,,13.12
1.83780,52.61,,13.27
1.83790,52.46,,13.24
1.83800,52.59,,13.19
1.83810,52.51,,13.24
1.83820,51.66,,13.34
1.83830,51.15,,13.31
1.83840,50.35,,13.19
1.83850,50.04,,13.24
1.83860,49.76,,13.12
1.83870,49.10,,13.09
1.83880,48.52,,13.19
1.83890,47.77,,13.19
1.83900,47.38,,13.24
1.83910,46.69,,13.19
1.83920,46.42,,13.16
1.83930,46.20,,13.12
1.83940,45.60,,13.16
1.83950,45.06,,13.19
1.83960,43.42,,13.39
1.83970,43.16,,13.27
1.83980,43.41,,13.24
1.83990,43.26,,13.19
1.84000,43.32,,13.19
1.84010,42.95,,13.09
1.84020,42.41,,13.12
1.84030,41.97,,13.24
1.84040,41.71,,13.12
1.84050,41.52,,13.24
1.84060,40.81,,13.12
1.84070,40.16,,13.24
1.84080,39.87,,13.34
1.84090,39.86,,13.34
1.84100,39.58,,13.24
1.84110,38.86,,13.27
1.84120,37.98,,13.24
1.84130,37.01,,13.12
1.84140,36.32,,13.09
1.84150,35.93,,12.98
1.84160,36.10,,12.95
1.84170,36.41,,13.05
1.84180,36.76,,13.02
1.84190,36.86,,13.41
1.84200,36.50,,13.27
1.84210,35.82,,13.39
1.84220,35.31,,13.41
1.84230,35.32,,13.24
1.84240,35.33,,13.19
1.84250,34.93,,13.02
1.84260,34.04,,13.12
1.84270,33.12,,13.09
1.84280,32.68,,13.12
1.84290,32.11,,13.27
1.84300,31.50,,13.24
1.84310,30.53,,13.27
1.84320,29.60,,13.16
1.84330,29.30,,13.05
1.84340,29.72,,12.95
1.84350,30.10,,13.19
1.84360,30.12,,13.16
1.84370,29.79,,13.27
1.84380,29.46,,13.24
1.84390,29.40,,13.27
1.84400,29.56,,13.12
1.84410,29.61,,13.24
1.84420,29.36,,12.98
1.84430,29.12,,12.81
1.84440,29.05,,13.12
1.84450,28.88,,13.09
1.84460,28.74,,13.19
1.84470,28.64,,13.24
1.84480,28.35,,13.34
1.84490,28.04,,13.12
1.84500,27.54,,13.16
1.84510,27.76,,12.98
1.84520,28.31,,13.02
1.84530,28.69,,13.12
1.84540,28.98,,13.09
1.84550,28.84,,13.41
1.84560,28.80,,13.24
1.84570,28.91,,13.19
1.84580,29.21,,13.02
1.84590,29.43,,12.98
1.84600,29.42,,12.98
1.84610,29.39,,12.95
1.84620,29.31,,13.12
1.84630,29.29,,13.16
1.84640,29.22,,13.19
1.84650,29.65,,13.09
1.84660,29.78,,13.12
1.84670,29.98,,12.95
1.84680,30.18,,12.84
1.84690,30.42,,12.98
1.84700,30.55,,13.02
1.84710,30.63,,13.19
1.84720,30.95,,13.24
1.84730,30.88,,13.27
1.84740,30.61,,13.24
1.84750,30.38,,13.27
1.84760,30.64,,13.09
1.84770,30.81,,12.84
1.84780,31.22,,12.81
1.84790,31.74,,12.84
1.84800,32.00,,12.98
1.84810,32.02,,13.09
1.84820,31.82,,13.27
1.84830,31.71,,13.24
1.84840,31.71,,13.12
1.84850,32.19,,13.02
1.84860,32.70,,12.77
1.84870,32.77,,12.81
1.84880,33.07,,12.84
1.84890,32.91,,12.98
1.84900,33.60,,13.16
1.84910,34.63,,13.19
1.84920,34.95,,13.24
1.84930,35.11,,13.19
1.84940,35.55,,13.02
1.84950,36.11,,12.98
1.84960,36.32,,12.81
1.84970,36.74,,12.84
1.84980,36.89,,12.95
1.84990,37.16,,13.12
1.85000,37.10,,13.12
1.85010,37.23,,13.24
1.85020,37.22,,13.12
1.85030,37.77,,13.02
1.85040,38.40,,12.77
1.85050,38.98,,12.81
1.85060,39.46,,12.84
1.85070,39.95,,12.95
1.85080,40.31,,12.98
1.85090,40.65,,13.19
1.85100,41.37,,13.24
1.85110,41.54,,13.05
1.85120,41.80,,12.95
1.85130,42.24,,12.98
1.85140,42.66,,12.81
1.85150,43.09,,12.98
1.85160,43.73,,12.81
1.85170,44.11,,12.98
1.85180,44.34,,13.09
1.85190,44.55,,13.12
1.85200,44.82,,12.98
1.85210,45.29,,12.95
1.85220,45.66,,12.84
1.85230,46.36,,12.81
1.85240,46.98,,12.98
1.85250,47.55,,12.95
1.85260,47.87,,13.12
1.85270,47.97,,13.24
1.85280,48.23,,13.12
1.85290,48.60,,13.12
1.85300,48.62,,12.95
1.85310,49.19,,12.84
1.85320,49.73,,12.67
1.85330,50.22,,12.77
1.85340,50.67,,12.88
1.85350,50.79,,12.98
1.85360,50.54,,13.09
1.85370,50.70,,13.05
1.85380,50.67,,13.02
1.85390,51.26,,12.98
1.85400,51.60,,12.77
1.85410,51.79,,12.88
1.85420,52.02,,12.84
1.85430,52.77,,12.88
1.85440,53.43,,12.98
1.85450,53.75,,13.16
1.85460,53.64,,13.12
1.85470,53.73,,13.24
1.85480,53.69,,13.12
1.85490,53.90,,12.84
1.85500,54.26,,12.81
1.85510,54.89,,12.84
1.85520,55.22,,12.88
1.85530,55.13,,12.98
1.85540,55.20,,13.16
1.85550,55.62,,13.05
1.85560,55.55,,13.02
1.85570,56.13,,12.98
1.85580,56.65,,12.81
1.85590,56.89,,12.77
1.85600,56.93,,12.77
1.85610,57.24,,13.02
1.85620,57.78,,12.98
1.85630,58.11,,13.16
1.85640,58.14,,13.05
1.85650,58.19,,13.02
1.85660,58.34,,12.98
1.85670,58.53,,12.81
1.85680,58.82,,12.98
1.85690,59.07,,12.77
1.85700,59.50,,12.81
1.85710,60.17,,13.05
1.85720,60.73,,13.16
1.85730,60.91,,13.19
1.85740,60.65,,13.24
1.85750,60.42,,13.12
1.85760,60.48,,12.95
1.85770,60.74,,12.91
1.85780,61.28,,12.74
1.85790,61.64,,12.84
1.85800,61.93,,12.84
1.85810,62.11,,12.95
1.85820,62.50,,12.98
1.85830,62.78,,13.09
1.85840,62.99,,12.98
1.85850,63.33,,12.95
1.85860,63.51,,12.84
1.85870,64.07,,12.95
1.85880,64.50,,12.77
1.85890,65.37,,13.05
1.85900,65.91,,13.09
1.85910,66.37,,13.12
1.85920,66.63,,13.09
1.85930,67.01,,13.05
1.85940,67.56,,12.88
1.85950,68.09,,12.91
1.85960,68.39,,12.81
1.85970,69.08,,12.77
1.85980,69.40,,12.95
1.85990,69.75,,12.84
1.86000,70.08,,13.12
1.86010,70.20,,13.09
1.86020,70.13,,12.98
1.86030,70.39,,13.24
1.86040,70.77,,12.84
1.86050,70.70,,12.95
1.86060,71.43,,12.77
1.86070,72.32,,12.81
1.86080,72.90,,12.91
1.86090,73.35,,13.05
1.86100,73.50,,13.16
1.86110,73.38,,13.05
1.86120,73.23,,13.16
1.86130,73.75,,12.98
1.86140,73.84,,12.88
1.86150,73.70,,12.77
1.86160,74.25,,12.81
1.86170,75.33,,12.84
1.86180,76.35,,12.95
1.86190,76.93,,13.12
1.86200,77.60,,13.27
1.86210,77.55,,13.24
1.86220,77.88,,13.27
1.86230,77.88,,13.09
1.86240,77.95,,12.71
1.86250,78.47,,12.74
1.86260,79.48,,12.64
1.86270,79.84,,12.81
1.86280,80.37,,13.12
1.86290,80.41,,13.12
1.86300,80.47,,13.31
1.86310,80.50,,13.19
1.86320,80.71,,12.95
1.86330,81.04,,12.71
1.86340,82.27,,12.74
1.86350,82.64,,12.77
1.86360,83.08,,12.81
1.86370,83.46,,13.12
1.86380,83.72,,13.09
1.86390,83.40,,13.41
1.86400,83.40,,13.27
1.86410,82.95,,13.16
1.86420,83.07,,13.05
1.86430,83.15,,12.95
1.86440,83.40,,12.71
1.86450,83.52,,12.81
1.86460,83.36,,12.84
1.86470,83.21,,13.09
1.86480,82.80,,13.12
1.86490,82.32,,13.19
1.86500,82.47,,13.02
1.86510,82.44,,12.98
1.86520,82.74,,12.81
1.86530,83.04,,12.77
1.86540,83.34,,12.81
1.86550,83.19,,13.05
1.86560,83.11,,13.24
1.86570,83.25,,13.27
1.86580,83.45,,13.24
1.86590,83.43,,13.12
1.86600,83.50,,12.98
1.86610,83.11,,12.95
1.86620,82.87,,12.71
1.86630,81.89,,12.88
1.86640,81.29,,12.91
1.86650,80.71,,13.09
1.86660,80.00,,12.98
1.86670,79.92,,13.09
1.86680,79.90,,13.12
1.86690,79.53,,13.24
1.86700,78.84,,12.98
1.86710,78.47,,12.98
1.86720,78.05,,13.02
1.86730,77.97,,12.91
1.86740,77.26,,12.95
1.86750,76.50,,13.12
1.86760,76.00,,13.24
1.86770,75.00,,13.12
1.86780,74.30,,13.09
1.86790,73.93,,12.98
1.86800,73.07,,12.98
1.86810,72.66,,13.02
1.86820,71.84,,12.98
1.86830,70.74,,13.16
1.86840,69.94,,13.12
1.86850,69.50,,13.16
1.86860,68.31,,13.05
1.86870,67.63,,13.16
1.86880,67.28,,12.98
1.86890,66.71,,13.02
1.86900,66.42,,13.12
1.86910,66.32,,13.12
1.86920,65.92,,13.16
1.86930,65.47,,13.19
1.86940,64.47,,13.24
1.86950,63.45,,13.27
1.86960,62.65,,13.24
1.86970,61.93,,13.12
1.86980,61.63,,12.81
1.86990,61.35,,12.98
1.87000,60.79,,12.98
1.87010,60.07,,13.02
1.87020,59.09,,13.19
1.87030,58.22,,13.39
1.87040,57.67,,13.27
1.87050,56.84,,13.09
1.87060,56.23,,12.98
1.87070,55.83,,13.09
1.87080,55.50,,13.05
1.87090,55.10,,13.02
1.87100,54.21,,13.27
1.87110,53.31,,13.12
1.87120,52.63,,13.24
1.87130,51.65,,13.19
1.87140,50.78,,13.24
1.87150,50.35,,13.19
1.87160,49.78,,12.95
1.87170,49.18,,13.05
1.87180,48.61,,13.16
1.87190,47.63,,13.27
1.87200,46.77,,13.41
1.87210,45.68,,13.24
1.87220,45.04,,13.27
1.87230,44.62,,13.16
1.87240,43.85,,13.19
1.87250,43.48,,12.95
1.87260,43.21,,13.05
1.87270,43.10,,13.02
1.87280,42.47,,13.12
1.87290,41.37,,13.09
1.87300,40.61,,13.19
1.87310,40.53,,13.34
1.87320,39.99,,13.31
1.87330,39.27,,13.19
1.87340,38.75,,13.02
1.87350,38.43,,13.05
1.87360,37.92,,13.16
1.87370,37.13,,13.34
1.87380,36.43,,13.31
1.87390,36.00,,13.34
1.87400,35.31,,13.12
1.87410,35.00,,13.16
1.87420,34.61,,13.05
1.87430,34.44,,13.16
1.87440,33.86,,13.05
1.87450,33.32,,13.09
1.87460,32.99,,13.12
1.87470,32.83,,13.24
1.87480,32.51,,13.34
1.87490,32.18,,13.31
1.87500,31.77,,13.34
1.87510,31.66,,13.19
1.87520,31.15,,13.24
1.87530,31.09,,12.98
1.87540,31.10,,13.24
1.87550,31.21,,13.12
1.87560,30.80,,13.09
1.87570,30.29,,13.27
1.87580,29.66,,13.39
1.87590,28.97,,13.19
1.87600,28.38,,13.19
1.87610,28.41,,13.09
1.87620,28.49,,13.12
1.87630,28.18,,13.09
1.87640,28.09,,13.27
1.87650,27.93,,13.31
1.87660,28.16,,13.41
1.87670,27.92,,13.31
1.87680,27.53,,13.27
1.87690,27.26,,13.39
1.87700,26.88,,13.34
1.87710,26.41,,13.19
1.87720,25.69,,13.02
1.87730,25.79,,13.19
1.87740,25.86,,13.02
1.87750,25.47,,13.19
1.87760,24.79,,13.39
1.87770,24.49,,13.27
1.87780,23.78,,13.39
1.87790,23.03,,13.12
1.87800,23.29,,13.12
1.87810,23.36,,13.09
1.87820,23.57,,13.27
1.87830,23.58,,13.24
1.87840,23.21,,13.27
1.87850,22.82,,13.39
1.87860,22.60,,13.49
1.87870,22.78,,13.46
1.87880,22.55,,13.27
1.87890,22.18,,13.24
1.87900,22.25,,13.12
1.87910,22.67,,13.12
1.87920,22.50,,13.24
1.87930,22.47,,13.41
1.87940,21.99,,13.39
1.87950,21.10,,13.34
1.87960,20.99,,13.31
1.87970,21.17,,13.34
1.87980,21.23,,13.16
1.87990,20.67,,13.12
1.88000,20.67,,13.12
1.88010,20.85,,13.24
1.88020,21.01,,13.41
1.88030,20.99,,13.24
1.88040,21.40,,13.41
1.88050,21.62,,13.24
1.88060,21.90,,13.27
1.88070,21.71,,13.16
1.88080,21.70,,13.19
1.88090,21.91,,13.24
1.88100,21.94,,13.41
1.88110,22.23,,13.19
1.88120,22.08,,13.46
1.88130,21.93,,13.27
1.88140,21.80,,13.39
1.88150,21.72,,13.27
1.88160,22.54,,13.16
1.88170,23.37,,13.19
1.88180,23.43,,13.24
1.88190,23.71,,13.41
1.88200,23.78,,13.56
1.88210,23.84,,13.39
1.88220,24.08,,13.34
1.88230,24.59,,13.02
1.88240,25.02,,13.12
1.88250,25.47,,13.09
1.88260,26.03,,13.12
1.88270,26.46,,13.24
1.88280,27.19,,13.27
1.88290,27.77,,13.24
1.88300,28.17,,13.41
1.88310,28.65,,13.41
1.88320,28.81,,13.46
1.88330,28.64,,13.19
1.88340,29.21,,13.24
1.88350,29.70,,13.19
1.88360,30.51,,13.24
1.88370,30.60,,13.19
1.88380,31.26,,13.24
1.88390,31.76,,13.41
1.88400,32.22,,13.19
1.88410,32.54,,13.31
1.88420,32.73,,13.27
1.88430,33.11,,13.24
1.88440,33.49,,13.27
1.88450,33.70,,13.09
1.88460,33.86,,13.27
1.88470,34.29,,13.24
1.88480,34.35,,13.27
1.88490,33.91,,13.24
1.88500,33.82,,13.27
1.88510,34.11,,13.12
1.88520,33.97,,13.24
1.88530,34.14,,13.12
1.88540,34.38,,13.09
1.88550,34.57,,13.27
1.88560,34.70,,13.39
1.88570,34.86,,13.41
1.88580,34.81,,13.46
1.88590,34.77,,13.41
1.88600,34.76,,13.34
1.88610,34.87,,13.09
1.88620,34.93,,13.19
1.88630,35.17,,13.16
1.88640,35.37,,13.12
1.88650,35.42,,13.24
1.88660,35.73,,13.34
1.88670,35.61,,13.46
1.88680,35.13,,13.27
1.88690,34.95,,13.39
1.88700,35.06,,13.19
1.88710,35.53,,13.19
1.88720,35.44,,13.02
1.88730,35.60,,13.05
1.88740,35.52,,13.39
1.88750,35.37,,13.41
1.88760,35.56,,13.39
1.88770,36.04,,13.27
1.88780,36.52,,13.39
1.88790,36.74,,13.27
1.88800,37.13,,13.19
1.88810,37.24,,13.24
1.88820,37.53,,13.34
1.88830,37.99,,13.24
1.88840,38.61,,13.27
1.88850,38.90,,13.39
1.88860,38.95,,13.27
1.88870,38.78,,13.39
1.88880,38.75,,13.27
1.88890,38.41,,13.24
1.88900,38.94,,13.12
1.88910,39.26,,13.27
1.88920,39.66,,13.09
1.88930,39.81,,13.34
1.88940,40.03,,13.31
1.88950,40.38,,13.34
1.88960,40.82,,13.31
1.88970,41.21,,13.41
1.88980,41.25,,13.24
1.88990,41.33,,13.27
1.89000,41.60,,13.27
1.89010,42.07,,13.24
1.89020,42.43,,13.12
1.89030,42.34,,13.31
1.89040,42.55,,13.34
1.89050,42.47,,13.31
1.89060,42.30,,13.19
1.89070,42.63,,13.24
1.89080,42.81,,13.27
1.89090,43.24,,13.16
1.89100,43.59,,13.19
1.89110,43.64,,13.27
1.89120,43.54,,13.39
1.89130,43.67,,13.27
1.89140,43.90,,13.39
1.89150,43.70,,13.27
1.89160,43.32,,13.16
1.89170,43.47,,13.05
1.89180,43.72,,13.09
1.89190,44.10,,13.05
1.89200,44.30,,13.19
1.89210,44.70,,13.24
1.89220,44.81,,13.41
1.89230,44.65,,13.46
1.89240,44.48,,13.19
1.89250,44.53,,13.24
1.89260,44.63,,13.19
1.89270,44.94,,13.24
1.89280,45.09,,13.19
1.89290,45.16,,13.24
1.89300,45.12,,13.41
1.89310,45.50,,13.41
1.89320,45.57,,13.24
1.89330,45.49,,13.19
1.89340,45.45,,13.16
1.89350,45.46,,13.05
1.89360,45.43,,13.02
1.89370,45.49,,13.12
1.89380,46.20,,13.24
1.89390,46.65,,13.27
1.89400,46.76,,13.46
1.89410,46.71,,13.41
1.89420,46.88,,13.34
1.89430,47.23,,13.24
1.89440,47.20,,13.12
1.89450,47.56,,12.95
1.89460,47.75,,13.12
1.89470,47.80,,13.09
1.89480,47.97,,13.27
1.89490,48.31,,13.39
1.89500,48.53,,13.41
1.89510,48.75,,13.19
1.89520,48.61,,13.31
1.89530,48.71,,13.27
1.89540,48.79,,13.09
1.89550,48.82,,13.19
1.89560,49.32,,13.16
1.89570,49.84,,13.27
1.89580,49.99,,13.39
1.89590,49.96,,13.41
1.89600,49.88,,13.39
1.89610,49.66,,13.34
1.89620,49.38,,13.19
1.89630,49.35,,13.24
1.89640,49.64,,12.98
1.89650,49.91,,13.09
1.89660,50.27,,13.12
1.89670,50.63,,13.24
1.89680,50.96,,13.27
1.89690,50.96,,13.39
1.89700,50.89,,13.41
1.89710,51.04,,13.27
1.89720,51.50,,13.16
1.89730,51.69,,13.05
1.89740,51.73,,13.09
1.89750,52.23,,13.12
1.89760,52.85,,13.24
1.89770,53.42,,13.56
1.89780,53.84,,13.46
1.89790,54.17,,13.41
1.89800,54.53,,13.31
1.89810,54.92,,13.12
1.89820,55.65,,13.19
1.89830,56.24,,13.02
1.89840,56.34,,13.12
1.89850,56.58,,13.24
1.89860,57.33,,13.12
1.89870,58.39,,13.24
1.89880,59.28,,13.27
1.89890,59.81,,13.24
1.89900,59.98,,13.27
1.89910,59.75,,13.19
1.89920,60.01,,13.16
1.89930,60.77,,13.05
1.89940,61.56,,13.02
1.89950,61.95,,13.19
1.89960,61.96,,13.16
1.89970,61.95,,13.27
1.89980,61.95,,13.39
1.89990,62.36,,13.27
1.90000,63.03,,13.24
1.90010,63.91,,13.12
1.90020,64.52,,13.12
1.90030,64.79,,13.09
1.90040,64.93,,13.27
1.90050,65.38,,13.09
1.90060,65.80,,13.34
1.90070,66.02,,13.24
1.90080,66.38,,13.19
1.90090,66.40,,13.24
1.90100,66.69,,13.12
1.90110,66.72,,13.05
1.90120,67.41,,13.02
1.90130,67.98,,13.19
1.90140,68.52,,13.16
1.90150,68.79,,13.27
1.90160,68.77,,13.39
1.90170,68.54,,13.27
1.90180,68.58,,13.09
1.90190,68.82,,12.98
1.90200,69.18,,12.95
1.90210,69.54,,12.98
1.90220,69.96,,12.98
1.90230,70.40,,13.24
1.90240,70.60,,13.41
1.90250,70.78,,13.46
1.90260,70.72,,13.41
1.90270,70.82,,13.46
1.90280,70.87,,13.19
1.90290,70.66,,13.16
1.90300,70.63,,13.05
1.90310,71.07,,12.98
1.90320,71.77,,13.02
1.90330,71.95,,13.19
1.90340,71.79,,13.24
1.90350,71.18,,13.34
1.90360,71.09,,13.24
1.90370,71.49,,13.12
1.90380,71.56,,13.16
1.90390,71.59,,13.05
1.90400,71.70,,13.09
1.90410,71.59,,13.12
1.90420,71.87,,13.27
1.90430,72.21,,13.31
1.90440,72.41,,13.41
1.90450,72.09,,13.46
1.90460,71.88,,13.41
1.90470,71.61,,13.24
1.90480,71.67,,12.98
1.90490,72.04,,13.02
1.90500,72.81,,13.05
1.90510,73.08,,13.12
1.90520,72.87,,13.24
1.90530,72.68,,13.41
1.90540,72.79,,13.54
1.90550,73.10,,13.41
1.90560,73.27,,13.24
1.90570,73.58,,13.12
1.90580,73.92,,13.02
1.90590,73.86,,12.91
1.90600,74.21,,13.09
1.90610,74.74,,13.12
1.90620,75.12,,13.27
1.90630,75.19,,13.46
1.90640,75.43,,13.49
1.90650,75.26,,13.39
1.90660,75.46,,12.98
1.90670,75.63,,13.02
1.90680,76.11,,12.91
1.90690,76.49,,13.09
1.90700,76.56,,13.27
1.90710,76.67,,13.41
1.90720,76.49,,13.39
1.90730,76.66,,13.41
1.90740,76.94,,13.24
1.90750,77.11,,12.98
1.90760,76.99,,13.02
1.90770,77.19,,12.98
1.90780,77.45,,13.02
1.90790,77.75,,12.98
1.90800,78.50,,13.24
1.90810,78.56,,13.41
1.90820,78.60,,13.41
1.90830,78.39,,13.39
1.90840,78.25,,13.27
1.90850,78.22,,12.95
1.90860,78.56,,12.98
1.90870,78.68,,12.95
1.90880,78.82,,13.12
1.90890,78.62,,13.09
1.90900,78.39,,13.27
1.90910,78.55,,13.27
1.90920,78.64,,13.39
1.90930,78.37,,13.27
1.90940,78.11,,13.24
1.90950,78.06,,12.98
1.90960,78.08,,13.09
1.90970,78.41,,12.98
1.90980,78.77,,12.95
1.90990,78.77,,13.27
1.91000,78.39,,13.39
1.91010,78.07,,13.41
1.91020,77.36,,13.41
1.91030,77.03,,13.24
1.91040,77.09,,12.98
1.91050,77.12,,13.02
1.91060,76.86,,12.98
1.91070,76.83,,13.02
1.91080,76.33,,13.19
1.91090,75.87,,13.24
1.91100,75.62,,13.34
1.91110,75.73,,13.27
1.91120,76.06,,13.24
1.91130,76.07,,12.98
1.91140,75.76,,13.02
1.91150,75.94,,12.98
1.91160,76.49,,13.16
1.91170,76.75,,13.27
1.91180,76.64,,13.46
1.91190,76.26,,13.64
1.91200,75.77,,13.54
1.91210,75.35,,13.41
1.91220,75.07,,13.12
1.91230,75.21,,13.02
1.91240,75.42,,12.91
1.91250,75.19,,12.95
1.91260,74.72,,13.12
1.91270,74.27,,13.46
1.91280,73.39,,13.64
1.91290,72.03,,13.46
1.91300,71.13,,13.41
1.91310,71.11,,13.05
1.91320,71.39,,12.81
1.91330,71.91,,12.71
1.91340,73.50,,12.81
1.91350,74.51,,13.12
1.91360,75.56,,13.54
1.91370,75.22,,13.88
1.91380,75.42,,13.93
1.91390,75.26,,13.80
1.91400,75.16,,13.54
1.91410,75.54,,13.12
1.91420,75.94,,12.84
1.91430,76.12,,12.81
1.91440,76.24,,12.77
1.91450,76.36,,13.16
1.91460,76.21,,13.49
1.91470,76.29,,13.69
1.91480,76.11,,13.64
1.91490,76.01,,13.69
1.91500,75.83,,13.19
1.91510,76.04,,12.98
1.91520,76.03,,12.81
1.91530,76.28,,12.91
1.91540,76.52,,13.09
1.91550,76.61,,13.27
1.91560,76.50,,13.54
1.91570,76.47,,13.56
1.91580,76.30,,13.61
1.91590,76.37,,13.49
1.91600,76.42,,13.16
1.91610,76.38,,13.05
1.91620,76.40,,12.91
1.91630,76.33,,13.02
1.91640,76.29,,13.19
1.91650,76.19,,13.31
1.91660,76.10,,13.41
1.91670,76.00,,13.54
1.91680,75.91,,13.27
1.91690,75.64,,13.24
1.91700,75.56,,12.98
1.91710,76.07,,12.98
1.91720,76.01,,13.24
1.91730,75.84,,13.19
1.91740,75.37,,13.46
1.91750,74.86,,13.41
1.91760,74.43,,13.46
1.91770,73.60,,13.34
1.91780,73.03,,13.09
1.91790,72.76,,12.98
1.91800,72.61,,13.02
1.91810,72.45,,12.98
1.91820,71.85,,13.19
1.91830,71.24,,13.24
1.91840,70.80,,13.41
1.91850,70.24,,13.39
1.91860,70.10,,13.27
1.91870,69.85,,13.39
1.91880,69.44,,13.27
1.91890,69.31,,13.02
1.91900,68.96,,13.19
1.91910,69.17,,13.39
1.91920,68.31,,13.41
1.91930,67.60,,13.41
1.91940,66.55,,13.54
1.91950,66.06,,13.27
1.91960,66.02,,13.39
1.91970,65.46,,13.12
1.91980,64.92,,13.09
1.91990,64.58,,12.98
1.92000,64.01,,13.24
1.92010,63.49,,13.19
1.92020,62.57,,13.34
1.92030,61.83,,13.31
1.92040,61.57,,13.34
1.92050,61.09,,13.24
1.92060,60.74,,13.27
1.92070,60.17,,13.24
1.92080,59.81,,13.27
1.92090,59.48,,13.39
1.92100,59.01,,13.27
1.92110,58.44,,13.39
1.92120,57.90,,13.41
1.92130,57.00,,13.56
1.92140,56.13,,13.39
1.92150,55.69,,13.34
1.92160,55.46,,13.24
1.92170,54.95,,13.05
1.92180,54.20,,13.16
1.92190,53.58,,13.19
1.92200,52.76,,13.24
1.92210,52.27,,13.56
1.92220,51.39,,13.41
1.92230,50.92,,13.54
1.92240,50.25,,13.41
1.92250,49.67,,13.39
1.92260,49.18,,13.27
1.92270,48.63,,13.24
1.92280,48.38,,13.19
1.92290,47.74,,13.24
1.92300,46.89,,13.41
1.92310,46.57,,13.46
1.92320,45.95,,13.41
1.92330,45.20,,13.41
1.92340,44.87,,13.39
1.92350,44.34,,13.27
1.92360,43.77,,13.24
1.92370,42.98,,13.41
1.92380,42.26,,13.24
1.92390,41.66,,13.56
1.92400,40.97,,13.39
1.92410,40.68,,13.41
1.92420,39.99,,13.41
1.92430,39.27,,13.39
1.92440,38.87,,13.41
1.92450,38.46,,13.24
1.92460,38.07,,13.27
1.92470,37.76,,13.24
1.92480,37.39,,13.34
1.92490,37.12,,13.46
1.92500,36.53,,13.41
1.92510,35.56,,13.46
1.92520,34.89,,13.41
1.92530,34.38,,13.41
1.92540,34.17,,13.24
1.92550,33.87,,13.34
1.92560,33.16,,13.31
1.92570,32.46,,13.19
1.92580,31.63,,13.39
1.92590,31.22,,13.41
1.92600,31.02,,13.54
1.92610,30.25,,13.41
1.92620,29.08,,13.41
1.92630,28.65,,13.39
1.92640,28.69,,13.27
1.92650,28.09,,13.24
1.92660,27.59,,13.19
1.92670,27.07,,13.31
1.92680,26.09,,13.56
1.92690,25.33,,13.46
1.92700,24.68,,13.49
1.92710,24.78,,13.54
1.92720,23.55,,13.41
1.92730,22.68,,13.27
1.92740,21.40,,13.39
1.92750,20.43,,13.27
1.92760,19.77,,13.24
1.92770,19.20,,13.27
1.92780,19.07,,13.39
1.92790,18.40,,13.41
1.92800,17.69,,13.46
1.92810,17.15,,13.41
1.92820,16.78,,13.41
1.92830,16.34,,13.46
1.92840,15.53,,13.27
1.92850,15.72,,13.39
1.92860,14.82,,13.56
1.92870,14.33,,13.39
1.92880,14.00,,13.41
1.92890,13.57,,13.39
1.92900,13.55,,13.41
1.92910,12.83,,13.54
1.92920,12.21,,13.41
1.92930,11.95,,13.41
1.92940,11.48,,13.39
1.92950,10.92,,13.41
1.92960,10.31,,13.39
1.92970,9.83,,13.41
1.92980,9.35,,13.39
1.92990,9.12,,13.56
1.93000,9.22,,13.39
1.93010,9.16,,13.41
1.93020,9.11,,13.27
1.93030,9.17,,13.46
1.93040,8.77,,13.41
1.93050,7.53,,13.46
1.93060,7.20,,13.41
1.93070,6.83,,13.46
1.93080,6.66,,13.49
1.93090,5.98,,13.61
1.93100,5.62,,13.64
1.93110,5.10,,13.39
1.93120,5.24,,13.41
1.93130,4.33,,13.27
1.93140,4.69,,13.24
1.93150,4.71,,13.41
1.93160,4.62,,13.54
1.93170,4.39,,13.41
1.93180,4.16,,13.39
1.93190,4.59,,13.41
1.93200,5.00,,13.46
1.93210,5.06,,13.41
1.93220,5.28,,13.34
1.93230,4.89,,13.39
1.93240,4.68,,13.41
1.93250,4.88,,13.39
1.93260,5.01,,13.72
1.93270,5.33,,13.54
1.93280,5.53,,13.41
1.93290,5.87,,13.24
1.93300,6.05,,13.27
1.93310,6.18,,13.24
1.93320,6.00,,13.41
1.93330,6.03,,13.41
1.93340,6.41,,13.54
1.93350,6.52,,13.72
1.93360,6.65,,13.54
1.93370,6.75,,13.41
1.93380,6.74,,13.54
1.93390,6.91,,13.41
1.93400,7.14,,13.39
1.93410,7.58,,13.27
1.93420,7.21,,13.27
1.93430,7.14,,13.31
1.93440,7.10,,13.19
1.93450,7.31,,13.39
1.93460,7.22,,13.41
1.93470,7.53,,13.39
1.93480,7.40,,13.34
1.93490,6.87,,13.46
1.93500,6.63,,13.41
1.93510,6.90,,13.46
1.93520,7.17,,13.49
1.93530,7.70,,13.41
1.93540,7.75,,13.54
1.93550,8.20,,13.41
1.93560,8.74,,13.54
1.93570,9.27,,13.41
1.93580,10.05,,13.39
1.93590,10.72,,13.41
1.93600,10.95,,13.39
1.93610,10.95,,13.34
1.93620,11.74,,13.34
1.93630,12.18,,13.39
1.93640,12.35,,13.41
1.93650,12.16,,13.39
1.93660,13.10,,13.56
1.93670,13.56,,13.39
1.93680,13.79,,13.41
1.93690,13.83,,13.39
1.93700,13.73,,13.56
1.93710,13.98,,13.54
1.93720,14.31,,13.56
1.93730,14.62,,13.49
1.93740,15.20,,13.46
1.93750,15.86,,13.41
1.93760,16.12,,13.39
1.93770,16.36,,13.27
1.93780,16.29,,13.39
1.93790,16.21,,13.27
1.93800,16.40,,13.39
1.93810,17.02,,13.27
1.93820,17.72,,13.56
1.93830,17.86,,13.54
1.93840,18.03,,13.56
1.93850,18.33,,13.69
1.93860,18.39,,13.56
1.93870,18.49,,13.69
1.93880,18.56,,13.41
1.93890,18.86,,13.39
1.93900,19.45,,13.27
1.93910,19.99,,13.24
1.93920,20.15,,13.27
1.93930,20.52,,13.27
1.93940,21.30,,13.46
1.93950,21.69,,13.49
1.93960,22.04,,13.54
1.93970,22.37,,13.49
1.93980,22.89,,13.46
1.93990,23.01,,13.41
1.94000,23.18,,13.46
1.94010,23.60,,13.34
1.94020,23.65,,13.41
1.94030,23.88,,13.39
1.94040,24.27,,13.56
1.94050,24.27,,13.46
1.94060,24.31,,13.49
1.94070,24.28,,13.39
1.94080,24.16,,13.41
1.94090,24.17,,13.24
1.94100,24.21,,13.27
1.94110,24.32,,13.39
1.94120,24.33,,13.19
1.94130,24.44,,13.41
1.94140,24.65,,13.46
1.94150,24.80,,13.41
1.94160,24.84,,13.46
1.94170,24.93,,13.49
1.94180,25.07,,13.39
1.94190,25.13,,13.56
1.94200,25.23,,13.39
1.94210,25.24,,13.41
1.94220,25.57,,13.41
1.94230,25.35,,13.39
1.94240,25.37,,13.27
1.94250,24.98,,13.39
1.94260,25.17,,13.41
1.94270,24.86,,13.46
1.94280,24.84,,13.41
1.94290,24.47,,13.46
1.94300,24.77,,13.19
1.94310,25.37,,13.24
1.94320,25.67,,13.19
1.94330,26.25,,13.41
1.94340,26.67,,13.39
1.94350,26.54,,13.49
1.94360,26.35,,13.46
1.94370,25.90,,13.64
1.94380,25.64,,13.46
1.94390,25.80,,13.41
1.94400,25.82,,13.24
1.94410,25.57,,13.27
1.94420,25.39,,13.27
1.94430,24.97,,13.24
1.94440,24.66,,13.41
1.94450,24.23,,13.54
1.94460,23.84,,13.56
1.94470,23.63,,13.54
1.94480,23.70,,13.41
1.94490,23.85,,13.24
1.94500,24.04,,13.27
1.94510,23.76,,13.24
1.94520,23.34,,13.41
1.94530,22.62,,13.56
1.94540,22.08,,13.54
1.94550,21.76,,13.56
1.94560,22.14,,13.54
1.94570,22.45,,13.41
1.94580,22.31,,13.24
1.94590,22.13,,13.34
1.94600,22.06,,13.31
1.94610,21.68,,13.34
1.94620,21.40,,13.46
1.94630,20.95,,13.56
1.94640,20.61,,13.56
1.94650,19.92,,13.54
1.94660,19.69,,13.41
1.94670,19.57,,13.24
1.94680,19.67,,13.27
1.94690,20.06,,13.24
1.94700,19.74,,13.41
1.94710,19.23,,13.46
1.94720,18.97,,13.49
1.94730,18.66,,13.72
1.94740,18.59,,13.54
1.94750,18.48,,13.41
1.94760,18.23,,13.46
1.94770,18.17,,13.34
1.94780,17.84,,13.39
1.94790,17.60,,13.34
1.94800,17.23,,13.46
1.94810,16.80,,13.41
1.94820,16.60,,13.54
1.94830,16.17,,13.56
1.94840,15.65,,13.41
1.94850,15.62,,13.39
1.94860,15.98,,13.27
1.94870,16.17,,13.24
1.94880,16.48,,13.41
1.94890,16.48,,13.39
1.94900,16.71,,13.56
1.94910,16.70,,13.54
1.94920,16.89,,13.49
1.94930,17.35,,13.41
1.94940,17.65,,13.46
1.94950,17.92,,13.19
1.94960,18.18,,13.24
1.94970,18.42,,13.41
1.94980,18.66,,13.31
1.94990,18.88,,13.56
1.95000,18.90,,13.46
1.95010,18.97,,13.64
1.95020,19.07,,13.54
1.95030,19.42,,13.41
1.95040,20.14,,13.34
1.95050,20.79,,13.31
1.95060,21.76,,13.27
1.95070,22.64,,13.31
1.95080,22.88,,13.34
1.95090,23.31,,13.39
1.95100,23.99,,13.56
1.95110,24.67,,13.24
1.95120,25.49,,13.41
1.95130,26.26,,13.19
1.95140,27.05,,13.16
1.95150,27.62,,13.27
1.95160,28.56,,13.24
1.95170,29.25,,13.41
1.95180,30.48,,13.46
1.95190,31.01,,13.49
1.95200,31.19,,13.54
1.95210,31.75,,13.41
1.95220,32.31,,13.31
1.95230,33.47,,13.19
1.95240,34.91,,13.19
1.95250,36.13,,13.16
1.95260,36.99,,13.27
1.95270,37.37,,13.39
1.95280,38.03,,13.27
1.95290,38.90,,13.46
1.95300,39.87,,13.34
1.95310,40.64,,13.31
1.95320,40.99,,13.19
1.95330,41.73,,13.19
1.95340,42.56,,13.24
1.95350,43.28,,13.19
1.95360,44.27,,13.24
1.95370,45.08,,13.41
1.95380,45.76,,13.24
1.95390,46.07,,13.41
1.95400,46.78,,13.24
1.95410,47.54,,13.27
1.95420,48.73,,13.24
1.95430,49.80,,13.12
1.95440,50.67,,13.19
1.95450,51.18,,13.31
1.95460,51.78,,13.41
1.95470,52.23,,13.39
1.95480,52.84,,13.41
1.95490,53.62,,13.24
1.95500,54.08,,13.27
1.95510,54.35,,13.39
1.95520,54.40,,13.12
1.95530,54.86,,13.27
1.95540,55.46,,13.24
1.95550,55.93,,13.27
1.95560,55.89,,13.39
1.95570,56.20,,13.41
1.95580,56.60,,13.24
1.95590,56.69,,13.19
1.95600,57.69,,13.16
1.95610,58.58,,13.12
1.95620,59.44,,13.24
1.95630,59.85,,13.27
1.95640,60.31,,13.41
1.95650,60.92,,13.39
1.95660,61.58,,13.41
1.95670,62.07,,13.39
1.95680,62.59,,13.27
1.95690,63.06,,13.24
1.95700,63.63,,13.27
1.95710,64.19,,13.09
1.95720,64.52,,13.12
1.95730,64.78,,13.27
1.95740,65.08,,13.24
1.95750,65.51,,13.27
1.95760,65.93,,13.39
1.95770,66.15,,13.27
1.95780,66.78,,13.39
1.95790,67.43,,13.19
1.95800,68.20,,13.31
1.95810,68.68,,13.34
1.95820,69.03,,13.24
1.95830,69.32,,13.19
1.95840,69.59,,13.27
1.95850,70.45,,13.16
1.95860,71.14,,13.19
1.95870,71.64,,13.24
1.95880,71.80,,13.12
1.95890,72.68,,13.24
1.95900,73.34,,13.12
1.95910,74.01,,13.24
1.95920,74.69,,13.41
1.95930,75.03,,13.41
1.95940,75.42,,13.39
1.95950,75.56,,13.41
1.95960,75.83,,13.24
1.95970,76.66,,13.12
1.95980,77.52,,13.09
1.95990,77.88,,13.12
1.96000,78.18,,13.24
1.96010,78.47,,13.27
1.96020,79.34,,13.24
1.96030,80.00,,13.19
1.96040,80.87,,13.19
1.96050,81.62,,13.09
1.96060,82.06,,13.27
1.96070,82.41,,13.09
1.96080,82.93,,13.12
1.96090,83.65,,13.09
1.96100,84.56,,12.98
1.96110,85.22,,13.24
1.96120,85.53,,13.41
1.96130,85.49,,13.41
1.96140,85.56,,13.24
1.96150,86.10,,13.27
1.96160,86.43,,13.16
1.96170,86.83,,13.05
1.96180,87.35,,13.09
1.96190,87.50,,13.05
1.96200,87.71,,13.16
1.96210,87.95,,13.12
1.96220,88.45,,13.16
1.96230,88.86,,13.19
1.96240,89.40,,13.12
1.96250,89.63,,12.95
1.96260,89.97,,13.12
1.96270,90.52,,13.02
1.96280,90.93,,13.05
1.96290,91.08,,13.24
1.96300,91.33,,13.27
1.96310,92.04,,13.24
1.96320,92.03,,13.27
1.96330,92.10,,13.12
1.96340,92.71,,13.09
1.96350,93.21,,12.84
1.96360,93.72,,12.95
1.96370,94.12,,12.98
1.96380,94.14,,13.09
1.96390,94.46,,12.98
1.96400,95.06,,13.09
1.96410,96.02,,13.05
1.96420,96.59,,13.16
1.96430,97.77,,13.27
1.96440,99.16,,13.12
1.96450,100.54,,13.09
1.96460,102.23,,13.19
1.96470,103.51,,13.02
1.96480,104.60,,13.12
1.96490,106.09,,13.09
1.96500,107.48,,12.98
1.96510,108.59,,13.02
1.96520,109.90,,12.91
1.96530,111.35,,13.05
1.96540,112.59,,13.02
1.96550,113.91,,12.77
1.96560,115.33,,12.88
1.96570,117.17,,12.91
1.96580,118.46,,13.02
1.96590,119.80,,12.84
1.96600,121.04,,13.09
1.96610,122.17,,12.98
1.96620,123.52,,13.09
1.96630,124.99,,12.98
1.96640,126.03,,12.98
1.96650,127.42,,12.81
1.96660,128.67,,12.98
1.96670,129.69,,12.81
1.96680,130.74,,12.98
1.96690,131.49,,13.02
1.96700,132.24,,12.98
1.96710,133.18,,12.88
1.96720,134.32,,12.84
1.96730,135.40,,12.84
1.96740,136.55,,12.81
1.96750,137.30,,12.84
1.96760,137.99,,12.81
1.96770,138.70,,12.91
1.96780,139.62,,12.81
1.96790,140.46,,12.77
1.96800,141.18,,12.81
1.96810,141.88,,12.77
1.96820,142.50,,12.81
1.96830,143.46,,12.77
1.96840,143.97,,12.77
1.96850,144.85,,12.61
1.96860,145.79,,12.77
1.96870,146.30,,12.81
1.96880,146.87,,12.77
1.96890,146.94,,12.95
1.96900,147.21,,12.84
1.96910,147.40,,12.81
1.96920,147.82,,12.77
1.96930,148.07,,12.64
1.96940,148.18,,12.67
1.96950,148.41,,12.64
1.96960,148.37,,12.61
1.96970,148.61,,12.57
1.96980,149.08,,12.61
1.96990,149.53,,12.57
1.97000,149.48,,12.61
1.97010,149.61,,12.77
1.97020,149.93,,12.74
1.97030,149.86,,12.64
1.97040,149.88,,12.64
1.97050,149.77,,12.67
1.97060,149.53,,12.57
1.97070,149.45,,12.47
1.97080,149.26,,12.51
1.97090,149.20,,12.47
1.97100,149.25,,12.57
1.97110,148.99,,12.61
1.97120,148.45,,12.57
1.97130,148.23,,12.57
1.97140,148.23,,12.54
1.97150,148.31,,12.44
1.97160,148.03,,12.54
1.97170,147.94,,12.44
1.97180,147.71,,12.54
1.97190,147.31,,12.44
1.97200,146.82,,12.54
1.97210,146.58,,12.44
1.97220,146.51,,12.28
1.97230,145.94,,12.32
1.97240,145.30,,12.38
1.97250,144.41,,12.22
1.97260,144.06,,12.38
1.97270,143.55,,12.22
1.97280,143.03,,12.32
1.97290,142.46,,12.28
1.97300,141.65,,12.19
1.97310,140.93,,12.28
1.97320,140.33,,12.13
1.97330,140.05,,12.03
1.97340,139.62,,12.13
1.97350,138.72,,12.26
1.97360,137.30,,12.41
1.97370,136.05,,12.38
1.97380,134.85,,12.41
1.97390,133.41,,12.32
1.97400,132.16,,12.09
1.97410,131.05,,12.01
1.97420,129.87,,11.85
1.97430,128.92,,12.01
1.97440,127.74,,12.01
1.97450,126.56,,11.97
1.97460,125.11,,12.07
1.97470,124.01,,12.03
1.97480,122.92,,11.95
1.97490,121.69,,12.03
1.97500,120.13,,11.89
1.97510,118.75,,11.85
1.97520,117.38,,11.95
1.97530,115.93,,11.91
1.97540,114.50,,11.83
1.97550,112.61,,11.83
1.97560,110.94,,11.79
1.97570,109.62,,11.72
1.97580,108.37,,11.85
1.97590,106.66,,11.83
1.97600,104.82,,11.85
1.97610,103.14,,11.95
1.97620,101.14,,11.91
1.97630,99.02,,11.72
1.97640,97.59,,11.61
1.97650,95.66,,11.57
1.97660,94.11,,11.50
1.97670,92.27,,11.57
1.97680,90.10,,11.61
1.97690,87.80,,11.79
1.97700,84.94,,11.61
1.97710,82.13,,11.57
1.97720,78.99,,11.50
1.97730,75.74,,11.35
1.97740,73.19,,11.50
1.97750,70.23,,11.33
1.97760,67.26,,11.51
1.97770,64.11,,11.50
1.97780,61.62,,11.51
1.97790,59.03,,11.55
1.97800,56.30,,11.45
1.97810,53.05,,11.50
1.97820,49.48,,11.45
1.97830,46.52,,11.39
1.97840,43.64,,11.50
1.97850,40.63,,11.51
1.97860,37.13,,11.33
1.97870,33.72,,11.35
1.97880,30.47,,11.33
1.97890,27.58,,11.19
1.97900,24.61,,11.28
1.97910,21.63,,11.24
1.97920,18.28,,11.18
1.97930,14.99,,11.19
1.97940,11.92,,11.18
1.97950,9.20,,11.18
1.97960,6.10,,11.19
1.97970,2.71,,11.28
1.97980,-0.70,,11.24
1.97990,-4.07,,11.33
1.98000,-7.21,,11.19
1.98010,-10.29,,11.18
1.98020,-13.41,,10.93
1.98030,-16.79,,10.97
1.98040,-20.35,,10.88
1.98050,-23.67,,11.19
1.98060,-26.76,,11.02
1.98070,-29.89,,11.24
1.98080,-32.89,,11.18
1.98090,-35.96,,11.24
1.98100,-39.34,,11.07
1.98110,-42.64,,11.19
1.98120,-45.85,,10.92
1.98130,-49.28,,10.98
1.98140,-52.62,,11.18
1.98150,-55.75,,11.33
1.98160,-59.15,,11.03
1.98170,-62.81,,11.18
1.98180,-66.13,,11.03
1.98190,-69.01,,10.88
1.98200,-72.01,,10.88
1.98210,-75.47,,11.02
1.98220,-78.30,,10.93
1.98230,-81.18,,11.13
1.98240,-84.54,,11.13
1.98250,-87.52,,11.13
1.98260,-90.81,,11.13
1.98270,-94.08,,11.03
1.98280,-97.26,,11.02
1.98290,-100.34,,10.93
1.98300,-103.66,,11.13
1.98310,-106.82,,11.19
1.98320,-109.95,,11.02
1.98330,-113.39,,11.03
1.98340,-116.56,,11.02
1.98350,-119.47,,11.18
1.98360,-122.64,,11.24
1.98370,-125.90,,11.28
1.98380,-129.12,,11.03
1.98390,-131.89,,11.02
1.98400,-134.17,,11.03
1.98410,-136.15,,11.02
1.98420,-138.29,,11.03
1.98430,-139.93,,11.18
1.98440,-141.48,,11.33
1.98450,-143.31,,11.19
1.98460,-144.74,,11.18
1.98470,-146.10,,11.03
1.98480,-147.54,,11.02
1.98490,-149.02,,10.88
1.98500,-150.10,,11.18
1.98510,-151.26,,11.19
1.98520,-151.90,,11.33
1.98530,-152.34,,11.24
1.98540,-152.32,,11.13
1.98550,-151.71,,10.88
1.98560,-151.43,,11.03
1.98570,-151.23,,11.02
1.98580,-150.72,,11.03
1.98590,-150.20,,11.18
1.98600,-150.09,,11.19
1.98610,-149.60,,11.13
1.98620,-148.65,,10.93
1.98630,-147.48,,10.88
1.98640,-146.20,,11.02
1.98650,-145.19,,11.03
1.98660,-144.43,,10.92
1.98670,-143.73,,10.98
1.98680,-142.58,,10.88
1.98690,-141.11,,10.88
1.98700,-139.38,,10.73
1.98710,-137.79,,10.73
1.98720,-135.35,,10.73
1.98730,-132.90,,10.73
1.98740,-130.53,,11.02
1.98750,-127.98,,10.88
1.98760,-125.02,,10.73
1.98770,-122.16,,10.88
1.98780,-118.81,,10.59
1.98790,-115.48,,10.73
1.98800,-113.16,,10.88
1.98810,-110.46,,11.02
1.98820,-108.46,,11.03
1.98830,-106.13,,10.73
1.98840,-103.72,,10.45
1.98850,-100.67,,10.31
1.98860,-97.31,,10.19
1.98870,-93.64,,10.59
1.98880,-90.21,,10.73
1.98890,-86.71,,10.88
1.98900,-83.43,,10.73
1.98910,-80.17,,10.59
1.98920,-76.60,,10.59
1.98930,-73.35,,10.45
1.98940,-69.94,,10.59
1.98950,-66.72,,10.73
1.98960,-63.02,,10.73
1.98970,-59.75,,10.73
1.98980,-56.13,,10.45
1.98990,-52.29,,10.19
1.99000,-48.75,,10.18
1.99010,-45.48,,10.32
1.99020,-41.99,,10.73
1.99030,-38.35,,11.02
1.99040,-35.64,,10.45
1.99050,-34.83,,10.31
1.99060,-32.97,,10.06
1.99070,-25.57,,10.18
1.99080,-23.21,,10.59
1.99090,-18.09,,11.03
1.99100,-18.55,,11.39
1.99110,-18.78,,11.13
1.99120,-18.23,,10.32
1.99130,-16.27,,9.80
1.99140,-13.43,,9.70
1.99150,-9.23,,10.19
1.99160,-4.55,,10.73
1.99170,0.06,,11.18
1.99180,4.63,,11.35
1.99190,8.48,,11.02
1.99200,12.57,,10.45
1.99210,16.50,,10.06
1.99220,20.81,,9.93
1.99230,24.77,,10.19
1.99240,28.65,,10.88
1.99250,31.88,,11.19
1.99260,35.42,,11.18
1.99270,38.67,,10.88
1.99280,41.91,,10.45
1.99290,45.16,,10.31
1.99300,47.96,,10.32
1.99310,49.99,,10.45
1.99320,52.19,,10.45
1.99330,54.76,,10.45
1.99340,57.09,,10.59
1.99350,59.67,,10.45
1.99360,61.67,,10.59
1.99370,63.61,,10.59
1.99380,65.74,,10.73
1.99390,67.64,,10.88
1.99400,69.30,,10.73
1.99410,70.93,,10.59
1.99420,72.87,,10.45
1.99430,74.50,,10.45
1.99440,76.04,,10.59
1.99450,77.36,,10.73
1.99460,78.26,,10.59
1.99470,79.20,,10.73
1.99480,80.66,,10.59
1.99490,81.84,,10.45
1.99500,83.48,,10.73
1.99510,84.72,,10.59
1.99520,85.99,,10.88
1.99530,87.28,,10.73
1.99540,88.35,,10.73
1.99550,90.05,,10.73
1.99560,90.93,,10.59
1.99570,91.92,,10.73
1.99580,93.00,,10.88
1.99590,93.55,,10.88
1.99600,94.07,,10.73
1.99610,94.54,,10.73
1.99620,95.70,,10.73
1.99630,96.50,,10.73
1.99640,97.05,,10.73
1.99650,97.99,,10.88
1.99660,98.60,,10.73
1.99670,99.28,,10.88
1.99680,100.54,,11.02
1.99690,101.47,,10.88
1.99700,101.94,,10.88
1.99710,102.73,,10.73
1.99720,103.41,,10.88
1.99730,103.35,,10.88
1.99740,103.98,,10.88
1.99750,104.54,,10.73
1.99760,105.51,,10.88
1.99770,106.10,,10.88
1.99780,106.58,,10.88
1.99790,107.03,,11.02
1.99800,106.99,,11.03
1.99810,107.21,,10.88
1.99820,107.55,,11.03
1.99830,107.54,,10.88
1.99840,108.02,,10.88
1.99850,108.09,,10.88
1.99860,108.12,,10.88
1.99870,108.24,,11.03
1.99880,108.47,,11.02
1.99890,108.45,,11.03
1.99900,107.92,,11.02
1.99910,107.94,,11.03
1.99920,107.83,,10.88
1.99930,107.39,,10.88
1.99940,107.25,,10.88
1.99950,107.31,,11.02
1.99960,107.25,,11.03
1.99970,106.84,,11.18
1.99980,106.96,,11.19
1.99990,107.02,,11.02
2.00000,106.76,,11.03
2.00010,106.46,,11.02
2.00020,106.15,,11.03
2.00030,105.81,,11.02
2.00040,105.46,,11.03
2.00050,105.60,,11.02
2.00060,105.74,,11.18
2.00070,105.74,,11.08
2.00080,105.75,,11.28
2.00090,105.57,,11.19
2.00100,105.16,,11.33
2.00110,104.69,,11.03
2.00120,104.20,,11.18
2.00130,104.17,,11.03
2.00140,104.01,,11.02
2.00150,103.88,,11.13
2.00160,103.87,,11.08
2.00170,103.84,,11.18
2.00180,103.86,,11.19
2.00190,103.73,,11.33
2.00200,103.44,,11.35
2.00210,102.77,,11.44
2.00220,102.02,,11.24
2.00230,101.15,,11.18
2.00240,100.80,,11.03
2.00250,100.78,,11.18
2.00260,100.85,,11.18
2.00270,100.85,,11.35
2.00280,100.59,,11.50
2.00290,100.10,,11.51
2.00300,99.06,,11.50
2.00310,98.48,,11.35
2.00320,97.80,,11.18
2.00330,97.48,,11.19
2.00340,97.18,,11.18
2.00350,96.82,,11.50
2.00360,96.42,,11.68
2.00370,96.02,,11.50
2.00380,95.70,,11.51
2.00390,95.33,,11.44
2.00400,94.62,,11.40
2.00410,94.03,,11.18
2.00420,93.48,,11.19
2.00430,93.37,,11.33
2.00440,93.29,,11.40
2.00450,93.27,,11.78
2.00460,92.68,,11.66
2.00470,91.95,,11.68
2.00480,91.41,,11.50
2.00490,91.30,,11.35
2.00500,91.50,,11.18
2.00510,91.72,,11.35
2.00520,91.56,,11.66
2.00530,91.26,,11.68
2.00540,91.05,,11.78
2.00550,90.86,,11.72
2.00560,90.61,,11.51
2.00570,90.18,,11.50
2.00580,89.52,,11.51
2.00590,88.78,,11.33
2.00600,88.35,,11.51
2.00610,88.12,,11.66
2.00620,88.02,,11.85
2.00630,87.75,,11.72
2.00640,86.84,,11.79
2.00650,86.27,,11.50
2.00660,85.77,,11.50
2.00670,85.29,,11.51
2.00680,85.11,,11.50
2.00690,84.64,,11.85
2.00700,84.41,,11.66
2.00710,84.13,,11.74
2.00720,83.97,,11.78
2.00730,83.98,,11.51
2.00740,83.83,,11.66
2.00750,83.42,,11.78
2.00760,82.85,,11.74
2.00770,82.29,,11.66
2.00780,81.82,,11.85
2.00790,82.01,,11.78
2.00800,82.09,,11.74
2.00810,81.70,,11.83
2.00820,81.41,,11.85
2.00830,81.11,,11.66
2.00840,80.70,,11.51
2.00850,80.53,,11.66
2.00860,80.47,,11.78
2.00870,80.07,,11.74
2.00880,79.66,,11.83
2.00890,79.55,,11.74
2.00900,79.54,,11.83
2.00910,79.73,,11.91
2.00920,79.40,,11.89
2.00930,78.83,,11.85
2.00940,78.47,,11.72
2.00950,77.86,,11.78
2.00960,77.31,,11.85
2.00970,76.92,,11.72
2.00980,77.29,,11.79
2.00990,77.38,,12.01
2.01000,77.37,,12.03
2.01010,77.42,,12.01
2.01020,77.27,,12.16
2.01030,77.42,,11.95
2.01040,77.87,,11.79
2.01050,78.53,,11.83
2.01060,79.09,,11.83
2.01070,79.60,,11.85
2.01080,79.52,,12.01
2.01090,79.85,,12.03
2.01100,80.07,,12.01
2.01110,80.44,,12.03
2.01120,80.57,,11.83
2.01130,80.81,,11.85
2.01140,80.98,,11.83
2.01150,81.24,,12.01
2.01160,81.75,,11.97
2.01170,82.23,,11.89
2.01180,82.71,,12.22
2.01190,82.90,,12.19
2.01200,83.03,,12.16
2.01210,82.75,,11.89
2.01220,83.09,,11.85
2.01230,83.45,,12.01
2.01240,84.11,,12.03
2.01250,84.14,,12.13
2.01260,84.02,,12.07
2.01270,84.38,,12.16
2.01280,84.61,,12.07
2.01290,84.67,,12.22
2.01300,84.52,,12.19
2.01310,84.42,,12.03
2.01320,84.18,,11.89
2.01330,83.69,,11.97
2.01340,83.45,,12.13
2.01350,83.71,,12.07
2.01360,83.90,,12.22
2.01370,84.07,,12.13
2.01380,84.24,,12.09
2.01390,83.95,,12.19
2.01400,83.86,,12.22
2.01410,83.63,,12.19
2.01420,83.20,,12.03
2.01430,83.02,,12.07
2.01440,83.16,,12.03
2.01450,83.01,,12.13
2.01460,82.75,,12.19
2.01470,82.15,,12.22
2.01480,81.98,,12.19
2.01490,81.62,,12.22
2.01500,81.18,,12.26
2.01510,80.19,,12.16
2.01520,79.71,,12.19
2.01530,79.24,,12.22
2.01540,79.14,,12.01
2.01550,78.90,,12.19
2.01560,78.52,,12.22
2.01570,78.00,,12.19
2.01580,77.34,,12.41
2.01590,76.72,,12.19
2.01600,76.49,,12.03
2.01610,76.31,,12.13
2.01620,76.04,,12.09
2.01630,75.73,,12.26
2.01640,75.42,,12.41
2.01650,75.20,,12.32
2.01660,74.93,,12.38
2.01670,74.16,,12.41
2.01680,73.50,,12.38
2.01690,72.81,,12.28
2.01700,72.30,,12.13
2.01710,71.37,,12.09
2.01720,70.80,,12.13
2.01730,70.46,,12.22
2.01740,70.06,,12.38
2.01750,69.43,,12.38
2.01760,68.79,,12.41
2.01770,68.29,,12.19
2.01780,67.82,,12.28
2.01790,67.10,,12.19
2.01800,67.09,,12.28
2.01810,66.95,,12.26
2.01820,66.41,,12.41
2.01830,66.01,,12.38
2.01840,65.78,,12.41
2.01850,65.48,,12.38
2.01860,64.81,,12.51
2.01870,64.38,,12.28
2.01880,63.74,,12.32
2.01890,63.11,,12.09
2.01900,62.69,,12.19
2.01910,62.46,,12.41
2.01920,62.29,,12.51
2.01930,61.73,,12.47
2.01940,61.13,,12.38
2.01950,60.59,,12.38
2.01960,60.46,,12.22
2.01970,60.28,,12.38
2.01980,60.07,,12.22
2.01990,59.82,,12.38
2.02000,59.49,,12.41
2.02010,59.20,,12.51
2.02020,58.64,,12.47
2.02030,58.23,,12.38
2.02040,57.85,,12.41
2.02050,57.17,,12.19
2.02060,56.62,,12.32
2.02070,56.13,,12.28
2.02080,55.79,,12.44
2.02090,55.39,,12.54
2.02100,55.03,,12.38
2.02110,54.75,,12.47
2.02120,54.35,,12.51
2.02130,53.37,,12.41
2.02140,52.77,,12.51
2.02150,51.90,,12.26
2.02160,51.82,,12.22
2.02170,51.62,,12.38
2.02180,51.29,,12.61
2.02190,51.16,,12.57
2.02200,50.90,,12.41
2.02210,50.64,,12.57
2.02220,51.28,,12.41
2.02230,51.53,,12.32
2.02240,52.01,,12.28
2.02250,52.67,,12.44
2.02260,52.98,,12.44
2.02270,53.38,,12.47
2.02280,53.71,,12.38
2.02290,54.05,,12.54
2.02300,54.14,,12.44
2.02310,54.45,,12.41
2.02320,54.60,,12.38
2.02330,54.16,,12.34
2.02340,54.32,,12.32
2.02350,54.67,,12.44
2.02360,54.82,,12.47
2.02370,54.81,,12.57
2.02380,54.70,,12.61
2.02390,54.48,,12.44
2.02400,54.73,,12.54
2.02410,54.54,,12.57
2.02420,54.38,,12.41
2.02430,54.32,,12.44
2.02440,54.48,,12.34
2.02450,55.05,,12.38
2.02460,55.42,,12.38
2.02470,55.51,,12.61
2.02480,55.67,,12.57
2.02490,55.51,,12.54
2.02500,55.54,,12.44
2.02510,55.68,,12.28
2.02520,56.25,,12.32
2.02530,56.28,,12.41
2.02540,55.98,,12.57
2.02550,55.90,,12.57
2.02560,55.47,,12.54
2.02570,55.79,,12.44
2.02580,55.82,,12.41
2.02590,56.06,,12.44
2.02600,55.86,,12.41
2.02610,55.85,,12.44
2.02620,56.06,,12.47
2.02630,56.24,,12.57
2.02640,56.64,,12.61
2.02650,56.44,,12.57
2.02660,56.05,,12.57
2.02670,55.99,,12.54
2.02680,55.61,,12.44
2.02690,55.74,,12.54
2.02700,55.22,,12.44
2.02710,54.46,,12.61
2.02720,54.40,,12.51
2.02730,54.41,,12.54
2.02740,54.00,,12.51
2.02750,53.66,,12.61
2.02760,53.47,,12.57
2.02770,52.96,,12.57
2.02780,52.75,,12.61
2.02790,52.29,,12.57
2.02800,51.93,,12.61
2.02810,51.86,,12.57
2.02820,51.65,,12.41
2.02830,50.85,,12.57
2.02840,50.44,,12.67
2.02850,50.11,,12.71
2.02860,49.71,,12.71
2.02870,49.58,,12.67
2.02880,49.78,,12.44
2.02890,49.45,,12.54
2.02900,49.29,,12.57
2.02910,49.65,,12.41
2.02920,49.58,,12.71
2.02930,49.22,,12.67
2.02940,49.24,,12.71
2.02950,48.82,,12.67
2.02960,48.75,,12.57
2.02970,48.11,,12.71
2.02980,48.05,,12.54
2.02990,47.84,,12.57
2.03000,47.12,,12.54
2.03010,47.04,,12.71
2.03020,47.13,,12.67
2.03030,46.81,,12.77
2.03040,46.77,,12.61
2.03050,46.74,,12.44
2.03060,46.76,,12.51
2.03070,47.10,,12.47
2.03080,46.91,,12.71
2.03090,46.30,,12.67
2.03100,46.07,,12.71
2.03110,45.80,,12.81
2.03120,45.67,,12.57
2.03130,45.45,,12.67
2.03140,44.96,,12.71
2.03150,44.32,,12.54
2.03160,44.31,,12.44
2.03170,44.73,,12.57
2.03180,45.49,,12.54
2.03190,45.91,,12.57
2.03200,46.33,,12.67
2.03210,46.35,,12.77
2.03220,46.55,,12.61
2.03230,46.35,,12.57
2.03240,46.57,,12.54
2.03250,46.43,,12.57
2.03260,46.10,,12.44
2.03270,45.95,,12.61
2.03280,45.83,,12.57
2.03290,46.06,,12.61
2.03300,46.04,,12.57
2.03310,46.14,,12.61
2.03320,45.90,,12.64
2.03330,45.78,,12.54
2.03340,45.74,,12.57
2.03350,46.24,,12.67
2.03360,46.47,,12.57
2.03370,46.89,,12.71
2.03380,46.88,,12.61
2.03390,46.84,,12.77
2.03400,46.71,,12.61
2.03410,46.95,,12.64
2.03420,47.02,,12.54
2.03430,47.61,,12.57
2.03440,47.92,,12.41
2.03450,48.09,,12.57
2.03460,48.04,,12.38
2.03470,48.07,,12.61
2.03480,48.32,,12.57
2.03490,49.05,,12.67
2.03500,49.50,,12.71
2.03510,49.12,,12.67
2.03520,48.34,,12.71
2.03530,48.47,,12.54
2.03540,48.52,,12.44
2.03550,48.46,,12.41
2.03560,48.58,,12.57
2.03570,48.84,,12.57
2.03580,48.89,,12.81
2.03590,48.72,,12.77
2.03600,48.48,,12.74
2.03610,48.31,,12.64
2.03620,48.76,,12.61
2.03630,49.13,,12.44
2.03640,49.29,,12.54
2.03650,49.47,,12.44
2.03660,49.62,,12.57
2.03670,49.66,,12.74
2.03680,49.99,,12.77
2.03690,49.55,,12.81
2.03700,49.35,,12.71
2.03710,49.35,,12.67
2.03720,49.24,,12.38
2.03730,49.41,,12.41
2.03740,49.42,,12.57
2.03750,49.30,,12.61
2.03760,49.28,,12.77
2.03770,49.24,,12.77
2.03780,49.19,,12.61
2.03790,49.38,,12.57
2.03800,49.79,,12.41
2.03810,49.99,,12.57
2.03820,49.93,,12.61
2.03830,50.07,,12.77
2.03840,50.10,,12.74
2.03850,49.94,,12.71
2.03860,49.87,,12.71
2.03870,49.84,,12.61
2.03880,49.84,,12.57
2.03890,49.89,,12.47
2.03900,49.87,,12.57
2.03910,50.05,,12.67
2.03920,49.85,,12.64
2.03930,49.84,,12.61
2.03940,50.19,,12.71
2.03950,50.25,,12.47
2.03960,50.03,,12.38
2.03970,49.94,,12.44
2.03980,49.94,,12.54
2.03990,49.80,,12.71
2.04000,49.88,,12.81
2.04010,50.02,,12.84
2.04020,50.01,,12.81
2.04030,49.87,,12.71
2.04040,49.77,,12.67
2.04050,50.02,,12.44
2.04060,50.17,,12.51
2.04070,49.50,,12.47
2.04080,49.14,,12.57
2.04090,49.46,,12.54
2.04100,49.78,,12.71
2.04110,50.02,,12.67
2.04120,50.33,,12.71
2.04130,50.38,,12.67
2.04140,49.83,,12.71
2.04150,49.57,,12.67
2.04160,49.27,,12.57
2.04170,49.71,,12.57
2.04180,49.92,,12.41
2.04190,50.10,,12.57
2.04200,49.90,,12.54
2.04210,49.97,,12.64
2.04220,49.77,,12.74
2.04230,49.62,,12.64
2.04240,49.31,,12.61
2.04250,49.24,,12.57
2.04260,48.95,,12.57
2.04270,48.88,,12.41
2.04280,48.62,,12.57
2.04290,48.34,,12.81
2.04300,48.56,,12.71
2.04310,48.04,,12.67
2.04320,47.52,,12.77
2.04330,47.24,,12.61
2.04340,46.85,,12.57
2.04350,46.88,,12.41
2.04360,46.86,,12.57
2.04370,46.66,,12.57
2.04380,46.66,,12.61
2.04390,46.75,,12.77
2.04400,46.83,,12.67
2.04410,46.62,,12.84
2.04420,46.44,,12.67
2.04430,46.15,,12.57
2.04440,45.81,,12.54
2.04450,45.71,,12.44
2.04460,45.64,,12.57
2.04470,45.43,,12.61
2.04480,44.79,,12.64
2.04490,44.61,,12.81
2.04500,44.22,,12.71
2.04510,43.90,,12.61
2.04520,43.83,,12.57
2.04530,43.61,,12.47
2.04540,43.42,,12.51
2.04550,43.11,,12.61
2.04560,42.96,,12.57
2.04570,42.94,,12.77
2.04580,42.55,,12.74
2.04590,42.29,,12.71
2.04600,41.70,,12.74
2.04610,41.58,,12.64
2.04620,41.22,,12.54
2.04630,40.79,,12.57
2.04640,40.60,,12.54
2.04650,41.15,,12.57
2.04660,41.17,,12.64
2.04670,41.04,,12.74
2.04680,40.77,,12.64
2.04690,40.52,,12.61
2.04700,40.39,,12.71
2.04710,40.07,,12.67
2.04720,39.97,,12.44
2.04730,40.04,,12.54
2.04740,40.21,,12.57
2.04750,40.30,,12.81
2.04760,40.17,,12.77
2.04770,39.58,,12.77
2.04780,39.23,,12.81
2.04790,39.04,,12.77
2.04800,39.00,,12.61
2.04810,38.88,,12.38
2.04820,38.76,,12.41
2.04830,38.79,,12.51
2.04840,38.63,,12.47
2.04850,38.60,,12.64
2.04860,38.22,,12.71
2.04870,38.05,,12.81
2.04880,37.58,,12.57
2.04890,37.41,,12.61
2.04900,37.68,,12.57
2.04910,37.69,,12.47
2.04920,37.96,,12.71
2.04930,38.17,,12.61
2.04940,38.24,,12.77
2.04950,38.42,,12.54
2.04960,38.47,,12.57
2.04970,38.43,,12.57
2.04980,38.29,,12.54
2.04990,38.12,,12.57
2.05000,37.91,,12.54
2.05010,37.59,,12.57
2.05020,37.50,,12.61
2.05030,37.48,,12.57
2.05040,37.54,,12.61
2.05050,37.32,,12.71
2.05060,36.99,,12.64
2.05070,36.68,,12.61
2.05080,36.83,,12.57
2.05090,37.02,,12.41
2.05100,37.01,,12.57
2.05110,37.16,,12.54
2.05120,37.13,,12.44
2.05130,37.20,,12.67
2.05140,37.65,,12.57
2.05150,37.76,,12.54
2.05160,37.48,,12.44
2.05170,37.40,,12.51
2.05180,37.14,,12.41
2.05190,37.09,,12.51
2.05200,36.87,,12.47
2.05210,36.84,,12.57
2.05220,36.99,,12.61
2.05230,37.45,,12.57
2.05240,37.47,,12.81
2.05250,37.31,,12.71
2.05260,36.91,,12.71
2.05270,36.44,,12.67
2.05280,36.75,,12.44
2.05290,36.99,,12.41
2.05300,37.10,,12.38
2.05310,37.20,,12.41
2.05320,37.33,,12.51
2.05330,37.29,,12.47
2.05340,37.17,,12.64
2.05350,37.24,,12.54
2.05360,37.23,,12.57
2.05370,37.33,,12.44
2.05380,37.45,,12.54
2.05390,37.78,,12.38
2.05400,37.71,,12.41
2.05410,37.64,,12.51
2.05420,37.74,,12.67
2.05430,37.66,,12.71
2.05440,38.01,,12.67
2.05450,37.94,,12.57
2.05460,38.19,,12.54
2.05470,38.16,,12.44
2.05480,38.38,,12.44
2.05490,38.38,,12.54
2.05500,38.75,,12.44
2.05510,38.81,,12.54
2.05520,38.98,,12.57
2.05530,39.09,,12.41
2.05540,39.11,,12.57
2.05550,39.01,,12.41
2.05560,39.29,,12.38
2.05570,39.33,,12.38
2.05580,39.41,,12.54
2.05590,39.45,,12.44
2.05600,39.37,,12.67
2.05610,39.69,,12.57
2.05620,39.72,,12.54
2.05630,39.96,,12.57
2.05640,39.95,,12.41
2.05650,39.96,,12.44
2.05660,40.34,,12.54
2.05670,40.53,,12.38
2.05680,40.56,,12.38
2.05690,41.01,,12.41
2.05700,41.16,,12.44
2.05710,41.28,,12.54
2.05720,41.16,,12.44
2.05730,41.20,,12.54
2.05740,40.90,,12.57
2.05750,40.91,,12.54
2.05760,40.97,,12.44
2.05770,40.91,,12.57
2.05780,40.89,,12.41
2.05790,40.75,,12.57
2.05800,40.81,,12.41
2.05810,40.77,,12.57
2.05820,40.70,,12.61
2.05830,40.72,,12.38
2.05840,40.64,,12.41
2.05850,40.87,,12.32
2.05860,40.88,,12.28
2.05870,41.03,,12.38
2.05880,40.99,,12.38
2.05890,40.88,,12.54
2.05900,40.87,,12.44
2.05910,40.91,,12.41
2.05920,40.80,,12.57
2.05930,40.71,,12.54
2.05940,40.95,,12.44
2.05950,41.22,,12.54
2.05960,41.20,,12.44
2.05970,41.47,,12.38
2.05980,41.68,,12.47
2.05990,41.76,,12.51
2.06000,41.14,,12.41
2.06010,40.83,,12.38
2.06020,40.25,,12.41
2.06030,39.93,,12.38
2.06040,39.79,,12.34
2.06050,39.66,,12.44
2.06060,39.47,,12.41
2.06070,39.33,,12.38
2.06080,38.87,,12.51
2.06090,38.80,,12.54
2.06100,38.81,,12.51
2.06110,38.81,,12.41
2.06120,38.80,,12.26
2.06130,38.59,,12.16
2.06140,38.33,,12.19
2.06150,38.29,,12.41
2.06160,38.37,,12.38
2.06170,38.18,,12.51
2.06180,37.89,,12.54
2.06190,37.29,,12.51
2.06200,37.17,,12.41
2.06210,37.39,,12.26
2.06220,37.49,,12.34
2.06230,37.44,,12.26
2.06240,36.50,,12.34
2.06250,36.03,,12.26
2.06260,35.93,,12.54
2.06270,35.81,,12.38
2.06280,35.68,,12.38
2.06290,35.28,,12.41
2.06300,34.94,,12.19
2.06310,34.84,,12.41
2.06320,34.96,,12.19
2.06330,34.77,,12.22
2.06340,34.58,,12.26
2.06350,34.44,,12.28
2.06360,34.27,,12.26
2.06370,33.95,,12.26
2.06380,33.78,,12.28
2.06390,33.79,,12.26
2.06400,34.12,,12.22
2.06410,34.07,,12.32
2.06420,33.69,,12.28
2.06430,33.57,,12.44
2.06440,33.14,,12.41
2.06450,32.79,,12.32
2.06460,32.18,,12.22
2.06470,31.91,,12.13
2.06480,31.69,,12.07
2.06490,31.53,,12.03
2.06500,31.44,,12.19
2.06510,31.29,,12.22
2.06520,31.10,,12.38
2.06530,31.03,,12.22
2.06540,30.96,,12.38
2.06550,30.71,,12.41
2.06560,30.39,,12.19
2.06570,30.26,,12.01
2.06580,30.32,,12.03
2.06590,30.54,,12.01
2.06600,30.32,,12.16
2.06610,29.73,,12.19
2.06620,29.26,,12.16
2.06630,29.48,,12.19
2.06640,29.45,,12.16
2.06650,29.33,,12.19
2.06660,29.28,,12.22
2.06670,29.16,,12.13
2.06680,28.85,,12.07
2.06690,28.83,,12.22
2.06700,28.89,,12.13
2.06710,28.63,,12.09
2.06720,28.32,,12.19
2.06730,28.03,,12.22
2.06740,27.63,,12.19
2.06750,27.00,,12.03
2.06760,27.17,,12.01
2.06770,27.27,,11.83
2.06780,27.38,,11.85
2.06790,27.53,,11.95
2.06800,27.33,,12.09
2.06810,27.12,,12.26
2.06820,26.80,,12.16
2.06830,26.76,,12.19
2.06840,26.92,,11.91
2.06850,27.33,,11.78
2.06860,27.31,,11.85
2.06870,27.62,,11.83
2.06880,27.35,,12.07
2.06890,26.90,,12.16
2.06900,26.51,,12.19
2.06910,26.58,,11.85
2.06920,26.22,,11.89
2.06930,26.24,,11.79
2.06940,26.14,,11.66
2.06950,25.90,,11.85
2.06960,26.00,,12.01
2.06970,26.28,,12.01
2.06980,26.32,,12.22
2.06990,26.12,,12.01
2.07000,26.09,,11.85
2.07010,25.94,,11.66
2.07020,26.02,,11.51
2.07030,26.12,,11.66
2.07040,26.02,,11.68
2.07050,25.87,,11.66
2.07060,26.01,,11.85
2.07070,26.08,,11.83
2.07080,25.98,,11.72
2.07090,26.08,,11.79
2.07100,26.14,,11.66
2.07110,25.98,,11.68
2.07120,26.19,,11.83
2.07130,26.52,,11.68
2.07140,26.86,,11.66
2.07150,27.21,,11.68
2.07160,27.47,,11.50
2.07170,27.59,,11.66
2.07180,27.66,,11.51
2.07190,27.83,,11.50
2.07200,28.04,,11.57
2.07210,28.97,,11.61
2.07220,29.32,,11.68
2.07230,29.20,,11.50
2.07240,29.16,,11.51
2.07250,29.29,,11.50
2.07260,29.40,,11.19
2.07270,29.54,,11.33
2.07280,29.65,,11.50
2.07290,29.63,,11.51
2.07300,29.55,,11.50
2.07310,29.64,,11.51
2.07320,30.26,,11.33
2.07330,30.61,,11.35
2.07340,30.85,,11.18
2.07350,31.12,,11.24
2.07360,31.27,,11.28
2.07370,31.33,,11.39
2.07380,31.07,,11.35
2.07390,30.56,,11.28
2.07400,29.78,,11.03
2.07410,29.74,,10.88
2.07420,30.82,,11.03
2.07430,31.76,,11.18
2.07440,32.32,,11.35
2.07450,32.43,,11.50
2.07460,32.57,,11.35
2.07470,32.81,,11.02
2.07480,34.28,,10.88
2.07490,34.08,,10.88
2.07500,33.74,,11.02
2.07510,34.20,,11.19
2.07520,34.29,,11.33
2.07530,34.40,,11.19
2.07540,34.52,,11.02
2.07550,34.80,,10.73
2.07560,34.98,,10.59
2.07570,35.74,,10.73
2.07580,36.76,,10.88
2.07590,36.99,,11.02
2.07600,37.07,,11.19
2.07610,37.25,,11.18
2.07620,37.25,,11.03
2.07630,36.45,,10.88
2.07640,35.37,,11.03
2.07650,33.97,,10.73
2.07660,32.04,,10.73
2.07670,32.84,,10.45
2.07680,35.63,,10.73
2.07690,36.56,,10.59
2.07700,37.86,,10.88
2.07710,39.10,,10.88
2.07720,40.62,,10.88
2.07730,41.23,,10.73
2.07740,41.03,,10.73
2.07750,41.37,,10.45
2.07760,41.72,,10.45
2.07770,42.44,,10.45
2.07780,42.62,,10.59
2.07790,43.03,,10.73
2.07800,43.48,,10.73
2.07810,44.09,,10.59
2.07820,44.57,,10.45
2.07830,44.71,,10.32
2.07840,45.32,,10.45
2.07850,45.58,,10.59
2.07860,46.03,,10.45
2.07870,46.19,,10.45
2.07880,45.37,,10.45
2.07890,46.03,,10.31
2.07900,46.93,,10.32
2.07910,47.13,,10.45
2.07920,47.09,,10.32
2.07930,46.95,,10.45
2.07940,47.06,,10.32
2.07950,47.65,,10.18
2.07960,47.93,,10.19
2.07970,47.83,,10.06
2.07980,47.70,,10.18
2.07990,48.07,,10.19
2.08000,48.59,,10.18
2.08010,48.81,,10.32
2.08020,48.88,,10.31
2.08030,49.13,,9.94
2.08040,48.44,,9.80
2.08050,47.94,,9.81
2.08060,49.01,,9.93
2.08070,50.70,,9.94
2.08080,51.83,,10.19
2.08090,52.68,,10.31
2.08100,53.78,,10.19
2.08110,54.73,,10.05
2.08120,56.05,,9.94
2.08130,56.77,,9.80
2.08140,57.30,,9.81
2.08150,57.46,,9.69
2.08160,58.16,,9.70
2.08170,58.86,,9.80
2.08180,59.36,,9.70
2.08190,59.84,,9.70
2.08200,59.90,,9.80
2.08210,60.13,,9.70
2.08220,59.66,,9.80
2.08230,59.66,,9.70
2.08240,59.63,,9.69
2.08250,60.03,,9.70
2.08260,60.08,,9.69
2.08270,60.05,,9.47
2.08280,60.15,,9.58
2.08290,60.58,,9.45
2.08300,61.00,,9.58
2.08310,61.47,,9.57
2.08320,62.27,,9.47
2.08330,62.30,,9.45
2.08340,62.60,,9.36
2.08350,62.67,,9.45
2.08360,63.31,,9.36
2.08370,63.72,,9.45
2.08380,63.97,,9.58
2.08390,63.55,,9.36
2.08400,63.07,,9.34
2.08410,62.73,,9.15
2.08420,62.89,,9.02
2.08430,62.93,,9.15
2.08440,63.05,,9.23
2.08450,62.77,,9.36
2.08460,62.40,,9.13
2.08470,62.21,,9.15
2.08480,61.87,,9.04
2.08490,61.62,,9.02
2.08500,61.86,,9.04
2.08510,61.24,,9.13
2.08520,61.01,,9.04
2.08530,61.26,,9.13
2.08540,61.91,,9.04
2.08550,62.15,,9.13
2.08560,62.42,,9.04
2.08570,62.80,,9.13
2.08580,63.12,,8.94
2.08590,62.82,,8.94
2.08600,63.45,,8.82
2.08610,64.02,,8.94
2.08620,63.74,,9.02
2.08630,63.93,,9.04
2.08640,64.10,,8.92
2.08650,63.75,,8.94
2.08660,63.27,,8.82
2.08670,63.09,,8.84
2.08680,63.06,,8.84
2.08690,62.90,,8.92
2.08700,62.62,,8.94
2.08710,62.20,,8.82
2.08720,62.19,,8.94
2.08730,62.05,,8.82
2.08740,61.67,,8.94
2.08750,60.88,,8.73
2.08760,60.16,,8.84
2.08770,59.92,,8.73
2.08780,59.67,,8.94
2.08790,59.13,,8.94
2.08800,58.40,,8.92
2.08810,57.87,,8.84
2.08820,57.57,,8.82
2.08830,57.19,,8.75
2.08840,56.59,,8.73
2.08850,55.91,,8.84
2.08860,55.61,,8.92
2.08870,55.44,,9.04
2.08880,54.84,,8.94
2.08890,54.35,,8.73
2.08900,53.80,,8.56
2.08910,52.89,,8.73
2.08920,52.21,,8.84
2.08930,51.64,,8.82
2.08940,51.15,,8.84
2.08950,50.84,,8.73
2.08960,50.06,,8.75
2.08970,49.09,,8.73
2.08980,48.64,,8.84
2.08990,48.34,,8.94
2.09000,47.79,,8.82
2.09010,46.90,,8.65
2.09020,46.73,,8.73
2.09030,46.19,,8.75
2.09040,45.79,,8.82
2.09050,45.13,,8.75
2.09060,44.88,,8.73
2.09070,44.50,,8.65
2.09080,44.46,,8.75
2.09090,44.15,,8.82
2.09100,43.48,,8.94
2.09110,42.52,,8.82
2.09120,41.81,,8.65
2.09130,41.47,,8.63
2.09140,41.13,,8.65
2.09150,40.37,,8.82
2.09160,40.04,,8.84
2.09170,39.91,,8.82
2.09180,39.51,,8.65
2.09190,39.08,,8.56
2.09200,38.34,,8.73
2.09210,38.37,,8.65
2.09220,38.51,,8.82
2.09230,38.32,,8.94
2.09240,38.54,,8.73
2.09250,38.63,,8.75
2.09260,38.80,,8.73
2.09270,38.53,,8.75
2.09280,38.12,,8.65
2.09290,38.07,,8.63
2.09300,38.24,,8.75
2.09310,38.41,,8.73
2.09320,38.47,,8.84
2.09330,38.47,,8.73
2.09340,38.70,,8.84
2.09350,38.94,,8.73
2.09360,39.29,,8.75
2.09370,39.25,,8.63
2.09380,39.53,,8.65
2.09390,39.65,,8.75
2.09400,39.80,,8.63
2.09410,39.75,,8.65
2.09420,39.63,,8.73
2.09430,39.68,,8.75
2.09440,39.87,,8.73
2.09450,39.86,,8.65
2.09460,39.89,,8.54
2.09470,39.59,,8.56
2.09480,39.31,,8.56
2.09490,39.13,,8.73
2.09500,39.09,,8.65
2.09510,39.12,,8.63
2.09520,39.36,,8.65
2.09530,39.48,,8.54
2.09540,39.47,,8.56
2.09550,39.75,,8.63
2.09560,39.84,,8.56
2.09570,39.49,,8.45
2.09580,39.49,,8.47
2.09590,39.63,,8.47
2.09600,40.02,,8.54
2.09610,40.20,,8.65
2.09620,40.48,,8.45
2.09630,40.16,,8.38
2.09640,39.90,,8.19
2.09650,39.71,,8.30
2.09660,40.24,,8.45
2.09670,40.45,,8.56
2.09680,40.62,,8.38
2.09690,40.58,,8.27
2.09700,40.59,,8.21
2.09710,40.71,,8.27
2.09720,40.61,,8.38
2.09730,40.63,,8.45
2.09740,40.66,,8.30
2.09750,40.96,,8.19
2.09760,40.96,,8.05
2.09770,40.72,,8.10
2.09780,41.36,,8.21
2.09790,41.55,,8.30
2.09800,41.46,,8.36
2.09810,41.12,,8.21
2.09820,40.68,,7.86
2.09830,40.12,,7.89
2.09840,40.16,,8.02
2.09850,40.37,,8.05
2.09860,41.09,,8.10
2.09870,41.30,,7.97
2.09880,41.48,,7.97
2.09890,41.57,,7.94
2.09900,41.61,,8.05
2.09910,42.17,,8.02
2.09920,41.95,,7.81
2.09930,41.79,,7.56
2.09940,41.68,,7.59
2.09950,41.62,,7.86
2.09960,41.67,,7.97
2.09970,42.08,,8.02
2.09980,41.99,,7.74
2.09990,42.08,,7.59
2.10000,41.79,,7.49
2.10010,41.87,,7.74
2.10020,42.04,,7.79
2.10030,43.28,,7.74
2.10040,42.71,,7.42
2.10050,41.83,,7.32
2.10060,42.30,,7.49
2.10070,42.57,,7.66
2.10080,42.89,,7.89
2.10090,43.45,,7.64
2.10100,44.03,,7.45
2.10110,44.41,,7.49
2.10120,44.66,,7.38
2.10130,45.18,,7.42
2.10140,45.70,,7.45
2.10150,45.93,,7.49
2.10160,46.08,,7.45
2.10170,46.22,,7.49
2.10180,46.46,,7.45
2.10190,46.93,,7.45
2.10200,47.00,,7.49
2.10210,47.74,,7.45
2.10220,47.81,,7.35
2.10230,47.96,,7.38
2.10240,48.12,,7.42
2.10250,48.56,,7.45
2.10260,48.94,,7.42
2.10270,49.31,,7.52
2.10280,49.55,,7.45
2.10290,49.51,,7.29
2.10300,49.32,,7.38
2.10310,49.60,,7.29
2.10320,49.77,,7.38
2.10330,50.34,,7.35
2.10340,50.41,,7.45
2.10350,50.86,,7.29
2.10360,51.11,,7.32
2.10370,51.28,,7.29
2.10380,51.21,,7.32
2.10390,51.64,,7.32
2.10400,52.27,,7.35
2.10410,52.26,,7.45
2.10420,52.77,,7.35
2.10430,53.03,,7.32
2.10440,53.39,,7.22
2.10450,53.44,,7.32
2.10460,53.74,,7.29
2.10470,53.83,,7.32
2.10480,53.78,,7.32
2.10490,54.23,,7.29
2.10500,54.35,,7.32
2.10510,54.71,,7.29
2.10520,55.18,,7.32
2.10530,55.36,,7.15
2.10540,55.63,,7.19
2.10550,55.63,,7.29
2.10560,55.58,,7.38
2.10570,55.47,,7.35
2.10580,55.62,,7.32
2.10590,55.96,,7.19
2.10600,55.70,,7.22
2.10610,56.12,,7.19
2.10620,56.25,,7.22
2.10630,56.23,,7.32
2.10640,56.65,,7.35
2.10650,57.10,,7.45
2.10660,57.35,,7.35
2.10670,57.65,,7.32
2.10680,58.17,,7.32
2.10690,58.46,,7.22
2.10700,58.77,,7.38
2.10710,58.89,,7.35
2.10720,58.98,,7.38
2.10730,59.02,,7.49
2.10740,58.81,,7.45
2.10750,59.72,,7.35
2.10760,59.80,,7.32
2.10770,59.83,,7.35
2.10780,60.75,,7.32
2.10790,60.90,,7.45
2.10800,60.88,,7.49
2.10810,60.93,,7.45
2.10820,61.49,,7.49
2.10830,61.36,,7.45
2.10840,60.93,,7.35
2.10850,60.32,,7.38
2.10860,60.20,,7.56
2.10870,60.69,,7.59
2.10880,60.83,,7.49
2.10890,60.21,,7.45
2.10900,59.49,,7.32
2.10910,59.08,,7.49
2.10920,59.07,,7.74
2.10930,59.30,,7.71
2.10940,59.68,,7.59
2.10950,59.22,,7.42
2.10960,59.40,,7.45
2.10970,59.15,,7.71
2.10980,59.08,,7.66
2.10990,59.09,,7.59
2.11000,59.27,,7.56
2.11010,59.40,,7.52
2.11020,59.77,,7.71
2.11030,59.68,,7.89
2.11040,59.74,,7.71
2.11050,59.57,,7.66
2.11060,59.70,,7.56
2.11070,59.58,,7.66
2.11080,59.41,,7.79
2.11090,59.32,,7.81
2.11100,59.35,,7.74
2.11110,58.98,,7.64
2.11120,58.40,,7.74
2.11130,57.89,,7.94
2.11140,57.45,,7.89
2.11150,57.45,,7.79
2.11160,57.71,,7.74
2.11170,57.68,,7.86
2.11180,57.85,,7.81
2.11190,58.07,,7.89
2.11200,57.97,,7.94
2.11210,58.18,,7.89
2.11220,58.29,,8.02
2.11230,58.25,,7.97
2.11240,57.84,,8.02
2.11250,57.66,,7.97
2.11260,57.30,,7.86
2.11270,56.71,,7.89
2.11280,56.41,,8.02
2.11290,56.62,,8.21
2.11300,56.46,,8.13
2.11310,56.71,,8.02
2.11320,56.05,,7.89
2.11330,55.38,,7.94
2.11340,55.36,,8.21
2.11350,55.21,,8.27
2.11360,55.04,,8.21
2.11370,55.01,,8.10
2.11380,55.23,,8.05
2.11390,55.25,,7.97
2.11400,55.17,,8.27
2.11410,55.23,,8.38
2.11420,55.65,,8.36
2.11430,55.98,,8.21
2.11440,55.79,,8.02
2.11450,55.64,,8.05
2.11460,55.23,,8.27
2.11470,55.33,,8.47
2.11480,55.76,,8.45
2.11490,55.86,,8.38
2.11500,55.60,,8.21
2.11510,55.78,,8.27
2.11520,55.91,,8.38
2.11530,55.94,,8.45
2.11540,55.68,,8.56
2.11550,55.20,,8.27
2.11560,54.70,,8.21
2.11570,54.75,,8.36
2.11580,54.74,,8.56
2.11590,54.91,,8.56
2.11600,55.01,,8.54
2.11610,54.36,,8.47
2.11620,53.97,,8.45
2.11630,53.41,,8.30
2.11640,53.08,,8.63
2.11650,52.69,,8.65
2.11660,52.83,,8.63
2.11670,52.59,,8.75
2.11680,52.22,,8.54
2.11690,51.90,,8.56
2.11700,51.53,,8.38
2.11710,51.32,,8.54
2.11720,51.24,,8.75
2.11730,51.34,,8.92
2.11740,51.65,,8.84
2.11750,52.08,,8.54
2.11760,51.83,,8.38
2.11770,52.05,,8.63
2.11780,52.86,,8.75
2.11790,53.68,,8.75
2.11800,53.81,,9.02
2.11810,53.93,,8.75
2.11820,53.94,,8.54
2.11830,53.36,,8.56
2.11840,53.22,,8.82
2.11850,54.13,,9.04
2.11860,54.09,,8.92
2.11870,54.01,,8.75
2.11880,53.70,,8.63
2.11890,53.79,,8.75
2.11900,53.92,,8.84
2.11910,53.58,,9.02
2.11920,52.51,,8.94
2.11930,53.35,,8.82
2.11940,53.57,,8.75
2.11950,53.66,,8.82
2.11960,53.64,,8.94
2.11970,53.70,,9.13
2.11980,52.80,,9.04
2.11990,52.69,,8.75
2.12000,52.59,,8.82
2.12010,52.79,,8.94
2.12020,52.67,,8.92
2.12030,52.60,,9.04
2.12040,52.72,,9.13
2.12050,52.41,,9.04
2.12060,52.37,,9.02
2.12070,52.26,,8.94
2.12080,52.26,,9.02
2.12090,52.36,,9.15
2.12100,52.35,,9.15
2.12110,52.69,,9.02
2.12120,52.23,,9.15
2.12130,52.13,,9.02
2.12140,51.87,,9.15
2.12150,51.56,,9.02
2.12160,51.24,,9.15
2.12170,51.21,,9.23
2.12180,51.05,,9.25
2.12190,50.82,,9.15
2.12200,50.92,,9.23
2.12210,50.65,,9.25
2.12220,50.31,,9.23
2.12230,50.29,,9.15
2.12240,49.82,,9.23
2.12250,49.49,,9.15
2.12260,49.49,,9.23
2.12270,49.37,,9.25
2.12280,49.79,,9.23
2.12290,49.60,,9.25
2.12300,49.37,,9.36
2.12310,49.66,,9.45
2.12320,49.79,,9.25
2.12330,49.51,,9.23
2.12340,49.69,,9.25
2.12350,50.14,,9.34
2.12360,50.14,,9.36
2.12370,50.29,,9.23
2.12380,50.44,,9.25
2.12390,50.52,,9.36
2.12400,50.78,,9.45
2.12410,50.98,,9.36
2.12420,50.85,,9.45
2.12430,51.19,,9.36
2.12440,51.46,,9.23
2.12450,51.17,,9.25
2.12460,51.11,,9.45
2.12470,51.66,,9.47
2.12480,52.23,,9.57
2.12490,52.19,,9.47
2.12500,52.34,,9.36
2.12510,52.46,,9.23
2.12520,52.64,,9.25
2.12530,52.87,,9.34
2.12540,52.90,,9.58
2.12550,52.82,,9.45
2.12560,52.54,,9.58
2.12570,52.53,,9.57
2.12580,52.26,,9.47
2.12590,51.88,,9.36
2.12600,51.85,,9.45
2.12610,51.57,,9.47
2.12620,51.71,,9.45
2.12630,51.49,,9.58
2.12640,51.22,,9.57
2.12650,50.93,,9.58
2.12660,50.68,,9.45
2.12670,50.61,,9.47
2.12680,50.62,,9.57
2.12690,50.42,,9.58
2.12700,49.96,,9.47
2.12710,49.43,,9.45
2.12720,49.64,,9.47
2.12730,49.81,,9.69
2.12740,49.41,,9.58
2.12750,48.72,,9.45
2.12760,47.86,,9.36
2.12770,47.05,,9.45
2.12780,46.90,,9.47
2.12790,46.85,,9.70
2.12800,46.18,,9.69
2.12810,45.61,,9.70
2.12820,44.83,,9.69
2.12830,44.19,,9.58
2.12840,43.46,,9.57
2.12850,43.14,,9.47
2.12860,43.27,,9.57
2.12870,42.72,,9.58
2.12880,41.80,,9.80
2.12890,40.32,,9.70
2.12900,38.42,,9.58
2.12910,36.76,,9.57
2.12920,34.60,,9.58
2.12930,33.04,,9.45
2.12940,31.89,,9.58
2.12950,30.82,,9.93
2.12960,28.19,,9.70
2.12970,24.26,,9.69
2.12980,22.96,,9.47
2.12990,22.86,,9.47
2.13000,23.58,,9.69
2.13010,24.09,,9.81
2.13020,25.11,,9.80
2.13030,25.67,,9.70
2.13040,26.71,,9.69
2.13050,26.83,,9.58
2.13060,26.20,,9.45
2.13070,26.19,,9.58
2.13080,25.79,,9.57
2.13090,26.51,,9.81
2.13100,26.99,,9.81
2.13110,27.00,,9.80
2.13120,26.66,,9.58
2.13130,26.87,,9.45
2.13140,27.20,,9.58
2.13150,27.55,,9.69
2.13160,27.24,,9.70
2.13170,26.75,,9.57
2.13180,26.87,,9.58
2.13190,27.53,,9.47
2.13200,27.97,,9.57
2.13210,29.44,,9.47
2.13220,30.14,,9.57
2.13230,30.73,,9.47
2.13240,31.87,,9.57
2.13250,33.05,,9.58
2.13260,34.03,,9.69
2.13270,34.73,,9.47
2.13280,34.91,,9.34
2.13290,34.84,,9.47
2.13300,34.93,,9.36
2.13310,35.61,,9.57
2.13320,36.47,,9.58
2.13330,37.42,,9.93
2.13340,38.11,,9.81
2.13350,38.53,,9.57
2.13360,39.00,,9.36
2.13370,39.00,,9.23
2.13380,39.88,,9.47
2.13390,41.05,,9.57
2.13400,41.82,,9.70
2.13410,42.77,,9.81
2.13420,44.21,,9.69
2.13430,45.09,,9.47
2.13440,45.91,,9.34
2.13450,46.49,,9.36
2.13460,47.21,,9.57
2.13470,47.82,,9.70
2.13480,48.29,,9.80
2.13490,48.65,,9.58
2.13500,48.65,,9.47
2.13510,48.78,,9.34
2.13520,49.70,,9.47
2.13530,50.66,,9.57
2.13540,51.92,,9.81
2.13550,52.38,,9.80
2.13560,53.23,,9.70
2.13570,53.90,,9.45
2.13580,54.49,,9.47
2.13590,55.17,,9.69
2.13600,55.94,,9.70
2.13610,56.49,,9.70
2.13620,56.90,,9.57
2.13630,57.15,,9.47
2.13640,57.79,,9.45
2.13650,58.33,,9.47
2.13660,58.96,,9.57
2.13670,59.41,,9.81
2.13680,59.91,,9.69
2.13690,60.16,,9.70
2.13700,60.59,,9.47
2.13710,60.97,,9.45
2.13720,61.72,,9.47
2.13730,61.90,,9.69
2.13740,62.12,,9.70
2.13750,62.76,,9.69
2.13760,62.77,,9.58
2.13770,62.93,,9.57
2.13780,63.24,,9.47
2.13790,63.55,,9.45
2.13800,63.74,,9.70
2.13810,63.98,,9.58
2.13820,64.36,,9.69
2.13830,64.75,,9.70
2.13840,65.33,,9.57
2.13850,65.68,,9.58
2.13860,65.68,,9.45
2.13870,65.76,,9.58
2.13880,66.19,,9.80
2.13890,66.52,,9.70
2.13900,66.82,,9.58
2.13910,66.95,,9.45
2.13920,66.97,,9.58
2.13930,67.50,,9.69
2.13940,67.89,,9.81
2.13950,68.30,,9.80
2.13960,68.55,,9.58
2.13970,68.83,,9.57
2.13980,69.18,,9.47
2.13990,69.61,,9.45
2.14000,69.90,,9.81
2.14010,69.93,,9.94
2.14020,70.27,,9.93
2.14030,70.35,,9.81
2.14040,70.37,,9.57
2.14050,70.63,,9.36
2.14060,70.56,,9.57
2.14070,70.72,,9.81
2.14080,71.04,,9.80
2.14090,71.08,,9.81
2.14100,71.61,,9.81
2.14110,71.33,,9.57
2.14120,71.32,,9.58
2.14130,71.34,,9.69
2.14140,71.39,,9.81
2.14150,71.19,,9.80
2.14160,71.10,,9.94
2.14170,70.94,,9.80
2.14180,70.76,,9.58
2.14190,70.67,,9.69
2.14200,70.88,,9.81
2.14210,70.82,,9.81
2.14220,70.48,,9.93
2.14230,70.23,,9.81
2.14240,70.10,,9.69
2.14250,69.93,,9.70
2.14260,70.18,,9.80
2.14270,70.26,,9.81
2.14280,70.60,,9.93
2.14290,71.07,,10.06
2.14300,71.34,,9.70
2.14310,71.04,,9.69
2.14320,70.96,,9.58
2.14330,70.91,,9.80
2.14340,70.77,,9.94
2.14350,70.52,,10.05
2.14360,69.88,,9.94
2.14370,69.48,,9.80
2.14380,69.68,,9.81
2.14390,69.21,,9.69
2.14400,68.86,,9.81
2.14410,68.36,,10.06
2.14420,68.22,,9.93
2.14430,67.21,,9.81
2.14440,67.11,,9.80
2.14450,67.51,,9.70
2.14460,67.12,,9.93
2.14470,66.80,,9.94
2.14480,66.08,,10.05
2.14490,65.43,,9.94
2.14500,64.30,,9.94
2.14510,63.61,,9.80
2.14520,63.33,,9.81
2.14530,63.26,,9.93
2.14540,62.77,,10.06
2.14550,62.70,,10.18
2.14560,61.87,,9.81
2.14570,61.68,,9.93
2.14580,61.60,,9.81
2.14590,62.23,,9.93
2.14600,61.61,,10.19
2.14610,61.02,,10.19
2.14620,60.52,,9.93
2.14630,59.26,,9.94
2.14640,59.18,,9.80
2.14650,59.14,,9.81
2.14660,58.36,,9.93
2.14670,58.10,,10.06
2.14680,57.97,,10.18
2.14690,58.10,,10.06
2.14700,57.68,,10.06
2.14710,56.79,,9.80
2.14720,56.99,,9.94
2.14730,56.79,,10.05
2.14740,56.71,,10.19
2.14750,57.00,,10.05
2.14760,56.79,,10.06
2.14770,56.17,,9.93
2.14780,56.37,,9.94
2.14790,56.37,,9.93
2.14800,56.56,,10.19
2.14810,56.78,,10.19
2.14820,56.33,,9.93
2.14830,56.50,,10.06
2.14840,57.20,,10.05
2.14850,57.74,,10.06
2.14860,57.94,,10.18
2.14870,57.84,,10.06
2.14880,57.42,,9.93
2.14890,57.30,,10.06
2.14900,58.06,,9.94
2.14910,58.81,,10.18
2.14920,59.06,,10.06
2.14930,58.53,,10.05
2.14940,58.55,,10.19
2.14950,58.25,,10.05
2.14960,57.86,,9.94
2.14970,56.79,,10.05
2.14980,56.81,,10.06
2.14990,58.26,,10.18
2.15000,58.56,,10.32
2.15010,58.49,,10.32
2.15020,58.40,,10.18
2.15030,58.12,,10.06
2.15040,57.14,,9.93
2.15050,56.58,,9.94
2.15060,56.41,,10.18
2.15070,56.64,,10.32
2.15080,56.25,,10.45
2.15090,55.13,,10.19
2.15100,54.57,,10.06
2.15110,54.84,,10.05
2.15120,54.61,,10.19
2.15130,53.88,,10.31
2.15140,52.92,,10.32
2.15150,51.96,,10.18
2.15160,51.75,,10.19
2.15170,52.24,,10.05
2.15180,51.66,,10.06
2.15190,52.46,,10.18
2.15200,52.89,,10.32
2.15210,53.73,,10.19
2.15220,54.30,,10.45
2.15230,53.57,,10.45
2.15240,54.72,,10.18
2.15250,54.46,,10.19
2.15260,54.77,,10.05
2.15270,56.72,,10.06
2.15280,57.44,,10.31
2.15290,58.73,,10.32
2.15300,59.61,,10.45
2.15310,59.39,,10.31
2.15320,60.17,,10.32
2.15330,60.20,,10.45
2.15340,60.07,,10.32
2.15350,58.42,,10.31
2.15360,56.96,,10.32
2.15370,55.87,,10.05
2.15380,54.58,,10.06
2.15390,53.42,,10.05
2.15400,54.19,,10.32
2.15410,54.82,,10.45
2.15420,54.94,,10.59
2.15430,54.66,,10.59
2.15440,54.27,,10.31
2.15450,53.68,,10.32
2.15460,53.46,,10.18
2.15470,53.22,,10.32
2.15480,52.07,,10.31
2.15490,52.59,,10.45
2.15500,52.74,,10.45
2.15510,52.74,,10.18
2.15520,52.72,,10.19
2.15530,52.98,,10.31
2.15540,53.62,,10.45
2.15550,53.48,,10.59
2.15560,53.31,,10.73
2.15570,52.79,,10.59
2.15580,52.17,,10.19
2.15590,52.02,,10.18
2.15600,51.85,,10.06
2.15610,51.63,,10.32
2.15620,51.42,,10.59
2.15630,51.28,,10.73
2.15640,50.96,,10.59
2.15650,50.64,,10.45
2.15660,49.79,,10.31
2.15670,48.72,,10.19
2.15680,46.77,,10.31
2.15690,47.52,,10.59
2.15700,47.46,,10.73
2.15710,47.00,,10.73
2.15720,46.26,,10.45
2.15730,45.77,,10.31
2.15740,45.34,,10.19
2.15750,45.71,,10.31
2.15760,45.93,,10.45
2.15770,45.50,,10.73
2.15780,45.28,,10.73
2.15790,45.20,,10.59
2.15800,45.03,,10.45
2.15810,45.35,,10.32
2.15820,45.26,,10.45
2.15830,45.22,,10.45
2.15840,45.39,,10.59
2.15850,45.42,,10.73
2.15860,45.45,,10.59
2.15870,45.56,,10.59
2.15880,45.60,,10.45
2.15890,45.48,,10.32
2.15900,45.32,,10.45
2.15910,45.59,,10.59
2.15920,45.77,,10.73
2.15930,45.65,,10.59
2.15940,45.64,,10.73
2.15950,45.88,,10.45
2.15960,45.93,,10.45
2.15970,46.22,,10.45
2.15980,46.53,,10.59
2.15990,46.99,,10.59
2.16000,47.05,,10.59
2.16010,47.41,,10.59
2.16020,47.22,,10.45
2.16030,47.36,,10.59
2.16040,47.31,,10.59
2.16050,47.34,,10.73
2.16060,47.21,,10.59
2.16070,46.64,,10.59
2.16080,46.32,,10.45
2.16090,46.77,,10.45
2.16100,47.22,,10.31
2.16110,47.64,,10.73
2.16120,48.18,,10.73
2.16130,48.89,,10.73
2.16140,49.02,,10.73
2.16150,49.63,,10.59
2.16160,50.27,,10.45
2.16170,50.72,,10.45
2.16180,51.10,,10.59
2.16190,51.46,,10.73
2.16200,51.86,,10.73
2.16210,52.15,,10.73
2.16220,52.57,,10.59
2.16230,52.45,,10.59
2.16240,52.35,,10.59
2.16250,52.32,,10.45
2.16260,52.13,,10.59
2.16270,52.30,,10.59
2.16280,53.01,,10.73
2.16290,53.38,,10.73
2.16300,53.82,,10.73
2.16310,53.80,,10.73
2.16320,54.07,,10.59
2.16330,54.52,,10.59
2.16340,54.62,,10.59
2.16350,54.64,,10.59
2.16360,54.84,,10.73
2.16370,55.13,,10.59
2.16380,55.35,,10.73
2.16390,55.70,,10.59
2.16400,55.81,,10.73
2.16410,55.97,,10.73
2.16420,56.22,,10.73
2.16430,56.52,,10.59
2.16440,56.90,,10.73
2.16450,57.12,,10.59
2.16460,57.27,,10.59
2.16470,57.44,,10.73
2.16480,57.76,,10.73
2.16490,58.38,,10.88
2.16500,58.58,,10.73
2.16510,58.53,,10.73
2.16520,58.51,,10.59
2.16530,58.43,,10.59
2.16540,57.91,,10.59
2.16550,57.73,,10.73
2.16560,57.76,,10.73
2.16570,57.89,,10.73
2.16580,57.78,,10.88
2.16590,57.62,,10.88
2.16600,57.57,,10.59
2.16610,57.59,,10.59
2.16620,57.62,,10.73
2.16630,57.70,,10.59
2.16640,57.68,,10.73
2.16650,57.69,,10.88
2.16660,57.56,,10.73
2.16670,57.62,,10.88
2.16680,57.84,,10.68
2.16690,58.00,,10.64
2.16700,58.07,,10.73
2.16710,57.85,,10.73
2.16720,57.29,,10.88
2.16730,56.86,,10.73
2.16740,56.94,,10.88
2.16750,56.70,,10.83
2.16760,56.50,,10.64
2.16770,56.56,,10.73
2.16780,56.22,,10.73
2.16790,56.41,,10.73
2.16800,56.28,,10.73
2.16810,56.54,,10.88
2.16820,56.84,,10.73
2.16830,56.80,,10.88
2.16840,56.56,,10.88
2.16850,56.29,,10.73
2.16860,56.22,,10.73
2.16870,56.08,,10.73
2.16880,56.09,,10.88
2.16890,56.12,,10.88
2.16900,56.24,,10.88
2.16910,56.00,,10.78
2.16920,55.82,,10.83
2.16930,55.76,,10.73
2.16940,56.27,,10.73
2.16950,56.15,,10.88
2.16960,56.23,,10.88
2.16970,56.03,,11.03
2.16980,55.99,,10.88
2.16990,56.10,,10.88
2.17000,56.37,,10.73
2.17010,56.82,,10.59
2.17020,57.07,,10.88
2.17030,57.53,,10.88
2.17040,57.92,,11.03
2.17050,58.19,,11.02
2.17060,58.26,,10.88
2.17070,58.31,,10.88
2.17080,58.31,,10.73
2.17090,58.23,,10.59
2.17100,58.19,,10.73
2.17110,58.26,,10.88
2.17120,58.69,,11.02
2.17130,58.98,,11.03
2.17140,58.83,,11.02
2.17150,58.81,,10.73
2.17160,58.95,,10.73
2.17170,59.69,,10.73
2.17180,60.33,,10.88
2.17190,60.77,,11.03
2.17200,60.75,,11.02
2.17210,61.05,,11.02
2.17220,61.10,,10.88
2.17230,61.28,,10.73
2.17240,61.78,,10.73
2.17250,61.78,,10.88
2.17260,61.52,,11.03
2.17270,61.71,,10.88
2.17280,61.25,,11.03
2.17290,61.36,,10.88
2.17300,61.89,,10.88
2.17310,62.63,,10.73
2.17320,62.67,,10.88
2.17330,62.18,,10.88
2.17340,62.03,,10.88
2.17350,62.27,,11.03
2.17360,62.33,,10.88
2.17370,62.37,,11.03
2.17380,62.17,,10.88
2.17390,62.00,,10.88
2.17400,61.97,,11.02
2.17410,62.09,,10.88
2.17420,61.89,,10.88
2.17430,61.46,,11.02
2.17440,61.34,,10.88
2.17450,61.32,,10.92
2.17460,61.15,,11.03
2.17470,60.74,,11.07
2.17480,60.19,,10.93
2.17490,59.88,,11.02
2.17500,59.43,,10.88
2.17510,59.41,,10.88
2.17520,59.43,,10.88
2.17530,59.46,,11.03
2.17540,59.01,,11.02
2.17550,58.69,,11.03
2.17560,58.75,,11.02
2.17570,58.62,,10.88
2.17580,58.38,,10.88
2.17590,57.77,,10.88
2.17600,57.80,,11.02
2.17610,57.38,,11.02
2.17620,56.95,,11.03
2.17630,56.15,,11.02
2.17640,55.59,,11.03
2.17650,54.97,,11.02
2.17660,54.16,,10.88
2.17670,53.34,,11.02
2.17680,52.68,,10.88
2.17690,52.97,,11.18
2.17700,52.60,,11.19
2.17710,51.94,,11.07
2.17720,51.60,,11.07
2.17730,51.46,,10.93
2.17740,51.55,,10.88
2.17750,51.72,,10.88
2.17760,51.88,,11.02
2.17770,51.70,,11.19
2.17780,50.66,,11.18
2.17790,49.66,,11.03
2.17800,49.13,,11.02
2.17810,48.62,,10.73
2.17820,48.44,,10.98
2.17830,48.16,,11.07
2.17840,47.43,,11.19
2.17850,47.08,,11.33
2.17860,46.91,,11.19
2.17870,46.46,,11.02
2.17880,46.13,,11.03
2.17890,45.77,,10.88
2.17900,45.31,,10.88
2.17910,45.49,,11.02
2.17920,45.23,,11.18
2.17930,45.40,,11.19
2.17940,45.20,,11.18
2.17950,44.98,,11.03
2.17960,44.71,,11.02
2.17970,44.80,,11.03
2.17980,44.43,,11.02
2.17990,43.85,,11.03
2.18000,43.12,,11.18
2.18010,42.80,,11.18
2.18020,42.76,,11.03
2.18030,42.68,,11.18
2.18040,42.62,,11.03
2.18050,42.60,,11.02
2.18060,42.47,,11.19
2.18070,41.90,,11.02
2.18080,41.38,,11.03
2.18090,41.80,,11.18
2.18100,41.92,,11.03
2.18110,41.88,,11.18
2.18120,41.83,,11.02
2.18130,41.74,,11.19
2.18140,41.54,,11.02
2.18150,41.26,,11.19
2.18160,41.03,,11.02
2.18170,40.91,,11.03
2.18180,40.78,,11.18
2.18190,40.75,,11.08
2.18200,40.74,,11.18
2.18210,40.80,,11.13
2.18220,40.77,,11.19
2.18230,40.71,,11.02
2.18240,40.63,,11.19
2.18250,40.29,,11.02
2.18260,40.23,,11.03
2.18270,40.34,,11.02
2.18280,40.38,,11.03
2.18290,40.88,,11.07
2.18300,41.32,,11.13
2.18310,41.22,,11.18
2.18320,41.16,,11.18
2.18330,41.34,,11.19
2.18340,41.44,,11.18
2.18350,41.39,,11.03
2.18360,41.29,,11.02
2.18370,41.44,,11.03
2.18380,41.91,,11.02
2.18390,42.05,,11.19
2.18400,42.17,,11.18
2.18410,42.02,,11.33
2.18420,42.08,,11.19
2.18430,41.82,,11.18
2.18440,42.25,,10.88
2.18450,42.59,,11.02
2.18460,43.03,,10.88
2.18470,43.02,,11.18
2.18480,43.32,,11.08
2.18490,44.11,,11.13
2.18500,44.32,,11.19
2.18510,44.71,,11.02
2.18520,45.02,,11.02
2.18530,45.17,,11.03
2.18540,45.51,,11.02
2.18550,46.21,,11.19
2.18560,46.76,,11.18
2.18570,47.36,,11.13
2.18580,47.47,,11.07
2.18590,47.83,,11.19
2.18600,48.08,,11.18
2.18610,48.25,,10.88
2.18620,48.30,,10.88
2.18630,48.83,,11.02
2.18640,49.47,,10.88
2.18650,50.05,,11.18
2.18660,50.26,,11.03
2.18670,50.87,,11.18
2.18680,51.04,,11.19
2.18690,51.47,,11.18
2.18700,51.72,,11.19
2.18710,51.71,,10.88
2.18720,51.71,,10.88
2.18730,52.56,,10.88
2.18740,53.51,,10.88
2.18750,54.18,,11.03
2.18760,54.81,,11.23
2.18770,55.26,,11.29
2.18780,55.78,,11.18
2.18790,56.05,,11.03
2.18800,56.77,,11.02
2.18810,57.33,,11.03
2.18820,57.63,,10.88
2.18830,57.80,,11.02
2.18840,58.30,,10.88
2.18850,58.72,,11.02
2.18860,59.09,,11.03
2.18870,59.36,,11.13
2.18880,59.70,,11.08
2.18890,59.70,,11.02
2.18900,60.20,,10.88
2.18910,60.50,,10.88
2.18920,61.32,,11.02
2.18930,62.12,,11.03
2.18940,62.87,,11.07
2.18950,63.03,,11.24
2.18960,62.59,,11.07
2.18970,62.74,,11.03
2.18980,63.16,,10.73
2.18990,63.37,,10.73
2.19000,63.78,,10.73
2.19010,64.41,,10.88
2.19020,64.67,,11.18
2.19030,65.15,,11.18
2.19040,65.39,,11.19
2.19050,65.27,,11.18
2.19060,65.16,,10.88
2.19070,64.67,,10.88
2.19080,64.30,,10.73
2.19090,64.04,,10.88
2.19100,64.05,,11.03
2.19110,64.72,,11.02
2.19120,64.56,,11.28
2.19130,64.32,,11.08
2.19140,63.83,,11.02
2.19150,63.23,,10.73
2.19160,62.59,,10.73
2.19170,62.40,,11.03
2.19180,61.86,,10.88
2.19190,60.74,,10.88
2.19200,60.74,,11.02
2.19210,62.85,,10.88
2.19220,64.02,,10.88
2.19230,64.18,,11.02
2.19240,64.12,,11.08
2.19250,64.06,,11.28
2.19260,63.35,,11.19
2.19270,61.88,,11.02
2.19280,61.01,,10.88
2.19290,60.54,,10.59
2.19300,61.00,,10.73
2.19310,60.86,,10.88
2.19320,60.11,,11.18
2.19330,58.85,,11.19
2.19340,58.38,,11.02
2.19350,58.28,,10.88
2.19360,58.50,,10.88
2.19370,58.79,,10.73
2.19380,59.16,,10.88
2.19390,59.49,,11.13
2.19400,59.78,,11.07
2.19410,60.23,,11.03
2.19420,60.76,,11.02
2.19430,60.79,,10.73
2.19440,60.50,,10.73
2.19450,60.03,,10.73
2.19460,60.15,,10.88
2.19470,60.45,,10.88
2.19480,60.63,,11.03
2.19490,60.43,,11.02
2.19500,59.96,,11.03
2.19510,59.41,,10.88
2.19520,58.60,,10.73
2.19530,59.00,,10.73
2.19540,59.49,,10.73
2.19550,59.16,,10.88
2.19560,58.73,,11.02
2.19570,57.92,,11.03
2.19580,57.63,,10.88
2.19590,57.01,,10.88
2.19600,56.26,,10.88
2.19610,55.77,,10.73
2.19620,54.70,,10.88
2.19630,54.52,,10.88
2.19640,54.18,,10.88
2.19650,53.95,,10.73
2.19660,53.50,,11.03
2.19670,53.26,,10.88
2.19680,52.78,,10.73
2.19690,52.38,,11.02
2.19700,52.42,,10.88
2.19710,52.46,,10.88
2.19720,51.82,,10.73
2.19730,51.06,,10.88
2.19740,50.80,,10.88
2.19750,50.40,,10.73
2.19760,49.87,,11.02
2.19770,49.45,,10.88
2.19780,49.11,,11.02
2.19790,48.76,,10.73
2.19800,48.15,,10.73
2.19810,48.52,,10.73
2.19820,49.24,,10.73
2.19830,50.01,,10.73
2.19840,50.42,,11.03
2.19850,51.02,,11.18
2.19860,51.26,,10.93
2.19870,51.40,,10.97
2.19880,51.51,,10.59
2.19890,52.05,,10.59
2.19900,52.30,,10.59
2.19910,52.88,,10.88
2.19920,53.22,,10.88
2.19930,53.08,,10.88
2.19940,53.76,,10.73
2.19950,54.19,,10.88
2.19960,54.44,,10.59
2.19970,54.79,,10.73
2.19980,55.07,,11.02
2.19990,55.66,,10.88
2.20000,56.27,,10.73
2.20010,56.68,,10.73
2.20020,57.03,,10.73
2.20030,57.07,,10.73
2.20040,57.39,,10.73
2.20050,57.45,,10.88
2.20060,56.96,,10.88
2.20070,56.29,,10.45
2.20080,56.20,,10.45
2.20090,56.65,,10.59
2.20100,58.53,,10.73
2.20110,58.57,,10.88
2.20120,58.04,,11.02
2.20130,57.77,,10.88
2.20140,57.37,,10.59
2.20150,56.95,,10.59
2.20160,57.31,,10.45
2.20170,57.55,,10.45
2.20180,57.75,,10.78
2.20190,58.13,,10.98
2.20200,58.55,,10.88
2.20210,58.88,,10.88
2.20220,58.80,,10.59
2.20230,59.09,,10.45
2.20240,59.67,,10.45
2.20250,59.50,,10.59
2.20260,59.33,,10.88
2.20270,59.26,,10.88
2.20280,57.82,,10.73
2.20290,57.82,,10.59
2.20300,58.14,,10.45
2.20310,58.66,,10.45
2.20320,58.85,,10.73
2.20330,58.69,,10.73
2.20340,58.58,,10.73
2.20350,58.41,,10.73
2.20360,58.06,,10.45
2.20370,58.16,,10.45
2.20380,58.37,,10.59
2.20390,58.93,,10.73
2.20400,58.65,,10.88
2.20410,57.76,,10.88
2.20420,57.13,,10.73
2.20430,56.78,,10.45
2.20440,56.40,,10.31
2.20450,55.77,,10.19
2.20460,55.11,,10.45
2.20470,54.90,,10.73
2.20480,54.71,,10.88
2.20490,53.41,,10.88
2.20500,53.11,,10.88
2.20510,52.91,,10.45
2.20520,52.61,,10.45
2.20530,52.63,,10.45
2.20540,53.49,,10.88
2.20550,53.60,,10.83
2.20560,51.78,,10.78
2.20570,50.06,,10.59
2.20580,49.14,,10.45
2.20590,48.76,,10.31
2.20600,48.43,,10.32
2.20610,48.82,,10.31
2.20620,49.00,,10.68
2.20630,50.19,,10.92
2.20640,50.97,,10.88
2.20650,51.17,,10.88
2.20660,51.36,,10.73
2.20670,51.30,,10.32
2.20680,51.17,,10.31
2.20690,51.05,,10.32
2.20700,51.37,,10.59
2.20710,51.68,,10.73
2.20720,51.34,,10.88
2.20730,51.96,,10.73
2.20740,52.43,,10.59
2.20750,52.02,,10.45
2.20760,51.94,,10.45
2.20770,51.91,,10.45
2.20780,51.36,,10.59
2.20790,51.03,,10.59
2.20800,51.32,,10.73
2.20810,51.71,,10.59
2.20820,50.04,,10.45
2.20830,49.96,,10.59
2.20840,50.40,,10.59
2.20850,50.62,,10.59
2.20860,50.17,,10.59
2.20870,50.81,,10.45
2.20880,51.52,,10.45
2.20890,51.92,,10.45
2.20900,51.85,,10.59
2.20910,52.01,,10.73
2.20920,52.26,,10.59
2.20930,52.72,,10.73
2.20940,53.06,,10.59
2.20950,53.36,,10.45
2.20960,53.70,,10.45
2.20970,53.60,,10.59
2.20980,53.64,,10.59
2.20990,54.11,,10.73
2.21000,54.37,,10.59
2.21010,54.31,,10.73
2.21020,54.07,,10.45
2.21030,53.52,,10.59
2.21040,53.07,,10.59
2.21050,52.71,,10.45
2.21060,52.20,,10.73
2.21070,51.72,,10.59
2.21080,51.08,,10.59
2.21090,50.36,,10.73
2.21100,50.27,,10.59
2.21110,50.21,,10.45
2.21120,50.23,,10.59
2.21130,50.37,,10.59
2.21140,50.35,,10.88
2.21150,50.65,,10.73
2.21160,50.37,,10.73
2.21170,49.84,,10.59
2.21180,49.67,,10.73
2.21190,49.50,,10.59
2.21200,48.98,,10.73
2.21210,48.58,,10.59
2.21220,48.61,,10.59
2.21230,49.02,,10.59
2.21240,49.62,,10.73
2.21250,49.37,,10.88
2.21260,48.74,,10.88
2.21270,48.16,,10.92
2.21280,48.16,,10.68
2.21290,48.23,,10.59
2.21300,48.17,,10.45
2.21310,48.01,,10.59
2.21320,47.88,,10.59
2.21330,47.86,,10.88
2.21340,48.18,,10.88
2.21350,47.87,,10.73
2.21360,47.37,,10.73
2.21370,46.85,,10.73
2.21380,46.42,,10.59
2.21390,46.23,,10.59
2.21400,45.89,,10.59
2.21410,45.50,,10.88
2.21420,45.47,,10.88
2.21430,45.42,,10.88
2.21440,45.67,,10.88
2.21450,45.63,,10.59
2.21460,45.71,,10.59
2.21470,45.58,,10.59
2.21480,46.08,,10.73
2.21490,46.17,,10.73
2.21500,46.55,,10.88
2.21510,46.79,,11.02
2.21520,46.53,,10.88
2.21530,46.57,,10.88
2.21540,46.22,,10.73
2.21550,45.54,,10.59
2.21560,45.44,,10.45
2.21570,45.20,,10.59
2.21580,45.30,,10.73
2.21590,45.30,,10.88
2.21600,44.93,,11.02
2.21610,44.80,,10.88
2.21620,44.47,,10.73
2.21630,44.55,,10.73
2.21640,44.54,,10.73
2.21650,44.48,,10.59
2.21660,44.56,,10.73
2.21670,45.04,,10.88
2.21680,45.32,,10.88
2.21690,45.62,,10.88
2.21700,45.72,,10.88
2.21710,45.52,,10.73
2.21720,45.63,,10.59
2.21730,45.52,,10.73
2.21740,45.76,,10.88
2.21750,45.87,,11.13
2.21760,45.73,,10.92
2.21770,45.51,,10.88
2.21780,44.95,,10.73
2.21790,45.16,,10.59
2.21800,45.26,,10.59
2.21810,45.16,,10.73
2.21820,45.08,,10.88
2.21830,45.20,,10.88
2.21840,45.21,,10.93
2.21850,45.46,,10.97
2.21860,44.98,,10.73
2.21870,44.86,,10.73
2.21880,44.79,,10.88
2.21890,44.45,,10.73
2.21900,44.21,,10.88
2.21910,44.08,,11.02
2.21920,43.90,,10.88
2.21930,43.87,,10.73
2.21940,43.66,,10.73
2.21950,43.36,,10.73
2.21960,43.15,,10.88
2.21970,42.98,,11.03
2.21980,42.64,,11.02
2.21990,42.27,,11.03
2.22000,42.06,,10.88
2.22010,41.45,,10.73
2.22020,41.03,,10.73
2.22030,40.76,,10.88
2.22040,40.78,,10.73
2.22050,40.49,,10.97
2.22060,40.34,,10.93
2.22070,40.17,,11.02
2.22080,39.84,,10.88
2.22090,39.45,,10.73
2.22100,39.20,,10.59
2.22110,39.20,,10.73
2.22120,39.36,,10.88
2.22130,39.24,,11.02
2.22140,39.05,,11.02
2.22150,38.55,,11.03
2.22160,38.60,,10.73
2.22170,38.45,,10.73
2.22180,38.43,,10.73
2.22190,38.48,,10.88
2.22200,38.45,,10.88
2.22210,38.70,,10.88
2.22220,38.72,,11.02
2.22230,39.10,,10.88
2.22240,39.08,,10.88
2.22250,39.16,,10.73
2.22260,39.75,,10.73
2.22270,39.87,,10.88
2.22280,40.26,,10.88
2.22290,40.42,,10.88
2.22300,40.87,,10.88
2.22310,40.68,,10.88
2.22320,40.69,,10.59
2.22330,40.81,,10.73
2.22340,41.25,,10.73
2.22350,41.38,,11.03
2.22360,41.10,,10.88
2.22370,40.98,,11.03
2.22380,40.48,,10.73
2.22390,40.18,,10.73
2.22400,40.21,,10.59
2.22410,40.27,,10.73
2.22420,40.64,,10.73
2.22430,41.02,,11.02
2.22440,41.17,,11.03
2.22450,40.93,,10.88
2.22460,40.48,,10.88
2.22470,40.26,,10.73
2.22480,39.70,,10.59
2.22490,39.55,,10.73
2.22500,39.77,,10.78
2.22510,40.09,,10.83
2.22520,40.28,,11.03
2.22530,40.40,,10.88
2.22540,40.15,,10.59
2.22550,39.86,,10.73
2.22560,39.68,,10.73
2.22570,39.72,,10.88
2.22580,39.79,,10.73
2.22590,40.57,,10.88
2.22600,41.05,,10.73
2.22610,41.57,,10.88
2.22620,41.59,,10.88
2.22630,41.51,,10.88
2.22640,41.43,,10.88
2.22650,41.68,,10.73
2.22660,41.10,,10.73
2.22670,40.78,,10.73
2.22680,41.23,,10.73
2.22690,41.07,,10.73
2.22700,41.20,,10.73
2.22710,41.42,,10.88
2.22720,41.58,,10.88
2.22730,41.50,,10.88
2.22740,40.85,,10.88
2.22750,40.36,,10.73
2.22760,39.59,,10.59
2.22770,39.96,,10.59
2.22780,39.55,,10.73
2.22790,39.28,,10.59
2.22800,39.74,,10.88
2.22810,40.40,,11.03
2.22820,40.41,,11.02
2.22830,40.10,,10.88
2.22840,40.33,,10.59
2.22850,40.67,,10.59
2.22860,41.81,,10.59
2.22870,42.92,,10.59
2.22880,43.87,,10.88
2.22890,44.76,,11.02
2.22900,45.48,,10.88
2.22910,45.64,,10.88
2.22920,45.86,,10.73
2.22930,46.32,,10.59
2.22940,47.32,,10.45
2.22950,48.05,,10.73
2.22960,48.30,,10.68
2.22970,48.97,,10.78
2.22980,49.30,,10.88
2.22990,50.01,,10.88
2.23000,50.60,,10.59
2.23010,51.08,,10.59
2.23020,51.94,,10.45
2.23030,53.13,,10.73
2.23040,54.92,,10.73
2.23050,55.92,,10.73
2.23060,57.39,,10.73
2.23070,58.69,,10.73
2.23080,60.12,,10.59
2.23090,61.46,,10.59
2.23100,62.78,,10.59
2.23110,63.43,,10.59
2.23120,64.14,,10.73
2.23130,65.11,,10.59
2.23140,66.11,,10.59
2.23150,67.29,,10.59
2.23160,68.18,,10.59
2.23170,69.24,,10.73
2.23180,70.40,,10.73
2.23190,71.14,,10.73
2.23200,71.91,,10.59
2.23210,72.60,,10.45
2.23220,73.31,,10.45
2.23230,74.65,,10.32
2.23240,75.80,,10.59
2.23250,77.18,,10.59
2.23260,78.04,,10.88
2.23270,79.01,,10.78
2.23280,79.97,,10.83
2.23290,80.42,,10.45
2.23300,80.96,,10.31
2.23310,81.69,,10.32
2.23320,82.71,,10.45
2.23330,83.53,,10.45
2.23340,84.02,,10.73
2.23350,84.35,,10.73
2.23360,84.78,,10.73
2.23370,84.78,,10.59
2.23380,85.15,,10.45
2.23390,85.32,,10.45
2.23400,85.62,,10.45
2.23410,85.67,,10.59
2.23420,86.02,,10.73
2.23430,85.96,,10.59
2.23440,86.15,,10.45
2.23450,86.09,,10.45
2.23460,86.13,,10.45
2.23470,86.02,,10.45
2.23480,85.60,,10.59
2.23490,85.29,,10.59
2.23500,85.43,,10.59
2.23510,85.40,,10.45
2.23520,85.03,,10.59
2.23530,84.70,,10.45
2.23540,84.26,,10.59
2.23550,84.30,,10.59
2.23560,84.27,,10.59
2.23570,83.65,,10.45
2.23580,82.38,,10.59
2.23590,81.18,,10.59
2.23600,80.51,,10.32
2.23610,79.87,,10.45
2.23620,79.30,,10.45
2.23630,78.95,,10.59
2.23640,78.07,,10.59
2.23650,77.70,,10.59
2.23660,76.80,,10.59
2.23670,76.23,,10.59
2.23680,75.20,,10.31
2.23690,73.75,,10.45
2.23700,72.82,,10.45
2.23710,71.82,,10.45
2.23720,71.00,,10.31
2.23730,70.18,,10.59
2.23740,69.34,,10.59
2.23750,68.36,,10.73
2.23760,67.24,,10.59
2.23770,66.13,,10.31
2.23780,64.99,,10.19
2.23790,64.02,,10.18
2.23800,63.08,,10.59
2.23810,62.07,,10.59
2.23820,61.10,,10.88
2.23830,60.06,,10.73
2.23840,58.93,,10.45
2.23850,57.35,,10.19
2.23860,55.51,,10.18
2.23870,54.42,,10.19
2.23880,52.98,,10.18
2.23890,51.97,,10.73
2.23900,50.81,,10.73
2.23910,49.71,,10.73
2.23920,48.61,,10.59
2.23930,47.36,,10.19
2.23940,46.34,,10.06
2.23950,45.71,,9.93
2.23960,45.15,,10.32
2.23970,44.57,,10.45
2.23980,44.28,,10.45
2.23990,43.50,,10.31
2.24000,43.05,,10.19
2.24010,42.72,,10.18
2.24020,41.89,,10.19
2.24030,41.44,,10.32
2.24040,41.04,,10.45
2.24050,41.21,,10.19
2.24060,41.51,,10.18
2.24070,41.50,,10.06
2.24080,41.23,,10.05
2.24090,41.12,,10.06
2.24100,41.31,,10.18
2.24110,41.51,,10.06
2.24120,41.71,,10.05
2.24130,41.50,,10.06
2.24140,41.07,,9.94
2.24150,41.27,,9.93
2.24160,41.34,,9.94
2.24170,41.61,,10.05
2.24180,41.58,,10.06
2.24190,41.39,,9.93
2.24200,41.25,,9.81
2.24210,41.50,,9.80
2.24220,41.73,,9.70
2.24230,41.84,,9.69
2.24240,41.61,,9.81
2.24250,41.62,,9.94
2.24260,41.85,,10.05
2.24270,41.85,,9.81
2.24280,42.21,,9.80
2.24290,42.40,,9.58
2.24300,42.55,,9.57
2.24310,42.50,,9.70
2.24320,42.65,,9.69
2.24330,43.17,,9.81
2.24340,42.92,,9.70
2.24350,42.63,,9.57
2.24360,42.16,,9.47
2.24370,42.11,,9.57
2.24380,42.03,,9.47
2.24390,41.75,,9.69
2.24400,41.31,,9.47
2.24410,41.00,,9.45
2.24420,40.62,,9.47
2.24430,40.34,,9.34
2.24440,40.53,,9.47
2.24450,40.53,,9.36
2.24460,40.29,,9.45
2.24470,39.97,,9.36
2.24480,39.76,,9.34
2.24490,39.94,,9.36
2.24500,40.09,,9.45
2.24510,40.32,,9.36
2.24520,40.05,,9.23
2.24530,39.81,,9.25
2.24540,39.25,,9.04
2.24550,39.13,,9.02
2.24560,38.87,,9.04
2.24570,38.71,,9.13
2.24580,38.63,,9.25
2.24590,38.71,,9.02
2.24600,38.34,,9.15
2.24610,37.91,,8.92
2.24620,37.70,,8.94
2.24630,37.72,,8.92
2.24640,37.60,,9.04
2.24650,37.71,,8.94
2.24660,37.52,,8.82
2.24670,37.22,,8.47
2.24680,36.49,,8.45
2.24690,35.97,,8.75
2.24700,36.20,,8.82
2.24710,35.58,,9.04
2.24720,35.23,,8.92
2.24730,35.23,,8.75
2.24740,35.27,,8.56
2.24750,34.84,,8.54
2.24760,34.56,,8.65
2.24770,34.11,,8.63
2.24780,33.77,,8.56
2.24790,32.99,,8.36
2.24800,32.57,,8.30
2.24810,32.55,,8.45
2.24820,32.39,,8.38
2.24830,31.93,,8.36
2.24840,31.38,,8.30
2.24850,30.90,,8.21
2.24860,30.42,,8.19
2.24870,29.82,,8.30
2.24880,29.49,,8.27
2.24890,28.93,,8.21
2.24900,28.98,,8.10
2.24910,28.89,,8.13
2.24920,28.67,,7.86
2.24930,28.56,,7.89
2.24940,28.67,,7.89
2.24950,28.35,,8.10
2.24960,28.09,,8.05
2.24970,27.37,,8.10
2.24980,26.97,,8.05
2.24990,26.58,,8.02
2.25000,26.01,,8.05
2.25010,26.09,,8.19
2.25020,26.58,,8.05
2.25030,26.37,,7.94
2.25040,25.85,,7.59
2.25050,25.63,,7.52
2.25060,25.53,,7.71
2.25070,25.99,,8.13
2.25080,26.24,,8.10
2.25090,26.44,,7.97
2.25100,25.84,,7.79
2.25110,25.39,,7.74
2.25120,25.03,,7.79
2.25130,24.67,,7.89
2.25140,24.57,,7.81
2.25150,24.97,,7.86
2.25160,24.83,,7.66
2.25170,24.76,,7.79
2.25180,24.86,,7.97
2.25190,24.74,,7.94
2.25200,24.27,,7.89
2.25210,24.36,,7.64
2.25220,23.85,,7.59
2.25230,23.85,,7.64
2.25240,23.97,,7.89
2.25250,24.54,,8.05
2.25260,25.15,,7.79
2.25270,25.94,,7.59
2.25280,25.47,,7.49
2.25290,25.26,,7.74
2.25300,26.37,,7.94
2.25310,27.24,,7.89
2.25320,27.57,,7.71
2.25330,27.98,,7.38
2.25340,27.82,,7.45
2.25350,27.94,,7.64
2.25360,27.88,,7.97
2.25370,28.13,,7.86
2.25380,28.28,,7.59
2.25390,28.02,,7.49
2.25400,27.87,,7.52
2.25410,27.63,,7.71
2.25420,28.64,,7.81
2.25430,29.93,,7.86
2.25440,31.41,,7.81
2.25450,32.25,,7.59
2.25460,32.79,,7.42
2.25470,32.97,,7.52
2.25480,33.85,,7.71
2.25490,34.76,,7.89
2.25500,35.89,,7.79
2.25510,36.92,,7.66
2.25520,36.73,,7.56
2.25530,37.08,,7.66
2.25540,37.17,,7.74
2.25550,36.90,,7.79
2.25560,36.76,,7.74
2.25570,36.30,,7.56
2.25580,35.04,,7.45
2.25590,34.37,,7.64
2.25600,34.79,,7.89
2.25610,35.59,,7.94
2.25620,36.81,,7.89
2.25630,37.51,,7.64
2.25640,37.93,,7.74
2.25650,37.88,,7.89
2.25660,38.34,,7.56
2.25670,38.47,,7.66
2.25680,38.68,,7.94
2.25690,39.09,,7.89
2.25700,40.73,,7.64
2.25710,41.59,,7.74
2.25720,41.90,,7.79
2.25730,41.81,,7.81
2.25740,42.37,,7.97
2.25750,42.49,,7.86
2.25760,43.10,,7.81
2.25770,42.56,,7.64
2.25780,42.99,,7.66
2.25790,43.14,,7.86
2.25800,43.13,,7.89
2.25810,43.05,,7.86
2.25820,42.28,,7.81
2.25830,42.56,,7.79
2.25840,42.86,,7.74
2.25850,42.72,,7.97
2.25860,42.28,,8.02
2.25870,42.84,,7.89
2.25880,43.01,,7.79
2.25890,43.66,,7.74
2.25900,43.30,,7.86
2.25910,43.07,,8.13
2.25920,43.57,,8.10
2.25930,43.60,,8.05
2.25940,43.93,,7.89
2.25950,43.70,,7.79
2.25960,44.19,,7.74
2.25970,43.98,,7.94
2.25980,44.41,,8.21
2.25990,44.54,,8.10
2.26000,44.78,,8.13
2.26010,44.64,,7.94
2.26020,44.55,,7.89
2.26030,44.34,,8.02
2.26040,44.17,,8.05
2.26050,43.98,,8.21
2.26060,43.69,,8.10
2.26070,43.21,,7.89
2.26080,43.40,,8.10
2.26090,43.33,,7.97
2.26100,42.97,,8.10
2.26110,42.35,,8.21
2.26120,42.32,,8.27
2.26130,42.36,,8.21
2.26140,42.34,,8.13
2.26150,42.16,,7.94
2.26160,41.76,,8.05
2.26170,40.81,,8.36
2.26180,40.77,,8.38
2.26190,40.30,,8.27
2.26200,39.81,,8.05
2.26210,39.80,,8.02
2.26220,39.74,,8.21
2.26230,39.63,,8.45
2.26240,39.39,,8.56
2.26250,39.23,,8.30
2.26260,38.88,,8.02
2.26270,38.47,,8.05
2.26280,38.06,,8.10
2.26290,37.61,,8.56
2.26300,37.31,,8.45
2.26310,36.99,,8.56
2.26320,37.15,,8.27
2.26330,37.14,,8.13
2.26340,37.11,,8.21
2.26350,37.45,,8.36
2.26360,37.75,,8.56
2.26370,38.22,,8.54
2.26380,38.42,,8.38
2.26390,38.59,,8.19
2.26400,38.31,,8.38
2.26410,38.62,,8.45
2.26420,38.91,,8.65
2.26430,39.41,,8.54
2.26440,39.65,,8.38
2.26450,40.08,,8.30
2.26460,40.49,,8.27
2.26470,40.96,,8.56
2.26480,40.51,,8.63
2.26490,40.06,,8.65
2.26500,39.29,,8.45
2.26510,38.22,,8.47
2.26520,38.12,,8.36
2.26530,38.76,,8.65
2.26540,38.71,,8.75
2.26550,39.27,,8.73
2.26560,39.19,,8.56
2.26570,38.68,,8.45
2.26580,38.72,,8.56
2.26590,38.60,,8.54
2.26600,38.36,,8.65
2.26610,38.30,,8.82
2.26620,38.83,,8.56
2.26630,39.03,,8.54
2.26640,39.07,,8.84
2.26650,38.99,,8.75
2.26660,38.92,,8.63
2.26670,38.75,,8.56
2.26680,39.16,,8.63
2.26690,39.69,,8.75
2.26700,39.98,,8.92
2.26710,40.40,,8.84
2.26720,40.68,,8.73
2.26730,40.78,,8.65
2.26740,40.80,,8.65
2.26750,40.96,,8.92
2.26760,41.22,,9.04
2.26770,41.24,,8.82
2.26780,41.51,,8.65
2.26790,41.92,,8.63
2.26800,42.35,,8.75
2.26810,42.59,,8.92
2.26820,43.12,,8.94
2.26830,43.28,,8.92
2.26840,43.97,,8.75
2.26850,44.55,,8.75
2.26860,44.22,,8.82
2.26870,44.40,,9.25
2.26880,44.79,,9.34
2.26890,44.96,,8.75
2.26900,43.75,,8.63
2.26910,43.34,,8.56
2.26920,43.92,,8.92
2.26930,45.37,,9.25
2.26940,45.89,,9.45
2.26950,46.26,,9.04
2.26960,46.39,,8.84
2.26970,46.53,,8.63
2.26980,46.54,,8.84
2.26990,46.50,,9.23
2.27000,46.50,,9.25
2.27010,47.00,,9.13
2.27020,47.33,,8.84
2.27030,47.64,,8.82
2.27040,48.27,,9.04
2.27050,48.71,,9.25
2.27060,49.29,,9.23
2.27070,50.01,,9.15
2.27080,50.44,,9.02
2.27090,50.97,,8.94
2.27100,51.93,,8.92
2.27110,52.12,,9.25
2.27120,52.50,,9.34
2.27130,52.79,,9.15
2.27140,52.42,,9.02
2.27150,52.04,,8.94
2.27160,52.50,,9.04
2.27170,53.42,,9.23
2.27180,54.51,,9.47
2.27190,54.91,,9.34
2.27200,55.39,,9.15
2.27210,55.21,,9.02
2.27220,55.63,,9.04
2.27230,56.09,,9.13
2.27240,56.77,,9.36
2.27250,57.58,,9.47
2.27260,58.24,,9.23
2.27270,58.89,,9.15
2.27280,59.52,,9.13
2.27290,60.51,,9.15
2.27300,61.05,,9.34
2.27310,61.00,,9.47
2.27320,61.68,,9.34
2.27330,61.98,,9.36
2.27340,62.48,,9.23
2.27350,62.76,,9.15
2.27360,62.91,,9.36
2.27370,63.19,,9.57
2.27380,62.88,,9.58
2.27390,62.51,,9.34
2.27400,62.13,,9.25
2.27410,62.01,,9.23
2.27420,62.57,,9.36
2.27430,62.53,,9.57
2.27440,62.58,,9.58
2.27450,62.51,,9.47
2.27460,62.71,,9.45
2.27470,63.43,,9.36
2.27480,63.56,,9.34
2.27490,63.69,,9.58
2.27500,63.81,,9.69
2.27510,63.76,,9.58
2.27520,63.87,,9.34
2.27530,64.02,,9.58
2.27540,64.36,,9.45
2.27550,64.57,,9.58
2.27560,64.76,,9.58
2.27570,64.90,,9.69
2.27580,65.21,,9.58
2.27590,65.60,,9.57
2.27600,66.22,,9.70
2.27610,65.94,,9.57
2.27620,65.95,,9.70
2.27630,65.64,,9.57
2.27640,65.72,,9.58
2.27650,65.53,,9.47
2.27660,65.32,,9.57
2.27670,65.39,,9.70
2.27680,65.40,,9.93
2.27690,65.21,,9.81
2.27700,64.86,,9.80
2.27710,64.74,,9.70
2.27720,64.94,,9.57
2.27730,65.52,,9.58
2.27740,65.84,,9.80
2.27750,66.26,,9.81
2.27760,66.15,,9.81
2.27770,65.89,,9.69
2.27780,65.50,,9.58
2.27790,65.15,,9.69
2.27800,64.98,,9.70
2.27810,64.75,,9.93
2.27820,64.86,,10.06
2.27830,64.91,,10.05
2.27840,64.82,,9.81
2.27850,64.64,,9.81
2.27860,64.41,,9.69
2.27870,64.21,,9.81
2.27880,63.91,,9.93
2.27890,64.00,,9.94
2.27900,64.09,,9.80
2.27910,64.07,,9.94
2.27920,64.32,,9.93
2.27930,63.98,,10.06
2.27940,63.64,,10.05
2.27950,63.14,,10.06
2.27960,62.54,,9.94
2.27970,62.32,,9.80
2.27980,61.93,,9.94
2.27990,61.51,,9.93
2.28000,61.64,,9.94
2.28010,61.66,,10.05
2.28020,61.61,,10.19
2.28030,61.34,,10.05
2.28040,60.97,,10.06
2.28050,60.63,,10.06
2.28060,60.14,,10.05
2.28070,59.62,,10.06
2.28080,59.58,,10.18
2.28090,59.48,,10.19
2.28100,59.08,,10.18
2.28110,58.55,,10.06
2.28120,57.60,,10.05
2.28130,57.39,,10.06
2.28140,57.04,,10.05
2.28150,56.49,,10.19
2.28160,55.69,,10.32
2.28170,55.15,,10.31
2.28180,55.06,,10.19
2.28190,55.27,,10.18
2.28200,55.50,,10.19
2.28210,55.39,,10.31
2.28220,54.78,,10.32
2.28230,53.80,,10.31
2.28240,53.62,,10.19
2.28250,53.11,,10.19
2.28260,52.92,,10.18
2.28270,52.56,,10.19
2.28280,52.34,,10.45
2.28290,51.68,,10.32
2.28300,51.02,,10.31
2.28310,50.52,,10.32
2.28320,50.54,,10.18
2.28330,50.26,,10.32
2.28340,50.14,,10.45
2.28350,50.12,,10.32
2.28360,49.90,,10.45
2.28370,49.48,,10.45
2.28380,49.34,,10.32
2.28390,49.34,,10.45
2.28400,49.58,,10.32
2.28410,49.37,,10.59
2.28420,49.14,,10.45
2.28430,48.99,,10.45
2.28440,48.53,,10.45
2.28450,48.44,,10.45
2.28460,48.10,,10.31
2.28470,48.28,,10.32
2.28480,48.51,,10.31
2.28490,48.67,,10.59
2.28500,48.78,,10.59
2.28510,48.96,,10.59
2.28520,48.66,,10.73
2.28530,48.14,,10.45
2.28540,47.59,,10.31
2.28550,47.88,,10.59
2.28560,48.41,,10.59
2.28570,48.79,,10.59
2.28580,49.00,,10.73
2.28590,49.59,,10.59
2.28600,50.18,,10.73
2.28610,50.29,,10.45
2.28620,50.52,,10.45
2.28630,50.45,,10.45
2.28640,50.72,,10.73
2.28650,50.93,,10.73
2.28660,50.80,,10.88
2.28670,50.62,,10.73
2.28680,50.33,,10.59
2.28690,50.47,,10.59
2.28700,50.45,,10.45
2.28710,50.64,,10.59
2.28720,50.85,,10.73
2.28730,51.08,,10.73
2.28740,51.57,,10.88
2.28750,52.01,,10.73
2.28760,52.26,,10.73
2.28770,52.50,,10.73
2.28780,53.26,,10.73
2.28790,53.73,,10.88
2.28800,53.32,,10.73
2.28810,53.22,,10.73
2.28820,53.40,,10.88
2.28830,53.77,,10.73
2.28840,54.24,,10.73
2.28850,54.56,,10.73
2.28860,54.80,,10.88
2.28870,54.70,,11.02
2.28880,54.61,,10.88
2.28890,55.11,,10.73
2.28900,55.67,,10.88
2.28910,56.06,,11.02
2.28920,55.65,,11.03
2.28930,55.18,,10.88
2.28940,55.18,,10.73
2.28950,56.42,,10.88
2.28960,57.06,,10.88
2.28970,57.48,,10.88
2.28980,57.61,,10.73
2.28990,57.15,,10.88
2.29000,57.16,,11.02
2.29010,57.76,,11.03
2.29020,58.11,,11.18
2.29030,58.50,,11.03
2.29040,58.33,,11.02
2.29050,58.24,,11.02
2.29060,57.79,,10.88
2.29070,57.53,,10.92
2.29080,57.63,,10.98
2.29090,57.94,,11.18
2.29100,58.26,,11.19
2.29110,58.57,,11.18
2.29120,58.98,,11.19
2.29130,59.42,,11.02
2.29140,59.32,,11.03
2.29150,60.02,,11.02
2.29160,59.71,,11.18
2.29170,59.40,,11.03
2.29180,59.51,,11.18
2.29190,59.65,,11.03
2.29200,59.92,,11.18
2.29210,60.01,,11.08
2.29220,60.00,,11.18
2.29230,59.76,,11.13
2.29240,59.70,,11.18
2.29250,59.85,,11.18
2.29260,60.09,,11.19
2.29270,60.26,,11.33
2.29280,60.47,,11.35
2.29290,60.53,,11.33
2.29300,60.75,,11.19
2.29310,60.84,,11.07
2.29320,60.93,,11.13
2.29330,61.17,,11.33
2.29340,61.07,,11.35
2.29350,60.90,,11.33
2.29360,60.64,,11.33
2.29370,61.21,,11.19
2.29380,61.43,,11.50
2.29390,61.79,,11.35
2.29400,61.91,,11.33
2.29410,61.75,,11.35
2.29420,61.41,,11.33
2.29430,60.96,,11.35
2.29440,60.44,,11.33
2.29450,60.10,,11.18
2.29460,60.27,,11.35
2.29470,60.32,,11.33
2.29480,60.67,,11.35
2.29490,60.72,,11.50
2.29500,60.50,,11.68
2.29510,60.16,,11.50
2.29520,59.53,,11.51
2.29530,58.91,,11.33
2.29540,58.96,,11.35
2.29550,58.91,,11.50
2.29560,58.91,,11.66
2.29570,59.20,,11.51
2.29580,58.82,,11.66
2.29590,58.22,,11.68
2.29600,58.26,,11.50
2.29610,58.09,,11.35
2.29620,58.23,,11.50
2.29630,58.97,,11.51
2.29640,59.72,,11.50
2.29650,60.21,,11.68
2.29660,61.26,,11.72
2.29670,61.97,,11.78
2.29680,62.40,,11.51
2.29690,62.34,,11.66
2.29700,62.88,,11.68
2.29710,62.71,,11.33
2.29720,62.88,,11.57
2.29730,63.07,,11.61
2.29740,63.68,,11.68
2.29750,63.34,,11.66
2.29760,63.55,,11.83
2.29770,63.54,,11.85
2.29780,63.07,,11.83
2.29790,62.56,,11.68
2.29800,62.83,,11.50
2.29810,62.89,,11.35
2.29820,63.16,,11.50
2.29830,63.38,,11.68
2.29840,63.48,,11.83
2.29850,63.66,,11.85
2.29860,64.02,,12.01
2.29870,63.87,,11.50
2.29880,63.81,,11.45
2.29890,63.74,,11.50
2.29900,63.33,,11.57
2.29910,62.80,,11.72
2.29920,62.22,,11.91
2.29930,62.73,,11.95
2.29940,63.04,,11.97
2.29950,62.90,,12.01
2.29960,63.05,,11.66
2.29970,62.89,,11.51
2.29980,62.58,,11.83
2.29990,62.26,,11.85
2.30000,61.67,,12.01
2.30010,61.82,,11.85
2.30020,61.82,,12.01
2.30030,61.70,,11.79
2.30040,61.55,,11.72
2.30050,61.50,,11.85
2.30060,61.07,,12.01
2.30070,60.70,,12.07
2.30080,59.89,,11.97
2.30090,59.48,,11.83
2.30100,59.50,,11.85
2.30110,59.53,,11.83
2.30120,59.44,,12.03
2.30130,58.68,,12.07
2.30140,57.92,,12.16
2.30150,57.35,,12.01
2.30160,56.74,,11.89
2.30170,56.43,,11.97
2.30180,56.33,,11.83
2.30190,56.24,,11.85
2.30200,56.05,,11.83
2.30210,56.14,,12.22
2.30220,56.15,,12.38
2.30230,56.01,,12.41
2.30240,55.47,,12.38
2.30250,55.04,,12.22
2.30260,54.34,,11.83
2.30270,53.81,,12.01
2.30280,53.42,,11.85
2.30290,53.23,,12.07
2.30300,52.98,,12.16
2.30310,52.66,,12.38
2.30320,52.48,,12.41
2.30330,51.98,,12.19
2.30340,51.29,,12.09
2.30350,50.58,,11.95
2.30360,49.86,,12.07
2.30370,49.23,,12.16
2.30380,48.80,,12.32
2.30390,48.79,,12.16
2.30400,48.92,,12.32
2.30410,48.91,,12.28
2.30420,48.78,,12.13
2.30430,48.45,,12.22
2.30440,48.05,,12.19
2.30450,47.67,,12.41
2.30460,47.57,,12.19
2.30470,47.21,,12.32
2.30480,47.12,,12.09
2.30490,47.21,,12.01
2.30500,47.55,,12.22
2.30510,47.34,,12.38
2.30520,46.70,,12.61
2.30530,45.75,,12.38
2.30540,45.24,,12.28
2.30550,45.18,,12.19
2.30560,45.13,,12.19
2.30570,45.11,,12.16
2.30580,44.98,,12.32
2.30590,44.95,,12.28
2.30600,44.95,,12.44
2.30610,44.52,,12.41
2.30620,44.33,,12.32
2.30630,43.98,,12.22
2.30640,43.72,,12.19
2.30650,43.74,,12.03
2.30660,43.53,,12.19
2.30670,43.41,,12.38
2.30680,43.67,,12.54
2.30690,43.35,,12.44
2.30700,43.08,,12.61
2.30710,42.85,,12.38
2.30720,42.28,,12.28
2.30730,41.77,,12.32
2.30740,41.26,,12.22
2.30750,41.34,,12.19
2.30760,41.78,,12.26
2.30770,42.08,,12.54
2.30780,42.00,,12.57
2.30790,41.74,,12.54
2.30800,41.79,,12.44
2.30810,41.69,,12.28
2.30820,42.04,,12.32
2.30830,42.52,,12.22
2.30840,42.48,,12.38
2.30850,42.39,,12.54
2.30860,42.31,,12.44
2.30870,42.02,,12.38
2.30880,41.52,,12.34
2.30890,40.85,,12.44
2.30900,40.28,,12.61
2.30910,39.25,,12.51
2.30920,38.10,,12.41
2.30930,37.71,,12.26
2.30940,38.10,,12.22
2.30950,39.51,,12.32
2.30960,40.11,,12.57
2.30970,40.43,,12.67
2.30980,40.01,,12.57
2.30990,39.76,,12.81
2.31000,40.28,,12.57
2.31010,40.55,,12.41
2.31020,41.19,,12.44
2.31030,41.40,,12.41
2.31040,41.45,,12.44
2.31050,41.45,,12.47
2.31060,41.44,,12.57
2.31070,41.34,,12.57
2.31080,41.02,,12.47
2.31090,40.56,,12.32
2.31100,40.09,,12.22
2.31110,39.73,,12.26
2.31120,39.69,,12.28
2.31130,39.92,,12.44
2.31140,40.15,,12.54
2.31150,39.83,,12.64
2.31160,39.47,,12.57
2.31170,38.99,,12.61
2.31180,38.87,,12.57
2.31190,39.11,,12.61
2.31200,38.91,,12.64
2.31210,38.66,,12.67
2.31220,38.27,,12.57
2.31230,38.38,,12.47
2.31240,38.41,,12.51
2.31250,37.96,,12.47
2.31260,37.51,,12.38
2.31270,37.10,,12.38
2.31280,36.75,,12.47
2.31290,36.58,,12.51
2.31300,36.68,,12.61
2.31310,37.03,,12.57
2.31320,37.75,,12.54
2.31330,38.28,,12.57
2.31340,38.51,,12.54
2.31350,39.01,,12.71
2.31360,39.91,,12.57
2.31370,40.60,,12.61
2.31380,41.21,,12.64
2.31390,40.94,,12.54
2.31400,41.39,,12.57
2.31410,42.07,,12.41
2.31420,42.40,,12.57
2.31430,42.34,,12.61
2.31440,42.30,,12.57
2.31450,42.16,,12.61
2.31460,41.79,,12.44
2.31470,41.95,,12.51
2.31480,42.05,,12.41
2.31490,42.65,,12.38
2.31500,43.44,,12.54
2.31510,44.06,,12.64
2.31520,44.20,,12.81
2.31530,44.19,,12.77
2.31540,44.62,,12.61
2.31550,45.18,,12.64
2.31560,45.66,,12.51
2.31570,46.08,,12.41
2.31580,46.10,,12.38
2.31590,46.06,,12.54
2.31600,46.24,,12.57
2.31610,46.52,,12.47
2.31620,46.74,,12.64
2.31630,46.61,,12.67
2.31640,46.33,,12.64
2.31650,46.34,,12.41
2.31660,46.11,,12.38
2.31670,46.65,,12.44
2.31680,47.33,,12.67
2.31690,47.31,,12.84
2.31700,46.81,,12.95
2.31710,46.08,,12.84
2.31720,44.87,,12.61
2.31730,45.12,,12.57
2.31740,45.41,,12.41
2.31750,45.46,,12.51
2.31760,45.27,,12.57
2.31770,44.90,,12.67
2.31780,44.66,,12.77
2.31790,44.28,,12.61
2.31800,44.22,,12.77
2.31810,44.36,,12.47
2.31820,44.06,,12.44
2.31830,43.63,,12.41
2.31840,43.12,,12.44
2.31850,43.01,,12.61
2.31860,43.44,,12.77
2.31870,43.48,,12.98
2.31880,43.41,,12.95
2.31890,43.66,,12.98
2.31900,43.28,,12.88
2.31910,42.89,,12.64
2.31920,42.74,,12.54
2.31930,42.81,,12.38
2.31940,42.49,,12.61
2.31950,42.48,,12.57
2.31960,42.45,,12.84
2.31970,42.50,,12.81
2.31980,42.05,,12.91
2.31990,41.89,,12.81
2.32000,41.46,,12.77
2.32010,41.35,,12.41
2.32020,40.68,,12.57
2.32030,40.39,,12.41
2.32040,40.55,,12.57
2.32050,40.51,,12.67
2.32060,40.47,,12.91
2.32070,40.60,,12.98
2.32080,40.45,,13.02
2.32090,40.37,,12.71
2.32100,40.14,,12.54
2.32110,40.32,,12.44
2.32120,40.47,,12.47
2.32130,40.72,,12.57
2.32140,40.74,,12.74
2.32150,40.79,,12.84
2.32160,40.53,,12.77
2.32170,40.29,,12.81
2.32180,40.13,,12.91
2.32190,39.86,,12.81
2.32200,39.00,,12.64
2.32210,38.52,,12.61
2.32220,38.68,,12.57
2.32230,38.70,,12.67
2.32240,38.73,,12.71
2.32250,38.42,,12.81
2.32260,37.99,,12.77
2.32270,37.47,,12.64
2.32280,37.46,,12.54
2.32290,37.32,,12.57
2.32300,37.99,,12.41
2.32310,37.97,,12.71
2.32320,38.13,,12.67
2.32330,37.75,,12.84
2.32340,37.45,,12.74
2.32350,37.44,,12.77
2.32360,37.27,,12.61
2.32370,36.76,,12.64
2.32380,36.15,,12.71
2.32390,35.36,,12.41
2.32400,35.17,,12.57
2.32410,35.46,,12.61
2.32420,35.55,,12.77
2.32430,35.24,,12.67
2.32440,34.84,,12.84
2.32450,34.58,,12.81
2.32460,34.01,,12.71
2.32470,34.03,,12.57
2.32480,34.13,,12.54
2.32490,34.23,,12.57
2.32500,34.26,,12.61
2.32510,34.01,,12.57
2.32520,33.62,,12.61
2.32530,33.73,,12.71
2.32540,33.73,,12.54
2.32550,33.35,,12.71
2.32560,32.80,,12.67
2.32570,32.46,,12.71
2.32580,32.11,,12.57
2.32590,32.07,,12.61
2.32600,32.48,,12.57
2.32610,32.29,,12.81
2.32620,31.97,,12.77
2.32630,31.50,,13.02
2.32640,31.00,,12.91
2.32650,30.85,,12.67
2.32660,30.76,,12.57
2.32670,31.08,,12.38
2.32680,30.73,,12.41
2.32690,30.45,,12.57
2.32700,30.27,,12.61
2.32710,30.36,,12.77
2.32720,30.33,,12.81
2.32730,30.27,,12.91
2.32740,29.93,,12.67
2.32750,29.61,,12.77
2.32760,29.34,,12.61
2.32770,29.63,,12.38
2.32780,29.58,,12.38
2.32790,30.06,,12.67
2.32800,29.82,,12.71
2.32810,29.57,,12.95
2.32820,29.49,,12.84
2.32830,29.78,,12.81
2.32840,29.87,,12.57
2.32850,30.30,,12.61
2.32860,30.02,,12.51
2.32870,30.35,,12.44
2.32880,30.85,,12.61
2.32890,31.23,,12.77
2.32900,31.04,,12.81
2.32910,30.93,,12.77
2.32920,30.47,,12.81
2.32930,30.43,,12.57
2.32940,30.37,,12.47
2.32950,30.75,,12.51
2.32960,30.81,,12.61
2.32970,31.13,,12.57
2.32980,31.24,,12.77
2.32990,31.66,,12.61
2.33000,31.74,,12.71
2.33010,32.02,,12.67
2.33020,32.58,,12.57
2.33030,32.99,,12.41
2.33040,32.98,,12.57
2.33050,33.32,,12.41
2.33060,33.66,,12.57
2.33070,34.24,,12.57
2.33080,34.82,,12.61
2.33090,35.40,,12.77
2.33100,35.63,,12.81
2.33110,35.86,,12.77
2.33120,35.92,,12.61
2.33130,36.72,,12.57
2.33140,36.93,,12.28
2.33150,37.23,,12.44
2.33160,37.38,,12.47
2.33170,37.62,,12.57
2.33180,37.63,,12.57
2.33190,38.13,,12.61
2.33200,38.74,,12.44
2.33210,39.27,,12.54
2.33220,38.97,,12.38
2.33230,38.82,,12.41
2.33240,38.88,,12.51
2.33250,39.33,,12.47
2.33260,39.49,,12.51
2.33270,39.75,,12.44
2.33280,40.20,,12.54
2.33290,40.09,,12.44
2.33300,40.13,,12.61
2.33310,40.15,,12.51
2.33320,39.92,,12.54
2.33330,40.55,,12.57
2.33340,40.70,,12.54
2.33350,40.77,,12.44
2.33360,40.90,,12.54
2.33370,41.24,,12.57
2.33380,41.56,,12.57
2.33390,41.64,,12.41
2.33400,41.79,,12.57
2.33410,41.85,,12.41
2.33420,42.19,,12.44
2.33430,42.50,,12.54
2.33440,42.60,,12.44
2.33450,42.71,,12.54
2.33460,42.77,,12.38
2.33470,43.06,,12.38
2.33480,43.49,,12.41
2.33490,43.64,,12.44
2.33500,43.92,,12.67
2.33510,44.17,,12.57
2.33520,43.46,,12.67
2.33530,43.15,,12.44
2.33540,43.25,,12.54
2.33550,43.41,,12.32
2.33560,43.39,,12.28
2.33570,43.38,,12.44
2.33580,43.72,,12.44
2.33590,44.29,,12.47
2.33600,44.95,,12.57
2.33610,45.27,,12.61
2.33620,45.91,,12.71
2.33630,46.13,,12.67
2.33640,46.30,,12.57
2.33650,46.41,,12.41
2.33660,47.22,,12.38
2.33670,48.26,,12.19
2.33680,49.37,,12.22
2.33690,49.92,,12.38
2.33700,50.14,,12.41
2.33710,50.42,,12.51
2.33720,51.22,,12.47
2.33730,52.06,,12.57
2.33740,52.91,,12.47
2.33750,53.51,,12.51
2.33760,53.58,,12.61
2.33770,54.00,,12.38
2.33780,54.13,,12.38
2.33790,54.36,,12.28
2.33800,54.63,,12.32
2.33810,55.03,,12.28
2.33820,54.76,,12.19
2.33830,55.63,,12.16
2.33840,56.54,,12.38
2.33850,56.85,,12.41
2.33860,57.01,,12.77
2.33870,57.05,,12.57
2.33880,57.34,,12.67
2.33890,57.76,,12.51
2.33900,58.10,,12.22
2.33910,57.95,,12.07
2.33920,58.10,,12.16
2.33930,58.04,,12.19
2.33940,58.01,,12.41
2.33950,57.91,,12.38
2.33960,57.82,,12.61
2.33970,57.69,,12.57
2.33980,57.52,,12.44
2.33990,57.67,,12.34
2.34000,57.57,,12.13
2.34010,57.59,,12.03
2.34020,58.15,,12.07
2.34030,58.50,,12.03
2.34040,58.12,,12.44
2.34050,57.75,,12.67
2.34060,57.76,,12.64
2.34070,57.59,,12.57
2.34080,57.78,,12.41
2.34090,58.03,,12.19
2.34100,57.80,,12.22
2.34110,57.54,,12.19
2.34120,56.93,,12.22
2.34130,56.67,,12.38
2.34140,55.93,,12.41
2.34150,55.29,,12.44
2.34160,54.64,,12.34
2.34170,53.53,,12.26
2.34180,52.54,,12.13
2.34190,51.60,,12.03
2.34200,51.37,,12.19
2.34210,51.06,,12.22
2.34220,50.55,,12.57
2.34230,49.91,,12.54
2.34240,49.63,,12.44
2.34250,48.79,,12.41
2.34260,48.65,,12.19
2.34270,48.37,,12.32
2.34280,47.29,,12.28
2.34290,45.73,,12.38
2.34300,44.83,,12.47
2.34310,44.14,,12.51
2.34320,43.08,,12.41
2.34330,42.23,,12.38
2.34340,41.25,,12.22
2.34350,39.87,,12.01
2.34360,39.27,,12.22
2.34370,38.96,,12.38
2.34380,38.42,,12.57
2.34390,37.70,,12.61
2.34400,37.06,,12.57
2.34410,36.44,,12.41
2.34420,35.88,,12.19
2.34430,35.15,,12.03
2.34440,35.08,,12.01
2.34450,34.73,,12.16
2.34460,34.11,,12.26
2.34470,33.56,,12.51
2.34480,33.01,,12.47
2.34490,32.57,,12.57
2.34500,31.83,,12.41
2.34510,31.06,,12.26
2.34520,29.88,,12.16
2.34530,28.73,,12.19
2.34540,28.13,,12.22
2.34550,28.26,,12.26
2.34560,28.43,,12.41
2.34570,28.42,,12.32
2.34580,28.07,,12.38
2.34590,27.72,,12.41
2.34600,27.29,,12.38
2.34610,27.05,,12.22
2.34620,26.93,,12.19
2.34630,26.73,,11.97
2.34640,26.38,,12.07
2.34650,25.81,,12.22
2.34660,24.96,,12.38
2.34670,24.26,,12.19
2.34680,23.62,,12.22
2.34690,23.14,,12.19
2.34700,22.79,,12.22
2.34710,22.10,,12.19
2.34720,21.62,,12.22
2.34730,21.28,,12.19
2.34740,20.81,,12.22
2.34750,20.81,,12.01
2.34760,20.47,,12.22
2.34770,20.67,,12.19
2.34780,20.77,,12.38
2.34790,20.08,,12.22
2.34800,19.62,,12.19
2.34810,19.53,,12.03
2.34820,19.89,,12.01
2.34830,19.84,,12.09
2.34840,19.75,,12.13
2.34850,19.35,,12.22
2.34860,18.96,,12.19
2.34870,18.37,,12.16
2.34880,17.84,,12.07
2.34890,17.53,,12.07
2.34900,16.43,,11.97
2.34910,15.74,,12.13
2.34920,15.67,,12.09
2.34930,15.50,,12.19
2.34940,15.69,,12.22
2.34950,16.07,,12.19
2.34960,15.82,,12.16
2.34970,15.84,,11.95
2.34980,15.95,,11.95
2.34990,16.01,,12.03
2.35000,16.16,,12.19
2.35010,16.17,,12.16
2.35020,16.19,,12.26
2.35030,15.91,,12.22
2.35040,15.55,,12.32
2.35050,15.28,,12.09
2.35060,14.71,,12.01
2.35070,14.32,,11.91
2.35080,14.53,,11.83
2.35090,14.69,,11.95
2.35100,14.78,,12.03
2.35110,14.56,,12.32
2.35120,14.47,,12.28
2.35130,14.41,,12.07
2.35140,14.33,,12.16
2.35150,14.39,,12.01
2.35160,14.23,,11.97
2.35170,14.21,,11.95
2.35180,13.86,,12.07
2.35190,14.14,,12.09
2.35200,13.80,,12.01
2.35210,13.72,,12.03
2.35220,13.56,,12.01
2.35230,13.71,,11.97
2.35240,13.93,,11.95
2.35250,14.03,,12.03
2.35260,14.03,,11.95
2.35270,14.41,,12.03
2.35280,14.54,,12.07
2.35290,14.53,,11.95
2.35300,14.33,,11.79
2.35310,15.39,,11.89
2.35320,16.38,,11.97
2.35330,17.20,,12.07
2.35340,18.98,,11.85
2.35350,19.11,,12.01
2.35360,20.54,,11.85
2.35370,21.91,,11.83
2.35380,22.83,,11.66
2.35390,24.01,,11.68
2.35400,24.93,,11.83
2.35410,25.91,,11.85
2.35420,26.93,,11.83
2.35430,27.72,,11.85
2.35440,28.41,,11.83
2.35450,28.58,,11.68
2.35460,29.02,,11.66
2.35470,29.21,,11.68
2.35480,30.39,,11.89
2.35490,31.07,,11.95
2.35500,32.34,,11.85
2.35510,33.03,,11.66
2.35520,33.58,,11.35
2.35530,34.55,,11.39
2.35540,35.53,,11.62
2.35550,36.26,,11.66
2.35560,36.66,,11.68
2.35570,37.19,,11.66
2.35580,37.57,,11.66
2.35590,38.06,,11.45
2.35600,38.85,,11.39
2.35610,39.57,,11.35
2.35620,39.92,,11.39
2.35630,40.27,,11.45
2.35640,40.86,,11.66
2.35650,41.18,,11.62
2.35660,41.73,,11.55
2.35670,42.58,,11.35
2.35680,43.37,,11.33
2.35690,43.86,,11.50
2.35700,44.16,,11.51
2.35710,44.74,,11.18
2.35720,45.22,,10.50
2.35730,46.09,,10.83
2.35740,46.22,,11.19
2.35750,45.86,,11.33
2.35760,45.69,,12.03
2.35770,46.51,,12.26
2.35780,47.59,,11.95
2.35790,48.10,,11.57
2.35800,48.03,,11.28
2.35810,47.69,,10.88
2.35820,47.70,,10.88
2.35830,47.67,,11.03
2.35840,48.11,,11.33
2.35850,48.21,,11.68
2.35860,48.41,,11.66
2.35870,48.55,,11.51
2.35880,48.22,,10.88
2.35890,48.79,,10.59
2.35900,49.25,,10.59
2.35910,49.61,,10.73
2.35920,49.70,,11.19
2.35930,49.85,,11.50
2.35940,50.55,,11.68
2.35950,50.99,,11.50
2.35960,51.02,,11.19
2.35970,51.11,,11.02
2.35980,51.17,,10.88
2.35990,51.35,,11.03
2.36000,51.29,,11.02
2.36010,51.44,,11.35
2.36020,51.44,,11.07
2.36030,51.68,,10.98
2.36040,51.50,,10.88
2.36050,51.84,,10.73
2.36060,51.74,,10.73
2.36070,51.92,,10.73
2.36080,52.13,,10.88
2.36090,52.38,,11.18
2.36100,52.88,,11.03
2.36110,53.19,,11.02
2.36120,53.36,,11.19
2.36130,53.51,,11.02
2.36140,53.35,,10.98
2.36150,53.25,,10.92
2.36160,53.37,,10.73
2.36170,53.21,,10.73
2.36180,53.39,,10.59
2.36190,53.41,,10.73
2.36200,53.65,,10.73
2.36210,53.60,,11.08
2.36220,55.76,,11.13
2.36230,53.25,,11.03
2.36240,52.98,,10.73
2.36250,52.39,,10.59
2.36260,51.87,,10.59
2.36270,51.71,,10.73
2.36280,51.77,,10.92
2.36290,51.54,,10.97
2.36300,51.49,,11.03
2.36310,51.45,,10.88
2.36320,50.99,,10.59
2.36330,50.03,,10.45
2.36340,50.15,,10.59
2.36350,49.74,,10.59
2.36360,49.30,,10.88
2.36370,48.80,,10.97
2.36380,48.73,,10.92
2.36390,48.74,,10.73
2.36400,48.80,,10.73
2.36410,48.39,,10.59
2.36420,47.99,,10.73
2.36430,47.96,,10.88
2.36440,47.83,,10.73
2.36450,47.53,,10.73
2.36460,47.41,,10.59
2.36470,47.54,,10.59
2.36480,47.45,,10.73
2.36490,47.48,,10.88
2.36500,47.21,,10.88
2.36510,47.24,,10.73
2.36520,46.88,,10.59
2.36530,47.01,,10.45
2.36540,47.06,,10.45
2.36550,47.41,,10.59
2.36560,47.51,,10.73
2.36570,47.48,,10.73
2.36580,47.33,,10.88
2.36590,46.98,,10.73
2.36600,46.89,,10.59
2.36610,46.82,,10.31
2.36620,47.10,,10.19
2.36630,47.69,,10.59
2.36640,48.48,,10.73
2.36650,49.10,,10.88
2.36660,49.03,,11.02
2.36670,49.31,,10.88
2.36680,49.81,,10.59
2.36690,51.30,,10.32
2.36700,50.63,,10.18
2.36710,51.51,,10.32
2.36720,52.68,,10.45
2.36730,52.81,,10.59
2.36740,54.16,,10.73
2.36750,55.00,,10.59
2.36760,55.61,,10.45
2.36770,56.80,,10.59
2.36780,57.91,,10.59
2.36790,57.89,,10.31
2.36800,57.68,,10.32
2.36810,58.02,,10.31
2.36820,60.42,,10.19
2.36830,61.96,,10.59
2.36840,63.09,,10.88
2.36850,64.20,,10.59
2.36860,64.96,,10.59
2.36870,65.90,,10.31
2.36880,67.12,,10.19
2.36890,68.23,,10.32
2.36900,68.46,,10.45
2.36910,68.85,,10.59
2.36920,69.60,,10.59
2.36930,70.56,,10.45
2.36940,71.53,,10.45
2.36950,72.04,,10.19
2.36960,72.36,,10.05
2.36970,72.36,,10.32
2.36980,72.83,,10.32
2.36990,72.95,,10.59
2.37000,73.01,,10.59
2.37010,72.98,,10.59
2.37020,72.67,,10.45
2.37030,72.49,,10.31
2.37040,72.23,,10.32
2.37050,71.38,,10.45
2.37060,71.11,,10.32
2.37070,70.36,,10.59
2.37080,69.97,,10.59
2.37090,69.50,,10.19
2.37100,69.52,,10.31
2.37110,69.40,,10.45
2.37120,69.80,,10.45
2.37130,70.06,,10.59
2.37140,69.01,,10.73
2.37150,68.32,,10.59
2.37160,67.76,,10.45
2.37170,67.60,,10.32
2.37180,66.89,,10.32
2.37190,66.66,,10.31
2.37200,66.41,,10.59
2.37210,66.36,,10.88
2.37220,66.09,,10.88
2.37230,66.10,,10.73
2.37240,65.82,,10.45
2.37250,65.39,,10.31
2.37260,65.41,,10.32
2.37270,65.42,,10.45
2.37280,64.75,,10.45
2.37290,64.29,,10.45
2.37300,64.21,,10.59
2.37310,64.48,,10.45
2.37320,64.20,,10.73
2.37330,63.80,,10.59
2.37340,63.85,,10.59
2.37350,63.53,,10.45
2.37360,63.31,,10.45
2.37370,63.05,,10.59
2.37380,63.49,,10.73
2.37390,63.56,,10.73
2.37400,63.26,,10.73
2.37410,62.97,,10.45
2.37420,62.66,,10.45
2.37430,62.53,,10.45
2.37440,62.56,,10.45
2.37450,62.52,,10.59
2.37460,61.97,,10.59
2.37470,61.88,,10.59
2.37480,62.05,,10.88
2.37490,62.23,,10.73
2.37500,62.01,,10.59
2.37510,61.01,,10.59
2.37520,60.30,,10.31
2.37530,60.30,,10.45
2.37540,59.94,,10.59
2.37550,59.76,,10.59
2.37560,60.19,,10.73
2.37570,60.27,,10.88
2.37580,59.42,,10.73
2.37590,58.77,,10.45
2.37600,58.31,,10.59
2.37610,57.67,,10.59
2.37620,57.37,,10.59
2.37630,56.88,,10.59
2.37640,56.41,,10.73
2.37650,56.06,,10.73
2.37660,55.95,,10.73
2.37670,55.81,,10.73
2.37680,55.83,,10.73
2.37690,55.42,,10.73
2.37700,54.70,,10.68
2.37710,54.56,,10.78
2.37720,54.28,,10.73
2.37730,54.10,,10.73
2.37740,53.96,,10.73
2.37750,54.46,,10.73
2.37760,54.17,,10.73
2.37770,54.11,,10.88
2.37780,54.16,,10.83
2.37790,54.14,,10.78
2.37800,54.20,,10.88
2.37810,54.29,,10.73
2.37820,54.29,,10.88
2.37830,54.28,,10.73
2.37840,54.51,,10.73
2.37850,54.98,,10.88
2.37860,55.60,,11.02
2.37870,55.77,,11.03
2.37880,56.13,,11.02
2.37890,56.61,,10.88
2.37900,56.88,,10.73
2.37910,56.53,,10.73
2.37920,56.77,,10.73
2.37930,56.97,,10.88
2.37940,57.19,,11.03
2.37950,57.39,,11.02
2.37960,57.27,,11.03
2.37970,57.23,,11.02
2.37980,57.26,,10.88
2.37990,57.64,,10.88
2.38000,57.51,,10.88
2.38010,57.74,,11.03
2.38020,57.81,,10.88
2.38030,57.10,,11.03
2.38040,56.69,,11.02
2.38050,56.74,,11.03
2.38060,56.66,,10.88
2.38070,56.66,,10.88
2.38080,56.65,,10.97
2.38090,56.74,,11.07
2.38100,56.31,,11.19
2.38110,55.98,,11.13
2.38120,55.72,,11.08
2.38130,55.73,,11.02
2.38140,55.11,,10.88
2.38150,55.22,,11.02
2.38160,55.03,,11.19
2.38170,55.13,,11.02
2.38180,55.48,,11.19
2.38190,55.50,,11.18
2.38200,55.67,,11.18
2.38210,55.21,,11.19
2.38220,54.84,,11.18
2.38230,54.81,,11.03
2.38240,54.93,,11.02
2.38250,55.10,,10.98
2.38260,55.06,,11.07
2.38270,54.90,,11.35
2.38280,54.71,,11.18
2.38290,54.34,,11.18
2.38300,54.08,,11.19
2.38310,54.03,,11.18
2.38320,54.00,,11.35
2.38330,53.90,,11.33
2.38340,53.80,,11.35
2.38350,53.63,,11.28
2.38360,53.47,,11.24
2.38370,53.96,,11.18
2.38380,54.02,,11.19
2.38390,54.11,,11.23
2.38400,53.71,,11.28
2.38410,53.26,,11.19
2.38420,53.40,,11.33
2.38430,53.67,,11.51
2.38440,53.73,,11.33
2.38450,53.32,,11.45
2.38460,52.99,,11.23
2.38470,52.50,,11.19
2.38480,52.33,,11.33
2.38490,52.40,,11.33
2.38500,52.04,,11.24
2.38510,52.02,,11.44
2.38520,52.42,,11.35
2.38530,52.06,,11.44
2.38540,52.14,,11.40
2.38550,51.94,,11.33
2.38560,51.80,,11.35
2.38570,51.42,,11.50
2.38580,50.79,,11.35
2.38590,50.25,,11.33
2.38600,49.72,,11.50
2.38610,49.74,,11.51
2.38620,49.41,,11.50
2.38630,48.95,,11.45
2.38640,48.56,,11.55
2.38650,48.05,,11.51
2.38660,47.37,,11.61
2.38670,46.75,,11.40
2.38680,46.59,,11.44
2.38690,46.60,,11.39
2.38700,46.74,,11.35
2.38710,46.91,,11.50
2.38720,46.66,,11.57
2.38730,46.64,,11.61
2.38740,46.39,,11.57
2.38750,46.08,,11.61
2.38760,45.49,,11.51
2.38770,45.18,,11.33
2.38780,44.78,,11.51
2.38790,44.59,,11.50
2.38800,44.34,,11.55
2.38810,44.14,,11.79
2.38820,43.87,,11.72
2.38830,43.57,,11.79
2.38840,43.08,,11.50
2.38850,42.69,,11.51
2.38860,42.09,,11.50
2.38870,42.13,,11.51
2.38880,42.23,,11.66
2.38890,41.82,,11.66
2.38900,41.42,,11.85
2.38910,40.94,,11.78
2.38920,40.69,,11.57
2.38930,39.92,,11.66
2.38940,39.52,,11.51
2.38950,38.58,,11.61
2.38960,38.48,,11.57
2.38970,38.30,,11.66
2.38980,37.99,,11.74
2.38990,37.73,,11.95
2.39000,37.46,,11.72
2.39010,36.59,,11.79
2.39020,36.01,,11.61
2.39030,35.54,,11.57
2.39040,35.33,,11.66
2.39050,35.43,,11.85
2.39060,35.08,,11.72
2.39070,34.71,,11.79
2.39080,34.26,,11.72
2.39090,34.13,,11.78
2.39100,34.10,,11.68
2.39110,33.82,,11.66
2.39120,33.40,,11.85
2.39130,32.60,,11.78
2.39140,32.07,,11.91
2.39150,31.80,,11.72
2.39160,31.69,,11.97
2.39170,31.21,,11.83
2.39180,30.66,,11.85
2.39190,30.02,,11.66
2.39200,29.51,,11.66
2.39210,29.13,,11.85
2.39220,28.84,,11.83
2.39230,28.56,,11.74
2.39240,28.51,,11.78
2.39250,28.27,,11.74
2.39260,28.13,,11.78
2.39270,28.03,,11.85
2.39280,27.91,,11.83
2.39290,27.91,,11.95
2.39300,27.56,,11.91
2.39310,27.19,,11.83
2.39320,26.91,,11.79
2.39330,26.86,,11.72
2.39340,26.83,,11.85
2.39350,26.88,,11.83
2.39360,26.92,,11.85
2.39370,26.62,,12.01
2.39380,26.26,,12.03
2.39390,25.91,,12.01
2.39400,25.75,,11.83
2.39410,25.91,,11.79
2.39420,25.79,,11.72
2.39430,25.60,,11.79
2.39440,25.49,,11.89
2.39450,25.69,,11.85
2.39460,25.71,,12.01
2.39470,25.73,,12.03
2.39480,25.45,,11.83
2.39490,25.14,,11.83
2.39500,24.88,,11.85
2.39510,24.64,,11.83
2.39520,24.80,,11.85
2.39530,24.86,,12.01
2.39540,24.70,,12.03
2.39550,24.31,,12.19
2.39560,24.01,,12.03
2.39570,23.66,,11.95
2.39580,23.43,,11.74
2.39590,23.58,,11.78
2.39600,23.81,,11.83
2.39610,23.89,,11.91
2.39620,23.69,,12.01
2.39630,23.53,,12.03
2.39640,23.58,,12.01
2.39650,23.75,,12.03
2.39660,24.18,,12.01
2.39670,24.75,,11.85
2.39680,24.80,,11.83
2.39690,25.19,,11.83
2.39700,26.11,,11.91
2.39710,27.10,,12.13
2.39720,27.54,,12.09
2.39730,27.55,,12.13
2.39740,27.50,,11.97
2.39750,27.66,,11.89
2.39760,27.87,,11.85
2.39770,28.10,,11.95
2.39780,28.51,,12.03
2.39790,29.32,,12.07
2.39800,29.62,,12.01
2.39810,29.87,,12.03
2.39820,30.23,,12.01
2.39830,30.62,,12.03
2.39840,31.11,,12.01
2.39850,31.74,,12.03
2.39860,31.92,,12.13
2.39870,32.35,,11.91
2.39880,33.08,,12.01
2.39890,33.76,,12.01
2.39900,34.53,,11.85
2.39910,34.92,,12.01
2.39920,35.22,,12.03
2.39930,35.34,,12.01
2.39940,35.67,,12.09
2.39950,36.33,,12.07
2.39960,36.77,,11.91
2.39970,37.77,,11.83
2.39980,38.69,,11.85
2.39990,38.85,,11.89
2.40000,39.14,,12.13
2.40010,39.55,,12.22
2.40020,40.04,,12.19
2.40030,40.55,,12.22
2.40040,40.86,,12.01
2.40050,41.07,,12.03
2.40060,41.40,,11.83
2.40070,42.29,,11.85
2.40080,43.03,,11.89
2.40090,43.52,,12.13
2.40100,44.08,,12.09
2.40110,44.04,,12.19
2.40120,44.32,,12.16
2.40130,44.74,,12.01
2.40140,45.18,,11.85
2.40150,45.69,,11.83
2.40160,46.30,,12.03
2.40170,47.12,,11.83
2.40180,47.50,,12.03
2.40190,48.53,,12.07
2.40200,49.28,,12.32
2.40210,48.67,,12.28
2.40220,47.84,,12.32
2.40230,48.75,,12.22
2.40240,48.85,,11.83
2.40250,49.55,,11.85
2.40260,50.22,,11.83
2.40270,50.46,,11.91
2.40280,50.56,,12.13
2.40290,50.83,,12.22
2.40300,51.01,,12.32
2.40310,51.04,,12.07
2.40320,51.44,,12.03
2.40330,51.95,,11.83
2.40340,52.31,,12.03
2.40350,52.57,,12.07
2.40360,52.81,,12.16
2.40370,53.07,,12.07
2.40380,53.28,,12.16
2.40390,53.65,,12.19
2.40400,53.68,,12.19
2.40410,53.68,,12.03
2.40420,53.78,,11.83
2.40430,54.39,,12.03
2.40440,54.98,,12.01
2.40450,55.00,,12.03
2.40460,55.36,,12.19
2.40470,55.91,,12.09
2.40480,55.75,,12.13
2.40490,56.35,,12.22
2.40500,56.76,,12.19
2.40510,56.79,,12.32
2.40520,56.71,,12.16
2.40530,56.64,,11.95
2.40540,56.65,,11.68
2.40550,56.82,,11.95
2.40560,56.68,,12.09
2.40570,56.34,,12.19
2.40580,56.75,,12.22
2.40590,57.03,,12.32
2.40600,57.20,,12.26
2.40610,57.26,,12.03
2.40620,57.21,,12.01
2.40630,57.58,,11.68
2.40640,57.76,,11.83
2.40650,58.02,,12.03
2.40660,57.98,,12.19
2.40670,57.85,,12.41
2.40680,58.24,,12.38
2.40690,58.80,,12.22
2.40700,59.01,,12.07
2.40710,59.37,,11.95
2.40720,59.67,,11.85
2.40730,60.11,,12.01
2.40740,60.30,,12.03
2.40750,60.51,,12.19
2.40760,61.19,,12.22
2.40770,61.16,,12.26
2.40780,61.35,,12.28
2.40790,61.37,,12.07
2.40800,61.70,,11.95
2.40810,61.97,,11.91
2.40820,62.61,,11.83
2.40830,62.88,,12.22
2.40840,63.18,,12.19
2.40850,62.99,,12.22
2.40860,63.43,,12.19
2.40870,63.77,,12.03
2.40880,64.15,,12.01
2.40890,64.39,,12.03
2.40900,64.48,,12.01
2.40910,64.70,,12.19
2.40920,65.16,,11.85
2.40930,64.96,,12.01
2.40940,65.37,,12.03
2.40950,65.55,,12.19
2.40960,65.33,,12.16
2.40970,65.15,,12.19
2.40980,65.22,,12.09
2.40990,65.85,,12.01
2.41000,66.49,,12.01
2.41010,67.06,,12.09
2.41020,66.87,,12.13
2.41030,66.56,,12.22
2.41040,66.52,,12.07
2.41050,66.64,,12.16
2.41060,67.08,,12.07
2.41070,67.55,,11.97
2.41080,67.53,,12.01
2.41090,67.66,,12.03
2.41100,67.91,,11.95
2.41110,68.27,,12.07
2.41120,68.04,,12.16
2.41130,67.95,,12.26
2.41140,67.89,,12.22
2.41150,68.05,,12.19
2.41160,67.96,,11.85
2.41170,68.20,,12.13
2.41180,68.65,,11.91
2.41190,68.39,,12.19
2.41200,68.29,,12.07
2.41210,68.23,,12.16
2.41220,68.20,,12.19
2.41230,68.16,,12.03
2.41240,68.41,,12.01
2.41250,68.32,,12.03
2.41260,68.25,,12.01
2.41270,68.37,,12.03
2.41280,68.17,,12.19
2.41290,68.34,,12.22
2.41300,68.20,,12.19
2.41310,67.94,,12.19
2.41320,67.92,,12.03
2.41330,67.77,,11.89
2.41340,67.32,,11.97
2.41350,67.72,,12.01
2.41360,67.73,,12.03
2.41370,67.25,,12.19
2.41380,67.23,,12.22
2.41390,67.44,,12.19
2.41400,67.14,,12.13
2.41410,67.12,,11.91
2.41420,67.32,,12.01
2.41430,67.48,,12.09
2.41440,67.58,,12.13
2.41450,67.27,,12.22
2.41460,67.10,,12.19
2.41470,67.05,,12.03
2.41480,67.36,,12.01
2.41490,67.18,,11.85
2.41500,67.26,,12.19
2.41510,67.07,,12.01
2.41520,67.13,,12.22
2.41530,67.00,,12.19
2.41540,66.84,,12.22
2.41550,66.84,,12.01
2.41560,66.78,,12.16
2.41570,66.67,,12.07
2.41580,66.43,,11.85
2.41590,66.21,,12.01
2.41600,65.76,,12.07
2.41610,68.70,,12.16
2.41620,66.09,,12.19
2.41630,65.25,,12.22
2.41640,65.21,,12.01
2.41650,65.43,,11.85
2.41660,65.42,,12.01
2.41670,65.09,,12.22
2.41680,64.59,,12.38
2.41690,64.69,,12.22
2.41700,64.17,,12.19
2.41710,63.98,,12.01
2.41720,63.73,,11.91
2.41730,63.71,,11.95
2.41740,64.11,,11.85
2.41750,63.85,,12.13
2.41760,63.26,,12.09
2.41770,62.97,,12.26
2.41780,62.88,,12.16
2.41790,62.63,,12.07
2.41800,62.68,,12.07
2.41810,62.97,,11.91
2.41820,62.66,,12.01
2.41830,62.41,,12.03
2.41840,62.31,,12.19
2.41850,62.40,,12.22
2.41860,62.41,,12.38
2.41870,61.71,,12.22
2.41880,60.72,,12.01
2.41890,59.73,,11.85
2.41900,59.24,,11.95
2.41910,59.05,,11.89
2.41920,58.96,,11.97
2.41930,58.85,,12.07
2.41940,58.46,,12.28
2.41950,58.13,,12.32
2.41960,57.61,,12.16
2.41970,57.26,,12.07
2.41980,56.48,,12.03
2.41990,55.83,,11.95
2.42000,55.38,,12.07
2.42010,54.43,,12.03
2.42020,53.79,,12.01
2.42030,53.40,,12.09
2.42040,52.91,,12.13
2.42050,52.68,,11.85
2.42060,52.47,,12.01
2.42070,52.00,,12.03
2.42080,51.32,,12.19
2.42090,50.70,,12.09
2.42100,50.41,,12.19
2.42110,49.88,,12.13
2.42120,49.06,,11.97
2.42130,48.47,,11.89
2.42140,47.69,,11.97
2.42150,46.80,,12.07
2.42160,45.96,,12.22
2.42170,45.60,,12.26
2.42180,45.60,,12.34
2.42190,45.05,,12.19
2.42200,44.42,,12.13
2.42210,43.86,,12.03
2.42220,43.08,,11.95
2.42230,42.47,,11.97
2.42240,42.16,,12.19
2.42250,41.71,,12.03
2.42260,41.39,,12.19
2.42270,40.81,,12.09
2.42280,40.29,,12.32
2.42290,39.89,,12.22
2.42300,39.48,,12.19
2.42310,38.90,,12.01
2.42320,38.23,,12.03
2.42330,37.57,,12.07
2.42340,37.39,,12.16
2.42350,36.83,,12.01
2.42360,36.30,,12.22
2.42370,35.52,,12.19
2.42380,35.17,,12.41
2.42390,34.81,,12.32
2.42400,34.50,,12.44
2.42410,34.01,,12.16
2.42420,33.70,,12.07
2.42430,32.98,,12.03
2.42440,32.31,,12.01
2.42450,32.12,,12.03
2.42460,32.33,,12.01
2.42470,32.35,,12.28
2.42480,32.11,,12.32
2.42490,31.49,,12.41
2.42500,30.84,,12.38
2.42510,30.23,,12.13
2.42520,30.18,,11.91
2.42530,30.71,,12.07
2.42540,30.65,,12.16
2.42550,30.77,,12.38
2.42560,30.48,,12.47
2.42570,30.64,,12.44
2.42580,30.94,,12.28
2.42590,31.02,,12.19
2.42600,31.07,,12.01
2.42610,31.36,,11.97
2.42620,31.55,,12.07
2.42630,31.37,,12.41
2.42640,31.31,,12.19
2.42650,31.40,,12.41
2.42660,31.83,,12.19
2.42670,32.10,,12.22
2.42680,32.54,,12.13
2.42690,32.78,,12.09
2.42700,32.93,,12.13
2.42710,33.32,,12.19
2.42720,33.94,,12.16
2.42730,34.40,,12.32
2.42740,35.15,,12.22
2.42750,35.79,,12.38
2.42760,36.06,,12.03
2.42770,36.21,,12.19
2.42780,36.45,,12.16
2.42790,36.86,,12.07
2.42800,37.50,,12.19
2.42810,37.92,,12.22
2.42820,38.32,,12.13
2.42830,38.90,,12.09
2.42840,39.36,,12.19
2.42850,39.86,,12.22
2.42860,40.50,,12.19
2.42870,40.79,,12.28
2.42880,41.22,,12.19
2.42890,41.57,,12.16
2.42900,42.15,,12.32
2.42910,42.67,,12.19
2.42920,43.10,,12.28
2.42930,43.24,,12.19
2.42940,43.49,,12.22
2.42950,43.91,,12.26
2.42960,44.21,,12.34
2.42970,44.17,,12.19
2.42980,45.01,,12.22
2.42990,45.62,,12.19
2.43000,46.00,,12.22
2.43010,46.16,,12.19
2.43020,46.36,,12.19
2.43030,46.87,,12.34
2.43040,47.36,,12.26
2.43050,47.94,,12.22
2.43060,48.28,,12.19
2.43070,48.44,,12.41
2.43080,48.85,,12.07
2.43090,49.17,,12.28
2.43100,49.39,,12.26
2.43110,49.99,,12.26
2.43120,50.35,,12.34
2.43130,50.61,,12.38
2.43140,51.21,,12.22
2.43150,51.78,,12.26
2.43160,52.01,,12.16
2.43170,52.44,,12.38
2.43180,52.76,,12.34
2.43190,53.15,,12.44
2.43200,53.60,,12.28
2.43210,53.94,,12.32
2.43220,54.51,,12.32
2.43230,55.08,,12.28
2.43240,55.66,,12.19
2.43250,55.86,,12.22
2.43260,56.23,,12.26
2.43270,57.59,,12.34
2.43280,57.29,,12.38
2.43290,57.90,,12.41
2.43300,58.46,,12.38
2.43310,58.96,,12.13
2.43320,59.35,,12.09
2.43330,59.75,,12.38
2.43340,59.97,,12.41
2.43350,60.23,,12.57
2.43360,60.35,,12.41
2.43370,60.32,,12.44
2.43380,60.68,,12.28
2.43390,61.05,,12.19
2.43400,61.66,,12.16
2.43410,62.28,,12.19
2.43420,62.37,,12.32
2.43430,62.57,,12.41
2.43440,62.81,,12.38
2.43450,62.94,,12.47
2.43460,63.70,,12.44
2.43470,64.16,,12.28
2.43480,64.45,,12.07
2.43490,65.00,,12.16
2.43500,65.29,,12.19
2.43510,65.57,,12.44
2.43520,66.32,,12.54
2.43530,66.50,,12.38
2.43540,66.36,,12.41
2.43550,66.24,,12.19
2.43560,66.05,,12.09
2.43570,66.48,,12.13
2.43580,66.92,,12.22
2.43590,67.08,,12.32
2.43600,67.21,,12.41
2.43610,67.36,,12.44
2.43620,67.31,,12.57
2.43630,67.46,,12.41
2.43640,67.60,,12.38
2.43650,67.74,,12.22
2.43660,67.88,,12.19
2.43670,67.90,,12.41
2.43680,67.91,,12.38
2.43690,67.73,,12.61
2.43700,67.71,,12.44
2.43710,67.70,,12.32
2.43720,67.38,,12.22
2.43730,67.29,,12.01
2.43740,66.91,,12.22
2.43750,66.80,,12.19
2.43760,66.99,,12.41
2.43770,66.48,,12.38
2.43780,66.20,,12.41
2.43790,66.22,,12.44
2.43800,65.90,,12.34
2.43810,65.84,,12.38
2.43820,65.67,,12.38
2.43830,65.50,,12.34
2.43840,65.45,,12.44
2.43850,65.30,,12.61
2.43860,65.27,,12.38
2.43870,64.98,,12.41
2.43880,65.14,,12.19
2.43890,65.03,,12.22
2.43900,64.81,,12.38
2.43910,64.59,,12.32
2.43920,64.41,,12.41
2.43930,64.42,,12.44
2.43940,64.24,,12.41
2.43950,64.31,,12.38
2.43960,64.18,,12.22
2.43970,63.90,,12.38
2.43980,63.58,,12.34
2.43990,63.32,,12.32
2.44000,63.17,,12.54
2.44010,63.12,,12.38
2.44020,62.97,,12.38
2.44030,63.02,,12.41
2.44040,62.93,,12.32
2.44050,62.52,,12.16
2.44060,62.41,,12.32
2.44070,62.43,,12.22
2.44080,62.33,,12.38
2.44090,61.98,,12.61
2.44100,61.81,,12.51
2.44110,61.20,,12.32
2.44120,61.20,,12.34
2.44130,61.68,,12.38
2.44140,61.91,,12.28
2.44150,61.73,,12.44
2.44160,61.44,,12.41
2.44170,61.02,,12.44
2.44180,61.31,,12.41
2.44190,61.43,,12.38
2.44200,61.50,,12.22
2.44210,61.88,,12.07
2.44220,61.92,,12.19
2.44230,62.07,,12.34
2.44240,62.15,,12.38
2.44250,61.96,,12.41
2.44260,61.96,,12.38
2.44270,62.23,,12.41
2.44280,62.15,,12.38
2.44290,61.41,,12.41
2.44300,61.47,,12.32
2.44310,61.63,,12.26
2.44320,61.88,,12.34
2.44330,62.15,,12.32
2.44340,61.98,,12.54
2.44350,61.86,,12.38
2.44360,61.48,,12.41
2.44370,61.37,,12.38
2.44380,61.51,,12.28
2.44390,61.47,,12.44
2.44400,61.33,,12.47
2.44410,61.29,,12.38
2.44420,61.21,,12.38
2.44430,61.13,,12.22
2.44440,61.35,,12.19
2.44450,61.39,,12.22
2.44460,61.01,,12.38
2.44470,60.72,,12.41
2.44480,60.52,,12.44
2.44490,60.62,,12.41
2.44500,60.70,,12.32
2.44510,60.94,,12.44
2.44520,60.95,,12.41
2.44530,60.64,,12.44
2.44540,60.39,,12.47
2.44550,59.74,,12.51
2.44560,59.66,,12.41
2.44570,60.32,,12.32
2.44580,59.45,,12.34
2.44590,59.58,,12.26
2.44600,59.20,,12.34
2.44610,59.46,,12.38
2.44620,59.33,,12.38
2.44630,59.08,,12.61
2.44640,58.90,,12.57
2.44650,58.64,,12.41
2.44660,58.30,,12.38
2.44670,58.55,,12.41
2.44680,58.64,,12.38
2.44690,58.81,,12.41
2.44700,58.69,,12.44
2.44710,58.38,,12.57
2.44720,57.97,,12.54
2.44730,57.58,,12.57
2.44740,56.89,,12.41
2.44750,56.51,,12.32
2.44760,56.41,,12.28
2.44770,56.18,,12.38
2.44780,56.07,,12.47
2.44790,55.60,,12.57
2.44800,55.83,,12.54
2.44810,55.77,,12.71
2.44820,55.26,,12.57
2.44830,54.54,,12.47
2.44840,53.76,,12.38
2.44850,53.19,,12.41
2.44860,52.93,,12.44
2.44870,52.76,,12.54
2.44880,52.72,,12.57
2.44890,52.15,,12.61
2.44900,51.73,,12.57
2.44910,50.96,,12.38
2.44920,51.05,,12.54
2.44930,51.25,,12.44
2.44940,51.79,,12.41
2.44950,51.35,,12.71
2.44960,50.94,,12.67
2.44970,50.65,,12.57
2.44980,51.05,,12.54
2.44990,51.14,,12.44
2.45000,50.55,,12.67
2.45010,49.67,,12.71
2.45020,49.16,,12.57
2.45030,48.86,,12.41
2.45040,48.49,,12.57
2.45050,48.42,,12.41
2.45060,48.49,,12.57
2.45070,48.73,,12.54
2.45080,48.70,,12.64
2.45090,48.50,,12.61
2.45100,48.47,,12.77
2.45110,48.22,,12.77
2.45120,48.46,,12.81
2.45130,48.36,,12.57
2.45140,48.13,,12.54
2.45150,47.86,,12.44
2.45160,48.00,,12.54
2.45170,47.63,,12.64
2.45180,47.51,,12.74
2.45190,47.16,,12.64
2.45200,47.03,,12.61
2.45210,46.97,,12.57
2.45220,47.26,,12.57
2.45230,47.55,,12.54
2.45240,47.58,,12.71
2.45250,47.53,,12.74
2.45260,47.46,,12.64
2.45270,47.41,,12.81
2.45280,48.27,,12.71
2.45290,48.26,,12.81
2.45300,48.02,,12.57
2.45310,48.02,,12.57
2.45320,48.06,,12.67
2.45330,48.08,,12.71
2.45340,47.67,,12.67
2.45350,47.70,,12.84
2.45360,48.18,,12.67
2.45370,48.33,,12.57
2.45380,47.85,,12.61
2.45390,48.20,,12.57
2.45400,48.61,,12.61
2.45410,48.67,,12.57
2.45420,48.62,,12.77
2.45430,49.11,,12.61
2.45440,48.83,,12.84
2.45450,48.67,,12.95
2.45460,48.57,,12.71
2.45470,48.78,,12.67
2.45480,48.90,,12.57
2.45490,49.09,,12.61
2.45500,49.07,,12.57
2.45510,49.32,,12.77
2.45520,49.15,,12.81
2.45530,48.99,,12.98
2.45540,48.76,,12.81
2.45550,48.55,,12.98
2.45560,48.07,,12.81
2.45570,48.14,,12.71
2.45580,48.48,,12.54
2.45590,48.84,,12.57
2.45600,48.90,,12.67
2.45610,48.85,,12.71
2.45620,49.00,,12.91
2.45630,48.94,,13.02
2.45640,48.63,,12.84
2.45650,48.61,,12.81
2.45660,48.69,,12.71
2.45670,48.70,,12.67
2.45680,48.57,,12.71
2.45690,48.48,,12.61
2.45700,48.39,,12.77
2.45710,48.58,,12.81
2.45720,48.74,,12.98
2.45730,48.93,,13.19
2.45740,48.91,,13.02
2.45750,49.03,,12.98
2.45760,49.28,,12.81
2.45770,49.36,,12.57
2.45780,49.82,,12.67
2.45790,49.86,,12.91
2.45800,50.22,,13.02
2.45810,50.47,,12.98
2.45820,50.49,,12.98
2.45830,50.26,,12.95
2.45840,50.55,,12.98
2.45850,50.72,,12.81
2.45860,50.69,,12.64
2.45870,51.01,,12.61
2.45880,51.19,,12.77
2.45890,51.35,,13.02
2.45900,51.53,,13.12
2.45910,51.89,,13.09
2.45920,51.97,,12.84
2.45930,51.90,,12.91
2.45940,51.42,,12.81
2.45950,50.97,,12.91
2.45960,51.20,,12.88
2.45970,51.55,,12.91
2.45980,52.03,,12.88
2.45990,52.24,,13.05
2.46000,52.27,,13.16
2.46010,52.27,,13.19
2.46020,52.63,,12.98
2.46030,52.97,,12.81
2.46040,53.18,,12.77
2.46050,53.81,,12.81
2.46060,54.49,,12.77
2.46070,54.80,,13.02
2.46080,55.21,,12.98
2.46090,55.58,,13.02
2.46100,55.99,,13.12
2.46110,56.08,,13.09
2.46120,55.84,,12.98
2.46130,55.81,,12.98
2.46140,56.44,,12.81
2.46150,56.59,,12.77
2.46160,56.87,,12.81
2.46170,57.23,,13.19
2.46180,57.31,,13.24
2.46190,57.53,,13.12
2.46200,57.43,,13.09
2.46210,57.68,,13.19
2.46220,58.08,,12.98
2.46230,58.49,,12.81
2.46240,58.75,,12.77
2.46250,59.54,,12.81
2.46260,60.95,,12.77
2.46270,61.33,,13.02
2.46280,61.36,,13.41
2.46290,60.79,,13.24
2.46300,60.21,,13.41
2.46310,59.62,,12.95
2.46320,59.64,,12.71
2.46330,59.75,,12.71
2.46340,60.44,,12.67
2.46350,60.98,,12.98
2.46360,61.07,,13.16
2.46370,60.90,,13.34
2.46380,60.30,,13.31
2.46390,60.27,,13.34
2.46400,60.42,,13.09
2.46410,60.44,,12.98
2.46420,60.62,,12.98
2.46430,60.51,,12.81
2.46440,60.13,,12.84
2.46450,59.76,,13.16
2.46460,60.09,,13.19
2.46470,59.69,,13.39
2.46480,59.23,,13.27
2.46490,58.72,,13.24
2.46500,58.36,,13.12
2.46510,58.35,,12.88
2.46520,58.50,,12.91
2.46530,58.50,,12.98
2.46540,57.80,,13.24
2.46550,56.99,,13.27
2.46560,57.28,,13.39
2.46570,57.91,,13.27
2.46580,57.77,,13.09
2.46590,57.93,,12.98
2.46600,57.92,,13.16
2.46610,57.97,,13.05
2.46620,57.51,,13.12
2.46630,57.47,,13.24
2.46640,57.51,,13.19
2.46650,57.33,,13.24
2.46660,57.03,,13.19
2.46670,56.43,,13.39
2.46680,55.71,,13.27
2.46690,55.35,,13.24
2.46700,54.82,,12.98
2.46710,54.90,,13.24
2.46720,54.54,,13.12
2.46730,54.58,,13.27
2.46740,54.26,,13.24
2.46750,53.57,,13.41
2.46760,53.28,,13.09
2.46770,53.27,,13.12
2.46780,53.21,,13.24
2.46790,53.38,,13.41
2.46800,53.12,,13.39
2.46810,52.59,,13.27
2.46820,52.22,,13.41
2.46830,51.94,,13.24
2.46840,51.63,,13.19
2.46850,51.64,,13.16
2.46860,51.57,,13.27
2.46870,50.95,,13.09
2.46880,50.84,,13.12
2.46890,50.88,,13.24
2.46900,50.54,,13.41
2.46910,50.50,,13.39
2.46920,50.42,,13.49
2.46930,50.28,,13.34
2.46940,49.55,,13.24
2.46950,49.39,,13.27
2.46960,49.49,,13.24
2.46970,49.58,,13.27
2.46980,49.52,,13.39
2.46990,49.36,,13.41
2.47000,49.04,,13.39
2.47010,48.56,,13.41
2.47020,48.00,,13.41
2.47030,47.68,,13.24
2.47040,46.94,,13.27
2.47050,46.93,,13.02
2.47060,46.24,,13.19
2.47070,46.11,,13.24
2.47080,46.04,,13.41
2.47090,45.22,,13.46
2.47100,45.28,,13.49
2.47110,44.64,,13.54
2.47120,43.90,,13.27
2.47130,43.38,,13.41
2.47140,42.71,,13.24
2.47150,43.15,,13.12
2.47160,42.86,,13.24
2.47170,42.78,,13.49
2.47180,43.31,,13.61
2.47190,43.37,,13.72
2.47200,43.15,,13.46
2.47210,43.07,,13.41
2.47220,43.56,,13.19
2.47230,43.20,,13.39
2.47240,42.86,,13.27
2.47250,42.17,,13.24
2.47260,41.96,,13.41
2.47270,41.76,,13.54
2.47280,40.75,,13.56
2.47290,39.65,,13.69
2.47300,38.65,,13.56
2.47310,38.07,,13.31
2.47320,37.55,,13.19
2.47330,37.00,,12.98
2.47340,36.76,,13.24
2.47350,36.61,,13.41
2.47360,36.18,,13.69
2.47370,35.80,,13.56
2.47380,35.17,,13.69
2.47390,34.93,,13.41
2.47400,34.46,,13.54
2.47410,34.28,,13.41
2.47420,33.81,,13.56
2.47430,32.99,,13.54
2.47440,32.56,,13.27
2.47450,32.02,,13.54
2.47460,31.52,,13.56
2.47470,30.51,,13.85
2.47480,30.24,,13.56
2.47490,29.77,,13.39
2.47500,29.00,,13.27
2.47510,28.59,,13.24
2.47520,28.36,,13.41
2.47530,28.37,,13.49
2.47540,28.05,,13.69
2.47550,26.39,,13.80
2.47560,23.99,,13.69
2.47570,22.45,,13.72
2.47580,22.04,,13.46
2.47590,21.72,,13.34
2.47600,21.31,,13.09
2.47610,20.54,,13.27
2.47620,19.90,,13.41
2.47630,19.66,,13.69
2.47640,19.86,,13.88
2.47650,20.15,,14.01
2.47660,19.97,,13.88
2.47670,19.40,,13.77
2.47680,19.02,,13.64
2.47690,18.93,,13.39
2.47700,18.70,,13.41
2.47710,18.58,,13.39
2.47720,18.29,,13.56
2.47730,18.14,,13.56
2.47740,18.31,,13.77
2.47750,18.61,,13.64
2.47760,18.85,,13.54
2.47770,18.96,,13.56
2.47780,19.44,,13.24
2.47790,19.81,,13.41
2.47800,19.68,,13.54
2.47810,19.76,,13.56
2.47820,19.84,,13.88
2.47830,19.99,,13.85
2.47840,19.85,,13.72
2.47850,19.36,,13.85
2.47860,19.49,,13.56
2.47870,20.27,,13.54
2.47880,20.75,,13.49
2.47890,20.36,,13.46
2.47900,20.71,,13.72
2.47910,20.75,,13.69
2.47920,20.84,,13.80
2.47930,20.49,,13.80
2.47940,20.69,,13.77
2.47950,20.64,,13.64
2.47960,20.28,,13.54
2.47970,21.11,,13.41
2.47980,22.28,,13.39
2.47990,23.42,,13.41
2.48000,24.04,,13.69
2.48010,24.33,,14.04
2.48020,24.11,,13.96
2.48030,23.78,,13.93
2.48040,24.16,,13.64
2.48050,24.92,,13.46
2.48060,25.46,,13.41
2.48070,25.68,,13.54
2.48080,25.99,,13.41
2.48090,26.01,,13.61
2.48100,26.69,,13.64
2.48110,27.82,,13.69
2.48120,28.40,,13.88
2.48130,29.16,,14.12
2.48140,29.40,,13.93
2.48150,29.94,,13.88
2.48160,30.14,,13.54
2.48170,30.62,,13.56
2.48180,31.17,,13.46
2.48190,31.99,,13.64
2.48200,32.46,,13.69
2.48210,32.87,,13.88
2.48220,33.36,,13.72
2.48230,34.33,,13.61
2.48240,34.98,,13.64
2.48250,35.59,,13.69
2.48260,36.19,,13.64
2.48270,36.85,,13.61
2.48280,37.38,,13.56
2.48290,37.92,,13.61
2.48300,38.40,,13.80
2.48310,39.07,,13.77
2.48320,39.54,,13.88
2.48330,39.80,,13.80
2.48340,40.06,,13.85
2.48350,40.45,,13.80
2.48360,40.73,,13.93
2.48370,41.27,,13.88
2.48380,41.60,,13.85
2.48390,41.86,,13.72
2.48400,42.29,,13.69
2.48410,42.67,,13.64
2.48420,43.17,,13.69
2.48430,43.57,,13.64
2.48440,44.10,,13.72
2.48450,44.52,,13.85
2.48460,44.93,,13.72
2.48470,45.33,,13.85
2.48480,46.05,,13.88
2.48490,46.85,,13.85
2.48500,47.65,,13.72
2.48510,48.21,,13.69
2.48520,48.86,,13.72
2.48530,49.35,,13.88
2.48540,49.84,,13.85
2.48550,50.58,,13.88
2.48560,51.43,,13.69
2.48570,51.81,,13.88
2.48580,52.48,,13.85
2.48590,53.06,,13.72
2.48600,53.55,,13.69
2.48610,54.09,,13.72
2.48620,54.51,,13.85
2.48630,54.70,,13.88
2.48640,55.13,,14.04
2.48650,55.49,,13.85
2.48660,55.69,,13.88
2.48670,55.84,,13.85
2.48680,55.73,,13.88
2.48690,55.76,,13.85
2.48700,55.92,,13.72
2.48710,56.47,,13.69
2.48720,56.83,,13.72
2.48730,57.30,,13.72
2.48740,57.59,,13.85
2.48750,57.61,,14.04
2.48760,58.06,,13.85
2.48770,58.42,,13.88
2.48780,58.74,,13.77
2.48790,59.43,,13.80
2.48800,60.00,,13.77
2.48810,60.62,,13.96
2.48820,61.08,,13.85
2.48830,61.48,,13.88
2.48840,62.13,,13.88
2.48850,62.76,,13.85
2.48860,63.53,,13.88
2.48870,63.93,,13.85
2.48880,64.66,,13.88
2.48890,65.60,,13.85
2.48900,66.47,,13.88
2.48910,67.27,,13.85
2.48920,67.92,,13.96
2.48930,68.68,,13.96
2.48940,69.31,,14.01
2.48950,69.88,,13.88
2.48960,70.47,,13.77
2.48970,71.37,,13.80
2.48980,72.23,,13.85
2.48990,72.80,,13.88
2.49000,73.37,,13.85
2.49010,73.95,,13.88
2.49020,74.43,,13.93
2.49030,75.00,,13.88
2.49040,75.75,,13.80
2.49050,76.32,,13.85
2.49060,76.94,,13.88
2.49070,77.28,,13.85
2.49080,77.65,,14.04
2.49090,78.26,,14.01
2.49100,79.04,,14.04
2.49110,79.80,,13.85
2.49120,80.24,,14.04
2.49130,80.53,,13.88
2.49140,80.75,,13.93
2.49150,81.18,,13.96
2.49160,81.64,,13.85
2.49170,82.10,,14.04
2.49180,82.60,,13.85
2.49190,82.94,,14.04
2.49200,83.47,,13.93
2.49210,83.88,,13.88
2.49220,84.42,,13.93
2.49230,84.76,,13.88
2.49240,85.07,,13.88
2.49250,85.18,,14.01
2.49260,85.54,,14.04
2.49270,86.04,,14.01
2.49280,86.89,,14.04
2.49290,87.40,,13.93
2.49300,87.86,,13.88
2.49310,88.24,,13.93
2.49320,88.39,,13.88
2.49330,88.74,,14.04
2.49340,89.08,,14.01
2.49350,89.42,,14.04
2.49360,89.80,,14.01
2.49370,90.15,,14.20
2.49380,90.37,,14.01
2.49390,90.51,,14.04
2.49400,90.84,,14.01
2.49410,91.30,,14.04
2.49420,91.41,,14.01
2.49430,91.47,,13.88
2.49440,91.71,,13.96
2.49450,91.88,,13.93
2.49460,91.78,,14.04
2.49470,92.40,,14.01
2.49480,92.60,,13.88
2.49490,92.46,,14.01
2.49500,92.36,,14.04
2.49510,91.86,,13.85
2.49520,92.06,,14.04
2.49530,92.53,,14.20
2.49540,92.33,,14.18
2.49550,91.87,,14.20
2.49560,91.44,,14.35
2.49570,91.04,,14.20
2.49580,90.86,,14.01
2.49590,90.52,,14.04
2.49600,90.46,,13.85
2.49610,90.48,,13.88
2.49620,90.30,,13.85
2.49630,90.10,,13.88
2.49640,89.98,,14.04
2.49650,89.88,,14.01
2.49660,89.83,,14.29
2.49670,89.57,,14.18
2.49680,89.16,,13.96
2.49690,88.88,,14.01
2.49700,88.33,,14.04
2.49710,87.92,,14.18
2.49720,87.71,,14.04
2.49730,87.49,,14.12
2.49740,87.41,,14.18
2.49750,86.85,,14.12
2.49760,86.49,,14.18
2.49770,85.96,,14.12
2.49780,85.56,,14.10
2.49790,84.91,,14.04
2.49800,84.27,,14.18
2.49810,83.49,,14.04
2.49820,82.69,,14.18
2.49830,81.95,,14.12
2.49840,81.58,,14.12
2.49850,81.17,,14.18
2.49860,80.66,,14.04
2.49870,79.75,,14.18
2.49880,78.99,,14.20
2.49890,78.15,,14.18
2.49900,77.45,,14.12
2.49910,76.75,,14.10
2.49920,76.32,,14.20
2.49930,75.65,,14.12
2.49940,75.13,,14.10
2.49950,74.36,,14.04
2.49960,73.80,,14.18
2.49970,73.25,,14.04
2.49980,72.29,,14.18
2.49990,71.48,,14.12
2.50000,70.42,,14.27
2.50010,69.55,,14.20
2.50020,68.69,,14.27
2.50030,67.98,,14.29
2.50040,67.27,,14.20
2.50050,66.82,,14.35
2.50060,66.32,,14.20
2.50070,65.70,,14.01
2.50080,64.68,,14.20
2.50090,63.83,,14.27
2.50100,63.34,,14.12
2.50110,62.70,,14.35
2.50120,61.93,,14.20
2.50130,61.17,,14.04
2.50140,60.29,,14.18
2.50150,59.37,,14.20
2.50160,58.68,,14.18
2.50170,57.93,,14.20
2.50180,57.24,,14.18
2.50190,56.65,,14.20
2.50200,56.05,,14.27
2.50210,55.49,,14.29
2.50220,55.15,,14.18
2.50230,54.48,,14.20
2.50240,53.62,,14.12
2.50250,52.84,,14.27
2.50260,52.18,,14.20
2.50270,51.32,,14.27
2.50280,50.45,,14.29
2.50290,50.10,,14.35
2.50300,49.70,,14.29
2.50310,48.86,,14.27
2.50320,48.34,,14.37
2.50330,47.90,,14.29
2.50340,47.31,,14.27
2.50350,47.13,,14.20
2.50360,46.86,,14.18
2.50370,46.61,,14.37
2.50380,46.15,,14.18
2.50390,45.57,,14.20
2.50400,45.21,,14.18
2.50410,45.21,,14.04
2.50420,45.27,,14.01
2.50430,45.55,,14.20
2.50440,45.08,,14.20
2.50450,44.24,,14.27
2.50460,43.85,,14.29
2.50470,43.97,,14.27
2.50480,43.73,,14.29
2.50490,43.37,,14.35
2.50500,43.02,,14.20
2.50510,42.61,,14.35
2.50520,42.06,,14.29
2.50530,41.62,,14.37
2.50540,40.88,,14.27
2.50550,40.26,,14.37
2.50560,39.63,,14.18
2.50570,39.07,,14.20
2.50580,38.66,,14.18
2.50590,38.52,,14.04
2.50600,38.10,,14.18
2.50610,37.95,,14.29
2.50620,37.38,,14.27
2.50630,36.83,,14.20
2.50640,36.50,,14.37
2.50650,36.29,,14.27
2.50660,35.98,,14.29
2.50670,35.86,,14.27
2.50680,35.56,,14.29
2.50690,35.14,,14.18
2.50700,34.38,,14.04
2.50710,34.35,,14.18
2.50720,34.01,,14.29
2.50730,33.49,,14.29
2.50740,32.88,,14.35
2.50750,32.29,,14.29
2.50760,31.94,,14.44
2.50770,31.91,,14.20
2.50780,31.36,,14.35
2.50790,31.12,,14.20
2.50800,30.63,,14.35
2.50810,29.76,,14.37
2.50820,28.96,,14.18
2.50830,28.87,,14.20
2.50840,28.62,,14.29
2.50850,28.48,,14.27
2.50860,28.02,,14.20
2.50870,27.62,,14.18
2.50880,27.39,,14.20
2.50890,27.02,,14.18
2.50900,26.39,,14.20
2.50910,26.33,,14.35
2.50920,25.93,,14.37
2.50930,25.20,,14.37
2.50940,24.56,,14.35
2.50950,24.61,,14.37
2.50960,24.59,,14.18
2.50970,24.81,,14.37
2.50980,24.96,,14.18
2.50990,24.58,,14.37
2.51000,24.35,,14.27
2.51010,23.78,,14.29
2.51020,23.70,,14.35
2.51030,23.14,,14.20
2.51040,23.10,,14.37
2.51050,23.44,,14.35
2.51060,22.95,,14.29
2.51070,25.86,,14.27
2.51080,22.79,,14.37
2.51090,22.04,,14.35
2.51100,21.84,,14.37
2.51110,21.85,,14.18
2.51120,21.74,,14.20
2.51130,21.33,,14.18
2.51140,20.90,,14.29
2.51150,21.00,,14.29
2.51160,21.32,,14.18
2.51170,20.77,,14.20
2.51180,20.90,,14.18
2.51190,20.48,,14.37
2.51200,20.31,,14.18
2.51210,20.02,,14.20
2.51220,19.90,,14.35
2.51230,20.29,,14.54
2.51240,20.70,,14.37
2.51250,19.87,,14.53
2.51260,19.53,,14.37
2.51270,19.61,,14.35
2.51280,19.62,,14.37
2.51290,19.05,,14.18
2.51300,18.86,,14.20
2.51310,19.14,,14.18
2.51320,18.42,,14.20
2.51330,18.45,,14.18
2.51340,19.28,,14.37
2.51350,19.12,,14.37
2.51360,19.01,,14.35
2.51370,19.23,,14.37
2.51380,19.12,,14.18
2.51390,19.33,,14.20
2.51400,19.38,,14.35
2.51410,19.98,,14.20
2.51420,20.27,,14.35
2.51430,20.51,,14.20
2.51440,20.71,,14.29
2.51450,21.35,,14.27
2.51460,21.56,,14.37
2.51470,21.66,,14.35
2.51480,22.15,,14.37
2.51490,22.38,,14.18
2.51500,22.75,,14.20
2.51510,23.41,,14.35
2.51520,23.66,,14.37
2.51530,24.28,,14.35
2.51540,24.67,,14.54
2.51550,25.08,,14.37
2.51560,25.60,,14.35
2.51570,26.01,,14.37
2.51580,26.97,,14.18
2.51590,27.66,,14.20
2.51600,28.37,,14.18
2.51610,28.79,,14.20
2.51620,29.10,,14.18
2.51630,29.31,,14.37
2.51640,29.82,,14.20
2.51650,29.95,,14.18
2.51660,29.92,,14.20
2.51670,30.21,,14.18
2.51680,30.59,,14.20
2.51690,31.35,,14.27
2.51700,32.25,,14.46
2.51710,32.67,,14.35
2.51720,32.83,,14.72
2.51730,33.20,,14.53
2.51740,33.67,,14.46
2.51750,34.07,,14.29
2.51760,35.22,,14.18
2.51770,35.98,,14.04
2.51780,36.51,,14.10
2.51790,37.48,,14.12
2.51800,38.01,,14.35
2.51810,38.28,,14.37
2.51820,38.45,,14.35
2.51830,38.80,,14.29
2.51840,39.21,,14.29
2.51850,39.69,,14.18
2.51860,40.17,,14.20
2.51870,40.80,,14.01
2.51880,41.33,,14.04
2.51890,41.80,,14.35
2.51900,42.57,,14.37
2.51910,43.13,,14.53
2.51920,43.59,,14.54
2.51930,44.04,,14.35
2.51940,44.51,,14.37
2.51950,45.18,,14.20
2.51960,45.75,,14.18
2.51970,46.14,,14.20
2.51980,46.49,,14.18
2.51990,47.04,,14.37
2.52000,47.10,,14.18
2.52010,47.33,,14.20
2.52020,47.94,,14.35
2.52030,48.16,,14.37
2.52040,48.77,,14.20
2.52050,49.21,,14.18
2.52060,49.73,,14.04
2.52070,50.53,,14.18
2.52080,50.82,,14.20
2.52090,51.07,,14.35
2.52100,51.23,,14.37
2.52110,51.77,,14.35
2.52120,52.10,,14.20
2.52130,52.64,,14.18
2.52140,53.05,,13.88
2.52150,53.64,,14.12
2.52160,54.10,,14.18
2.52170,54.27,,14.29
2.52180,54.75,,14.27
2.52190,55.02,,14.46
2.52200,55.09,,14.35
2.52210,55.01,,14.37
2.52220,55.21,,14.35
2.52230,55.74,,14.20
2.52240,56.48,,14.20
2.52250,57.14,,14.18
2.52260,57.36,,14.29
2.52270,57.15,,14.27
2.52280,57.24,,14.20
2.52290,57.69,,14.27
2.52300,58.19,,14.12
2.52310,58.82,,14.18
2.52320,59.42,,13.88
2.52330,59.91,,14.18
2.52340,60.17,,14.04
2.52350,60.36,,14.20
2.52360,60.28,,14.35
2.52370,60.33,,14.37
2.52380,60.45,,14.35
2.52390,60.26,,14.37
2.52400,60.38,,14.18
2.52410,60.88,,14.04
2.52420,61.33,,13.93
2.52430,61.82,,14.12
2.52440,62.12,,14.12
2.52450,62.11,,14.27
2.52460,61.97,,14.37
2.52470,61.66,,14.35
2.52480,61.97,,14.37
2.52490,62.62,,14.35
2.52500,63.28,,14.20
2.52510,63.19,,14.01
2.52520,63.46,,14.04
2.52530,63.31,,14.01
2.52540,63.82,,14.20
2.52550,63.87,,14.20
2.52560,63.41,,14.44
2.52570,63.15,,14.29
2.52580,62.77,,14.27
2.52590,63.16,,14.12
2.52600,63.51,,14.01
2.52610,63.49,,14.04
2.52620,63.36,,13.93
2.52630,63.39,,14.12
2.52640,62.90,,14.37
2.52650,62.63,,14.44
2.52660,62.25,,14.46
2.52670,62.11,,14.35
2.52680,62.16,,14.37
2.52690,62.71,,14.18
2.52700,62.81,,14.12
2.52710,62.88,,14.10
2.52720,62.86,,14.20
2.52730,62.42,,14.18
2.52740,61.82,,14.37
2.52750,61.21,,14.37
2.52760,60.56,,14.35
2.52770,60.29,,14.04
2.52780,60.46,,13.85
2.52790,60.49,,13.88
2.52800,60.37,,13.85
2.52810,59.93,,14.04
2.52820,59.08,,14.35
2.52830,58.64,,14.37
2.52840,58.48,,14.37
2.52850,58.74,,14.53
2.52860,58.58,,14.29
2.52870,58.45,,14.27
2.52880,58.10,,14.20
2.52890,57.64,,14.01
2.52900,57.64,,14.20
2.52910,57.66,,14.18
2.52920,57.61,,14.29
2.52930,57.20,,14.44
2.52940,56.74,,14.37
2.52950,56.36,,14.20
2.52960,56.36,,14.18
2.52970,56.57,,14.04
2.52980,56.56,,14.01
2.52990,56.26,,14.04
2.53000,55.66,,14.18
2.53010,55.20,,14.20
2.53020,54.84,,14.35
2.53030,54.66,,14.20
2.53040,54.69,,14.37
2.53050,54.66,,14.18
2.53060,54.62,,14.20
2.53070,54.15,,14.18
2.53080,53.86,,14.04
2.53090,53.39,,14.01
2.53100,53.40,,14.20
2.53110,52.89,,14.35
2.53120,52.56,,14.20
2.53130,51.90,,14.35
2.53140,51.84,,14.20
2.53150,52.05,,14.20
2.53160,51.77,,14.01
2.53170,51.56,,13.96
2.53180,50.83,,14.10
2.53190,50.05,,14.20
2.53200,49.83,,14.35
2.53210,49.47,,14.37
2.53220,49.87,,14.35
2.53230,49.90,,14.20
2.53240,49.73,,14.20
2.53250,49.68,,14.01
2.53260,49.55,,14.04
2.53270,49.17,,14.01
2.53280,49.48,,14.20
2.53290,49.33,,14.18
2.53300,48.76,,14.20
2.53310,48.27,,14.18
2.53320,47.72,,14.20
2.53330,47.74,,14.10
2.53340,47.94,,13.96
2.53350,48.05,,14.04
2.53360,47.94,,14.01
2.53370,47.15,,14.20
2.53380,46.22,,14.35
2.53390,45.31,,14.37
2.53400,45.02,,14.35
2.53410,44.96,,14.37
2.53420,45.04,,14.18
2.53430,44.71,,14.12
2.53440,44.51,,14.12
2.53450,43.99,,14.01
2.53460,43.48,,14.20
2.53470,43.21,,14.18
2.53480,42.39,,14.20
2.53490,41.68,,14.18
2.53500,40.82,,14.20
2.53510,40.41,,14.01
2.53520,40.17,,13.96
2.53530,40.02,,13.93
2.53540,39.90,,14.04
2.53550,39.31,,14.20
2.53560,38.60,,14.18
2.53570,38.15,,14.54
2.53580,37.58,,14.35
2.53590,37.62,,14.29
2.53600,37.67,,14.27
2.53610,37.84,,14.04
2.53620,37.82,,14.18
2.53630,37.51,,14.12
2.53640,37.27,,14.12
2.53650,37.16,,14.35
2.53660,36.88,,14.37
2.53670,36.61,,14.27
2.53680,36.17,,14.29
2.53690,35.71,,14.01
2.53700,35.89,,14.20
2.53710,36.07,,14.01
2.53720,35.67,,14.04
2.53730,35.30,,14.10
2.53740,34.72,,14.29
2.53750,34.35,,14.20
2.53760,33.90,,14.35
2.53770,33.22,,14.37
2.53780,33.19,,14.18
2.53790,33.80,,14.04
2.53800,34.04,,14.01
2.53810,34.37,,14.04
2.53820,34.23,,14.10
2.53830,33.91,,14.29
2.53840,33.70,,14.27
2.53850,33.74,,14.46
2.53860,34.02,,14.37
2.53870,33.41,,14.35
2.53880,33.08,,14.20
2.53890,33.25,,14.10
2.53900,33.54,,13.96
2.53910,33.50,,14.10
2.53920,33.81,,14.12
2.53930,33.31,,14.35
2.53940,33.21,,14.37
2.53950,33.34,,14.37
2.53960,33.55,,14.27
2.53970,33.79,,14.12
2.53980,34.27,,14.18
2.53990,34.59,,13.88
2.54000,34.79,,14.01
2.54010,34.97,,14.04
2.54020,35.20,,14.18
2.54030,35.50,,14.12
2.54040,35.67,,14.27
2.54050,35.90,,14.29
2.54060,36.16,,14.29
2.54070,36.59,,14.27
2.54080,37.00,,14.12
2.54090,37.48,,14.18
2.54100,37.57,,14.20
2.54110,38.13,,14.18
2.54120,38.13,,14.29
2.54130,38.09,,14.18
2.54140,38.52,,14.29
2.54150,39.37,,14.20
2.54160,39.72,,14.01
2.54170,40.24,,14.20
2.54180,40.51,,14.01
2.54190,40.98,,14.12
2.54200,41.40,,14.10
2.54210,41.67,,14.20
2.54220,42.09,,14.18
2.54230,42.53,,14.20
2.54240,42.41,,14.10
2.54250,42.36,,13.96
2.54260,42.84,,14.04
2.54270,43.57,,14.01
2.54280,44.12,,14.04
2.54290,44.41,,14.18
2.54300,44.62,,14.20
2.54310,44.67,,14.35
2.54320,44.78,,14.37
2.54330,44.95,,14.53
2.54340,45.16,,14.37
2.54350,45.60,,14.04
2.54360,45.96,,14.18
2.54370,46.78,,13.88
2.54380,47.15,,13.93
2.54390,47.08,,13.96
2.54400,47.58,,14.18
2.54410,47.79,,14.37
2.54420,48.06,,14.35
2.54430,48.41,,14.20
2.54440,48.61,,14.35
2.54450,48.80,,13.88
2.54460,48.98,,13.88
2.54470,49.48,,14.01
2.54480,49.53,,14.04
2.54490,49.26,,14.01
2.54500,49.45,,14.04
2.54510,50.01,,14.18
2.54520,50.35,,14.37
2.54530,50.30,,14.35
2.54540,50.81,,14.20
2.54550,51.00,,14.37
2.54560,51.04,,14.18
2.54570,51.16,,14.20
2.54580,51.39,,14.18
2.54590,51.70,,14.20
2.54600,51.73,,14.18
2.54610,51.61,,14.20
2.54620,51.71,,14.01
2.54630,52.07,,14.04
2.54640,52.30,,13.93
2.54650,52.20,,13.96
2.54660,51.94,,14.04
2.54670,51.90,,14.18
2.54680,51.91,,14.12
2.54690,52.10,,14.10
2.54700,52.19,,14.20
2.54710,52.33,,14.18
2.54720,52.27,,14.20
2.54730,52.55,,14.18
2.54740,52.55,,14.20
2.54750,52.52,,14.20
2.54760,52.40,,14.01
2.54770,52.30,,14.29
2.54780,50.78,,14.10
2.54790,51.15,,14.20
2.54800,50.97,,14.18
2.54810,50.90,,14.20
2.54820,50.86,,14.18
2.54830,50.99,,14.04
2.54840,51.07,,14.18
2.54850,50.10,,14.04
2.54860,49.46,,14.20
2.54870,49.45,,14.01
2.54880,49.53,,14.20
2.54890,49.05,,14.01
2.54900,49.16,,14.04
2.54910,48.69,,14.18
2.54920,49.06,,14.20
2.54930,48.02,,14.01
2.54940,43.16,,14.04
2.54950,47.61,,14.37
2.54960,48.22,,14.18
2.54970,48.30,,14.04
2.54980,48.22,,14.01
2.54990,48.17,,14.04
2.55000,47.89,,14.18
2.55010,48.16,,14.04
2.55020,47.59,,14.18
2.55030,47.34,,14.20
2.55040,46.83,,14.18
2.55050,46.36,,14.20
2.55060,46.33,,14.04
2.55070,45.74,,14.01
2.55080,45.45,,14.12
2.55090,45.48,,14.10
2.55100,45.10,,14.04
2.55110,44.53,,14.10
2.55120,44.66,,14.12
2.55130,44.39,,14.18
2.55140,43.92,,14.20
2.55150,43.91,,14.20
2.55160,44.00,,14.01
2.55170,43.18,,14.20
2.55180,43.07,,14.01
2.55190,42.80,,14.04
2.55200,42.28,,14.18
2.55210,42.26,,14.20
2.55220,41.57,,14.18
2.55230,40.56,,14.04
2.55240,39.42,,14.01
2.55250,38.77,,14.04
2.55260,39.41,,14.20
2.55270,39.98,,14.01
2.55280,40.48,,14.20
2.55290,40.60,,14.01
2.55300,41.37,,14.04
2.55310,40.92,,14.01
2.55320,41.98,,14.20
2.55330,41.68,,14.18
2.55340,40.85,,14.37
2.55350,40.10,,14.37
2.55360,39.39,,14.53
2.55370,38.67,,14.37
2.55380,38.44,,14.10
2.55390,38.02,,13.88
2.55400,38.20,,13.93
2.55410,38.16,,13.64
2.55420,37.68,,13.77
2.55430,38.12,,13.88
2.55440,38.19,,14.01
2.55450,38.05,,14.20
2.55460,37.88,,14.20
2.55470,37.93,,14.35
2.55480,38.18,,14.04
2.55490,38.06,,14.27
2.55500,38.49,,14.29
2.55510,38.43,,14.53
2.55520,38.63,,14.37
2.55530,38.17,,14.53
2.55540,37.36,,14.54
2.55550,37.42,,14.37
2.55560,37.54,,14.44
2.55570,37.75,,14.12
2.55580,37.93,,13.85
2.55590,37.84,,13.72
2.55600,37.70,,13.93
2.55610,37.13,,13.96
2.55620,36.64,,14.01
2.55630,36.43,,14.04
2.55640,36.20,,14.18
2.55650,36.42,,14.20
2.55660,36.19,,14.20
2.55670,35.85,,14.18
2.55680,35.35,,14.20
2.55690,35.18,,14.35
2.55700,35.28,,14.37
2.55710,34.81,,14.44
2.55720,34.26,,14.37
2.55730,34.50,,14.27
2.55740,34.09,,14.29
2.55750,33.81,,14.29
2.55760,33.14,,14.35
2.55770,32.81,,14.20
2.55780,32.78,,14.18
2.55790,32.43,,14.20
2.55800,31.73,,14.18
2.55810,30.47,,14.12
2.55820,29.46,,14.18
2.55830,29.51,,14.12
2.55840,29.53,,14.18
2.55850,29.38,,14.12
2.55860,29.36,,14.29
2.55870,29.02,,14.35
2.55880,29.20,,14.37
2.55890,29.15,,14.35
2.55900,29.39,,14.54
2.55910,29.32,,14.35
2.55920,29.46,,14.29
2.55930,29.62,,14.10
2.55940,30.19,,14.04
2.55950,30.54,,14.29
2.55960,30.25,,14.27
2.55970,29.18,,14.37
2.55980,28.22,,14.35
2.55990,27.45,,14.37
2.56000,26.82,,14.35
2.56010,26.46,,14.20
2.56020,26.16,,14.18
2.56030,25.67,,14.04
2.56040,25.80,,14.18
2.56050,25.83,,14.20
2.56060,26.21,,14.20
2.56070,26.37,,14.62
2.56080,26.37,,14.63
2.56090,26.37,,14.35
2.56100,26.03,,14.54
2.56110,25.45,,14.35
2.56120,24.87,,14.37
2.56130,24.60,,14.01
2.56140,24.25,,14.04
2.56150,23.99,,14.04
2.56160,23.69,,14.01
2.56170,23.17,,14.12
2.56180,22.66,,14.27
2.56190,22.37,,14.20
2.56200,22.27,,14.35
2.56210,22.98,,14.37
2.56220,24.10,,14.35
2.56230,23.28,,14.54
2.56240,32.19,,14.53
2.56250,24.06,,14.37
2.56260,24.13,,14.54
2.56270,23.98,,14.53
2.56280,37.24,,14.54
2.56290,23.78,,14.53
2.56300,23.55,,14.37
2.56310,23.27,,14.18
2.56320,28.14,,14.12
2.56330,22.49,,13.93
2.56340,23.40,,14.04
2.56350,22.26,,14.18
2.56360,21.94,,14.20
2.56370,21.59,,14.37
2.56380,21.04,,14.18
2.56390,21.02,,14.37
2.56400,20.52,,14.44
2.56410,20.21,,14.37
2.56420,19.57,,14.27
2.56430,19.17,,14.29
2.56440,19.22,,14.27
2.56450,19.04,,14.37
2.56460,17.42,,14.29
2.56470,18.78,,14.44
2.56480,18.62,,14.72
2.56490,18.40,,14.62
2.56500,18.50,,14.63
2.56510,18.32,,14.44
2.56520,18.21,,14.37
2.56530,17.75,,14.27
2.56540,17.68,,14.20
2.56550,17.16,,14.18
2.56560,16.48,,14.20
2.56570,16.31,,14.20
2.56580,16.50,,14.18
2.56590,16.42,,14.37
2.56600,15.98,,14.35
2.56610,15.81,,14.54
2.56620,15.71,,14.53
2.56630,15.81,,14.37
2.56640,16.33,,14.44
2.56650,16.62,,14.46
2.56660,16.73,,14.37
2.56670,16.63,,14.53
2.56680,16.15,,14.54
2.56690,16.10,,14.53
2.56700,15.66,,14.46
2.56710,15.58,,14.44
2.56720,15.26,,14.37
2.56730,14.98,,14.35
2.56740,14.30,,14.37
2.56750,13.86,,14.35
2.56760,13.53,,14.37
2.56770,12.84,,14.29
2.56780,12.85,,14.44
2.56790,12.72,,14.54
2.56800,12.47,,14.53
2.56810,13.15,,14.54
2.56820,13.34,,14.53
2.56830,14.18,,14.37
2.56840,14.54,,14.53
2.56850,14.52,,14.54
2.56860,14.14,,14.54
2.56870,14.80,,14.53
2.56880,15.57,,14.37
2.56890,15.93,,14.35
2.56900,16.58,,14.37
2.56910,16.18,,14.53
2.56920,16.46,,14.37
2.56930,15.90,,14.53
2.56940,15.99,,14.54
2.56950,16.26,,14.44
2.56960,16.67,,14.46
2.56970,17.46,,14.54
2.56980,17.94,,14.71
2.56990,18.26,,14.54
2.57000,18.97,,14.53
2.57010,19.88,,14.54
2.57020,20.38,,14.53
2.57030,20.82,,14.37
2.57040,21.60,,14.53
2.57050,22.41,,14.37
2.57060,23.34,,14.37
2.57070,23.97,,14.35
2.57080,24.75,,14.37
2.57090,25.18,,14.53
2.57100,25.58,,14.54
2.57110,25.32,,14.71
2.57120,26.30,,14.37
2.57130,26.46,,14.44
2.57140,27.16,,14.29
2.57150,28.15,,14.35
2.57160,28.86,,14.37
2.57170,29.12,,14.54
2.57180,29.77,,14.53
2.57190,30.41,,14.72
2.57200,31.30,,14.89
2.57210,32.47,,14.72
2.57220,32.88,,14.71
2.57230,33.68,,14.54
2.57240,34.97,,14.53
2.57250,36.06,,14.37
2.57260,37.82,,14.20
2.57270,38.35,,14.18
2.57280,39.30,,14.37
2.57290,40.24,,14.53
2.57300,40.77,,14.54
2.57310,41.16,,14.71
2.57320,42.19,,14.37
2.57330,43.25,,14.35
2.57340,44.18,,14.04
2.57350,45.10,,14.18
2.57360,45.98,,14.37
2.57370,46.57,,14.54
2.57380,47.53,,14.53
2.57390,48.69,,14.72
2.57400,50.03,,14.89
2.57410,50.53,,14.81
2.57420,51.29,,14.80
2.57430,52.01,,14.72
2.57440,53.00,,14.71
2.57450,53.74,,14.37
2.57460,54.08,,14.37
2.57470,54.19,,14.53
2.57480,54.09,,14.37
2.57490,54.06,,14.44
2.57500,53.73,,14.37
2.57510,55.33,,14.27
2.57520,55.80,,14.37
2.57530,56.47,,14.18
2.57540,56.67,,14.37
2.57550,57.08,,14.35
2.57560,57.24,,14.54
2.57570,57.16,,14.72
2.57580,57.44,,14.71
2.57590,57.90,,14.54
2.57600,58.09,,14.53
2.57610,57.92,,14.54
2.57620,56.65,,14.53
2.57630,57.24,,14.54
2.57640,58.29,,14.71
2.57650,58.52,,14.72
2.57660,58.14,,14.54
2.57670,58.71,,14.53
2.57680,58.28,,14.54
2.57690,57.36,,14.35
2.57700,56.84,,14.29
2.57710,56.52,,14.27
2.57720,56.31,,14.37
2.57730,55.85,,14.53
2.57740,55.89,,14.37
2.57750,55.07,,14.53
2.57760,55.65,,14.72
2.57770,56.27,,14.54
2.57780,56.48,,14.71
2.57790,56.69,,14.54
2.57800,56.58,,14.53
2.57810,56.40,,14.54
2.57820,55.96,,14.53
2.57830,55.43,,14.37
2.57840,54.25,,14.53
2.57850,53.48,,14.54
2.57860,52.81,,14.54
2.57870,52.44,,14.53
2.57880,52.30,,14.37
2.57890,52.03,,14.53
2.57900,51.64,,14.37
2.57910,50.15,,14.53
2.57920,49.26,,14.54
2.57930,48.71,,14.71
2.57940,47.75,,14.54
2.57950,47.07,,14.53
2.57960,46.34,,14.72
2.57970,45.27,,14.54
2.57980,44.50,,14.53
2.57990,43.66,,14.72
2.58000,42.23,,14.53
2.58010,40.92,,14.72
2.58020,40.17,,14.53
2.58030,39.34,,14.54
2.58040,38.18,,14.27
2.58050,37.68,,14.37
2.58060,36.49,,14.37
2.58070,34.66,,14.44
2.58080,31.78,,14.54
2.58090,30.12,,14.71
2.58100,29.35,,14.54
2.58110,29.07,,14.71
2.58120,28.70,,14.54
2.58130,27.85,,14.71
2.58140,26.89,,14.37
2.58150,26.26,,14.71
2.58160,25.47,,14.63
2.58170,25.04,,14.81
2.58180,24.50,,14.80
2.58190,24.04,,14.81
2.58200,23.79,,14.89
2.58210,23.38,,14.54
2.58220,22.87,,14.71
2.58230,22.57,,14.37
2.58240,21.65,,14.53
2.58250,20.63,,14.37
2.58260,20.00,,14.54
2.58270,18.94,,14.44
2.58280,18.83,,14.63
2.58290,18.73,,14.44
2.58300,18.10,,14.46
2.58310,17.85,,14.62
2.58320,17.84,,14.46
2.58330,17.33,,14.62
2.58340,17.29,,14.63
2.58350,16.97,,14.89
2.58360,16.29,,14.72
2.58370,15.67,,14.90
2.58380,15.69,,14.71
2.58390,15.51,,14.72
2.58400,15.53,,14.53
2.58410,15.58,,14.46
2.58420,15.38,,14.62
2.58430,14.74,,14.54
2.58440,13.61,,14.71
2.58450,12.85,,14.54
2.58460,12.53,,14.54
2.58470,12.25,,14.53
2.58480,12.72,,14.37
2.58490,12.72,,14.35
2.58500,12.58,,14.37
2.58510,12.54,,14.35
2.58520,12.08,,14.37
2.58530,11.94,,14.53
2.58540,11.56,,14.72
2.58550,11.54,,14.71
2.58560,11.21,,14.72
2.58570,11.53,,14.54
2.58580,11.74,,14.44
2.58590,12.14,,14.37
2.58600,12.57,,14.44
2.58610,12.67,,14.72
2.58620,12.31,,14.71
2.58630,12.23,,15.09
2.58640,12.06,,14.71
2.58650,12.21,,14.90
2.58660,12.90,,14.63
2.58670,13.37,,14.44
2.58680,13.50,,14.12
2.58690,14.20,,13.93
2.58700,14.70,,14.04
2.58710,15.40,,14.01
2.58720,16.23,,14.54
2.58730,16.41,,14.71
2.58740,16.33,,14.72
2.58750,16.29,,15.08
2.58760,16.90,,14.90
2.58770,17.77,,14.54
2.58780,18.35,,14.53
2.58790,18.75,,14.37
2.58800,18.92,,14.18
2.58810,19.47,,14.37
2.58820,20.38,,14.35
2.58830,21.26,,14.63
2.58840,21.77,,14.62
2.58850,22.45,,14.72
2.58860,23.32,,14.72
2.58870,23.95,,14.71
2.58880,24.43,,14.54
2.58890,25.13,,14.18
2.58900,25.83,,14.37
2.58910,26.15,,14.18
2.58920,26.56,,14.54
2.58930,26.75,,14.53
2.58940,27.16,,14.63
2.58950,27.81,,14.44
2.58960,28.55,,14.54
2.58970,29.66,,14.37
2.58980,29.75,,14.53
2.58990,29.56,,14.37
2.59000,29.95,,14.35
2.59010,30.72,,14.46
2.59020,31.26,,14.62
2.59030,32.20,,14.54
2.59040,32.68,,14.53
2.59050,32.76,,14.37
2.59060,33.19,,14.53
2.59070,33.56,,14.54
2.59080,33.60,,14.46
2.59090,34.04,,14.44
2.59100,34.12,,14.54
2.59110,34.31,,14.35
2.59120,35.25,,14.54
2.59130,35.74,,14.71
2.59140,36.47,,14.54
2.59150,37.56,,14.35
2.59160,38.41,,14.37
2.59170,38.49,,14.37
2.59180,37.51,,14.35
2.59190,36.20,,14.37
2.59200,35.86,,14.53
2.59210,36.21,,14.54
2.59220,36.56,,14.53
2.59230,36.72,,14.54
2.59240,36.43,,14.35
2.59250,36.43,,14.46
2.59260,36.59,,14.44
2.59270,36.43,,14.37
2.59280,37.66,,14.37
2.59290,37.87,,14.35
2.59300,38.27,,14.20
2.59310,38.73,,14.53
2.59320,39.52,,14.37
2.59330,40.00,,14.35
2.59340,40.20,,14.72
2.59350,40.72,,14.62
2.59360,41.36,,14.63
2.59370,41.87,,14.63
2.59380,42.21,,14.62
2.59390,43.15,,14.46
2.59400,43.92,,14.44
2.59410,44.71,,14.37
2.59420,45.34,,14.35
2.59430,45.94,,14.37
2.59440,46.80,,14.35
2.59450,47.38,,14.37
2.59460,47.34,,14.35
2.59470,47.48,,14.54
2.59480,47.40,,14.46
2.59490,47.70,,14.27
2.59500,48.22,,14.20
2.59510,48.49,,14.18
2.59520,49.13,,14.04
2.59530,49.56,,14.18
2.59540,49.91,,14.37
2.59550,49.79,,14.62
2.59560,49.95,,14.63
2.59570,50.18,,14.72
2.59580,50.50,,14.89
2.59590,50.92,,14.72
2.59600,50.99,,14.62
2.59610,51.26,,14.46
2.59620,51.17,,14.35
2.59630,51.27,,14.12
2.59640,51.52,,14.18
2.59650,51.50,,14.12
2.59660,51.37,,14.18
2.59670,51.05,,14.20
2.59680,51.20,,14.20
2.59690,51.27,,14.27
2.59700,51.49,,14.29
2.59710,51.81,,14.27
2.59720,51.93,,14.46
2.59730,51.93,,14.35
2.59740,51.94,,14.54
2.59750,52.06,,14.53
2.59760,52.28,,14.54
2.59770,52.66,,14.37
2.59780,52.63,,14.35
2.59790,52.75,,14.37
2.59800,52.59,,14.35
2.59810,52.47,,14.37
2.59820,52.36,,14.53
2.59830,52.16,,14.54
2.59840,51.99,,14.53
2.59850,51.70,,14.54
2.59860,51.62,,14.35
2.59870,51.35,,14.37
2.59880,51.60,,14.20
2.59890,51.70,,14.01
2.59900,52.32,,14.04
2.59910,52.18,,14.35
2.59920,52.08,,14.37
2.59930,51.81,,14.27
2.59940,51.70,,14.46
2.59950,51.90,,14.53
2.59960,52.08,,14.37
2.59970,52.04,,14.37
2.59980,52.25,,14.27
2.59990,52.61,,14.29
2.60000,51.99,,14.35
2.60010,51.04,,14.54
2.60020,50.51,,14.35
2.60030,50.14,,14.54
2.60040,49.99,,14.35
2.60050,50.00,,14.37
2.60060,50.01,,14.35
2.60070,50.01,,14.20
2.60080,50.08,,14.37
2.60090,50.09,,14.35
2.60100,49.97,,14.46
2.60110,49.63,,14.44
2.60120,49.54,,14.54
2.60130,49.72,,14.53
2.60140,49.94,,14.20
2.60150,49.89,,14.35
2.60160,49.62,,14.20
2.60170,49.44,,14.37
2.60180,49.39,,14.18
2.60190,49.49,,14.37
2.60200,49.45,,14.35
2.60210,49.49,,14.20
2.60220,49.50,,14.18
2.60230,49.53,,14.20
2.60240,49.57,,14.27
2.60250,49.88,,14.37
2.60260,50.17,,14.44
2.60270,50.02,,14.37
2.60280,49.83,,14.63
2.60290,49.83,,14.44
2.60300,49.68,,14.37
2.60310,50.17,,14.35
2.60320,50.67,,14.20
2.60330,51.09,,14.01
2.60340,51.66,,14.20
2.60350,52.16,,14.18
2.60360,52.40,,14.54
2.60370,52.78,,14.54
2.60380,53.21,,14.44
2.60390,53.68,,14.46
2.60400,54.61,,14.18
2.60410,54.92,,14.20
2.60420,55.18,,13.85
2.60430,55.57,,13.88
2.60440,56.11,,14.01
2.60450,56.78,,14.20
2.60460,57.35,,14.35
2.60470,57.50,,14.37
2.60480,57.82,,14.54
2.60490,58.00,,14.53
2.60500,58.53,,14.46
2.60510,58.95,,14.18
2.60520,59.21,,13.96
2.60530,59.81,,14.01
2.60540,60.87,,14.04
2.60550,60.87,,14.18
2.60560,61.11,,14.37
2.60570,61.39,,14.37
2.60580,61.44,,14.53
2.60590,61.46,,14.46
2.60600,61.46,,14.10
2.60610,61.70,,14.04
2.60620,62.81,,13.85
2.60630,63.15,,13.88
2.60640,63.32,,14.01
2.60650,63.45,,14.04
2.60660,63.16,,14.18
2.60670,63.10,,14.37
2.60680,63.33,,14.37
2.60690,63.94,,14.44
2.60700,64.49,,14.29
2.60710,64.58,,14.18
2.60720,64.65,,14.04
2.60730,64.81,,14.01
2.60740,65.10,,14.04
2.60750,65.07,,14.18
2.60760,64.80,,14.37
2.60770,64.70,,14.37
2.60780,65.11,,14.35
2.60790,65.31,,14.04
2.60800,65.90,,14.01
2.60810,66.14,,14.04
2.60820,65.32,,14.27
2.60830,63.53,,14.12
2.60840,62.22,,14.35
2.60850,62.12,,14.37
2.60860,62.70,,14.27
2.60870,62.68,,14.12
2.60880,63.28,,13.88
2.60890,64.40,,13.93
2.60900,64.93,,13.88
2.60910,65.33,,13.93
2.60920,65.72,,14.20
2.60930,66.31,,14.35
2.60940,66.61,,14.37
2.60950,67.35,,14.44
2.60960,67.51,,14.46
2.60970,67.72,,14.20
2.60980,68.21,,14.01
2.60990,69.23,,14.12
2.61000,70.15,,14.10
2.61010,70.94,,14.04
2.61020,71.36,,14.10
2.61030,72.65,,14.37
2.61040,73.89,,14.44
2.61050,74.13,,14.37
2.61060,74.73,,14.18
2.61070,75.88,,14.04
2.61080,76.89,,13.88
2.61090,77.41,,13.85
2.61100,77.58,,13.88
2.61110,77.98,,14.01
2.61120,78.69,,14.04
2.61130,79.16,,14.18
2.61140,79.50,,14.29
2.61150,80.03,,14.27
2.61160,80.52,,14.04
2.61170,81.35,,14.20
2.61180,82.14,,14.01
2.61190,82.99,,14.04
2.61200,83.54,,14.01
2.61210,83.85,,14.04
2.61220,84.28,,14.18
2.61230,84.73,,14.20
2.61240,85.59,,14.18
2.61250,86.42,,14.20
2.61260,87.30,,13.93
2.61270,87.95,,13.96
2.61280,88.88,,13.88
2.61290,89.14,,13.85
2.61300,89.16,,14.04
2.61310,89.01,,13.85
2.61320,89.79,,14.04
2.61330,89.81,,14.01
2.61340,89.81,,14.04
2.61350,90.40,,14.01
2.61360,90.32,,14.04
2.61370,90.18,,14.04
2.61380,89.56,,14.01
2.61390,89.50,,14.04
2.61400,89.61,,14.01
2.61410,89.46,,14.04
2.61420,89.69,,14.01
2.61430,90.00,,13.88
2.61440,90.14,,13.93
2.61450,90.05,,13.88
2.61460,89.75,,13.93
2.61470,89.52,,14.12
2.61480,89.47,,14.12
2.61490,89.06,,14.18
2.61500,88.55,,14.04
2.61510,87.99,,14.01
2.61520,87.69,,14.04
2.61530,87.67,,13.85
2.61540,87.26,,14.04
2.61550,87.23,,13.93
2.61560,86.65,,13.96
2.61570,86.21,,13.88
2.61580,85.50,,14.01
2.61590,85.38,,14.04
2.61600,85.56,,14.01
2.61610,85.49,,13.96
2.61620,85.11,,14.10
2.61630,84.38,,13.96
2.61640,83.61,,13.93
2.61650,83.37,,14.04
2.61660,83.26,,14.01
2.61670,83.10,,14.04
2.61680,82.08,,13.96
2.61690,81.81,,14.10
2.61700,81.13,,14.04
2.61710,80.39,,14.01
2.61720,79.60,,14.04
2.61730,79.45,,14.01
2.61740,79.62,,14.04
2.61750,79.93,,14.01
2.61760,79.46,,14.20
2.61770,78.50,,14.01
2.61780,77.75,,14.04
2.61790,77.47,,14.04
2.61800,77.22,,14.01
2.61810,77.50,,13.88
2.61820,77.08,,13.93
2.61830,75.93,,13.80
2.61840,75.27,,14.01
2.61850,75.41,,14.04
2.61860,74.37,,14.01
2.61870,73.65,,14.04
2.61880,73.05,,14.04
2.61890,72.71,,13.85
2.61900,72.30,,13.88
2.61910,71.39,,14.01
2.61920,70.66,,14.04
2.61930,69.85,,14.01
2.61940,69.45,,14.20
2.61950,68.92,,14.01
2.61960,68.59,,14.12
2.61970,68.39,,14.10
2.61980,68.25,,14.04
2.61990,68.09,,14.04
2.62000,67.55,,13.93
2.62010,67.01,,13.96
2.62020,66.55,,14.01
2.62030,65.86,,14.04
2.62040,65.44,,14.01
2.62050,64.70,,14.04
2.62060,63.88,,14.01
2.62070,63.08,,13.72
2.62080,62.19,,13.88
2.62090,61.92,,13.85
2.62100,61.52,,13.88
2.62110,61.04,,14.01
2.62120,60.23,,14.04
2.62130,59.81,,14.01
2.62140,59.05,,14.04
2.62150,58.48,,14.01
2.62160,57.66,,13.88
2.62170,57.26,,13.93
2.62180,56.98,,13.96
2.62190,56.34,,13.88
2.62200,55.73,,14.01
2.62210,55.22,,13.96
2.62220,54.20,,14.10
2.62230,53.09,,14.04
2.62240,52.08,,14.10
2.62250,51.63,,13.96
2.62260,51.03,,13.85
2.62270,50.61,,13.88
2.62280,49.52,,13.72
2.62290,48.65,,13.85
2.62300,47.92,,13.88
2.62310,46.42,,14.01
2.62320,45.48,,14.04
2.62330,45.19,,14.01
2.62340,44.89,,14.04
2.62350,44.98,,13.85
2.62360,44.79,,13.88
2.62370,44.72,,13.85
2.62380,44.36,,13.88
2.62390,44.15,,13.88
2.62400,44.01,,14.01
2.62410,43.56,,13.96
2.62420,42.44,,14.10
2.62430,41.40,,14.04
2.62440,40.83,,14.01
2.62450,40.51,,13.96
2.62460,40.13,,13.93
2.62470,39.61,,13.88
2.62480,38.50,,13.88
2.62490,37.36,,13.93
2.62500,36.75,,14.12
2.62510,36.16,,14.01
2.62520,35.40,,14.04
2.62530,34.92,,13.85
2.62540,34.33,,13.88
2.62550,33.39,,13.77
2.62560,32.34,,13.80
2.62570,31.48,,13.85
2.62580,31.45,,14.04
2.62590,31.21,,14.04
2.62600,29.90,,14.01
2.62610,28.55,,14.12
2.62620,27.68,,14.10
2.62630,27.67,,13.88
2.62640,27.93,,14.01
2.62650,28.04,,13.88
2.62660,27.40,,14.01
2.62670,26.41,,14.04
2.62680,25.79,,14.04
2.62690,25.51,,14.01
2.62700,25.86,,14.20
2.62710,25.84,,13.85
2.62720,25.63,,14.04
2.62730,26.07,,13.85
2.62740,26.46,,14.04
2.62750,25.55,,13.85
2.62760,24.96,,14.04
2.62770,24.37,,14.18
2.62780,24.71,,14.04
2.62790,24.54,,14.04
2.62800,24.76,,14.01
2.62810,24.64,,13.88
2.62820,24.43,,13.93
2.62830,24.39,,13.96
2.62840,24.37,,14.01
2.62850,24.43,,13.88
2.62860,24.18,,14.01
2.62870,23.74,,14.12
2.62880,23.68,,14.12
2.62890,23.39,,14.18
2.62900,23.62,,13.88
2.62910,23.91,,13.85
2.62920,24.00,,13.88
2.62930,24.20,,14.01
2.62940,24.37,,14.04
2.62950,24.24,,14.18
2.62960,24.27,,14.20
2.62970,24.30,,14.35
2.62980,24.32,,14.20
2.62990,24.40,,14.12
2.63000,24.23,,14.10
2.63010,24.31,,13.88
2.63020,24.71,,13.77
2.63030,25.31,,13.80
2.63040,25.40,,13.85
2.63050,25.34,,14.04
2.63060,25.06,,14.35
2.63070,24.92,,14.20
2.63080,24.89,,14.20
2.63090,25.01,,14.01
2.63100,25.32,,13.88
2.63110,25.79,,13.77
2.63120,26.29,,13.80
2.63130,26.51,,14.01
2.63140,26.41,,13.88
2.63150,26.51,,14.18
2.63160,26.83,,14.37
2.63170,26.75,,14.18
2.63180,26.57,,14.20
2.63190,27.14,,14.20
2.63200,27.63,,13.85
2.63210,28.00,,13.88
2.63220,28.36,,13.85
2.63230,28.53,,13.88
2.63240,28.47,,14.18
2.63250,28.32,,14.12
2.63260,28.28,,14.27
2.63270,28.67,,14.04
2.63280,29.29,,14.04
2.63290,29.71,,13.85
2.63300,30.30,,13.88
2.63310,30.79,,13.85
2.63320,31.06,,14.04
2.63330,31.40,,14.18
2.63340,31.68,,14.20
2.63350,31.84,,14.18
2.63360,32.06,,14.20
2.63370,32.65,,14.10
2.63380,33.01,,13.96
2.63390,33.30,,14.04
2.63400,33.90,,14.01
2.63410,33.95,,14.04
2.63420,33.77,,14.01
2.63430,33.99,,14.04
2.63440,34.17,,14.01
2.63450,34.38,,14.04
2.63460,34.77,,14.01
2.63470,35.02,,13.88
2.63480,35.25,,13.88
2.63490,35.76,,13.85
2.63500,36.20,,14.12
2.63510,36.47,,14.18
2.63520,36.71,,14.29
2.63530,36.56,,14.01
2.63540,36.73,,14.20
2.63550,37.02,,14.01
2.63560,37.62,,13.96
2.63570,38.00,,13.93
2.63580,38.06,,13.88
2.63590,38.19,,13.88
2.63600,37.97,,14.18
2.63610,37.68,,14.12
2.63620,37.70,,14.27
2.63630,37.84,,14.20
2.63640,38.05,,14.01
2.63650,38.05,,14.04
2.63660,38.42,,13.85
2.63670,38.60,,13.88
2.63680,38.87,,14.04
2.63690,38.98,,14.01
2.63700,38.93,,14.20
2.63710,39.12,,14.35
2.63720,39.33,,14.29
2.63730,39.64,,14.18
2.63740,39.83,,14.12
2.63750,39.95,,14.01
2.63760,40.06,,14.04
2.63770,39.84,,13.85
2.63780,40.16,,13.96
2.63790,40.59,,13.96
2.63800,40.89,,14.10
2.63810,40.92,,14.12
2.63820,40.60,,14.18
2.63830,40.74,,14.12
2.63840,40.64,,13.93
2.63850,40.91,,14.04
2.63860,41.23,,14.01
2.63870,41.22,,14.04
2.63880,40.82,,14.20
2.63890,41.18,,14.18
2.63900,41.70,,14.12
2.63910,42.31,,14.18
2.63920,42.23,,14.12
2.63930,42.22,,14.18
2.63940,42.34,,14.20
2.63950,42.14,,14.10
2.63960,42.31,,14.12
2.63970,42.64,,14.01
2.63980,42.74,,14.04
2.63990,42.38,,14.12
2.64000,42.78,,14.10
2.64010,43.26,,14.20
2.64020,43.64,,13.93
2.64030,43.88,,13.96
2.64040,44.19,,14.01
2.64050,44.50,,14.20
2.64060,44.50,,14.01
2.64070,44.60,,14.20
2.64080,44.95,,14.04
2.64090,45.74,,14.10
2.64100,45.77,,13.96
2.64110,46.32,,14.10
2.64120,46.70,,14.12
2.64130,46.85,,14.35
2.64140,47.08,,14.20
2.64150,47.19,,14.18
2.64160,47.18,,14.37
2.64170,47.25,,14.18
2.64180,47.29,,14.37
2.64190,47.26,,14.12
2.64200,47.25,,13.93
2.64210,47.30,,13.88
2.64220,47.20,,14.01
2.64230,47.36,,14.04
2.64240,47.20,,14.18
2.64250,47.26,,14.04
2.64260,47.55,,14.18
2.64270,47.87,,14.04
2.64280,48.13,,14.20
2.64290,48.56,,14.01
2.64300,48.67,,14.20
2.64310,48.67,,14.10
2.64320,48.91,,14.12
2.64330,49.07,,14.01
2.64340,49.38,,14.29
2.64350,49.41,,14.27
2.64360,49.40,,14.37
2.64370,49.60,,14.18
2.64380,49.68,,14.20
2.64390,49.86,,14.20
2.64400,49.83,,14.01
2.64410,49.96,,14.04
2.64420,50.22,,14.18
2.64430,49.53,,14.04
2.64440,49.74,,14.18
2.64450,50.55,,14.20
2.64460,51.08,,14.01
2.64470,51.58,,14.04
2.64480,51.81,,14.18
2.64490,51.79,,14.20
2.64500,51.78,,14.20
2.64510,52.06,,14.01
2.64520,52.23,,14.20
2.64530,52.28,,14.18
2.64540,52.07,,14.20
2.64550,51.56,,14.35
2.64560,51.45,,14.04
2.64570,51.54,,14.18
2.64580,51.69,,13.88
2.64590,51.53,,14.20
2.64600,51.34,,14.10
2.64610,51.22,,14.37
2.64620,51.09,,14.27
2.64630,51.38,,14.37
2.64640,52.15,,14.18
2.64650,52.23,,14.20
2.64660,52.59,,14.18
2.64670,52.55,,14.20
2.64680,52.43,,14.18
2.64690,52.40,,14.04
2.64700,52.77,,14.04
2.64710,53.22,,14.18
2.64720,53.33,,14.20
2.64730,53.13,,14.35
2.64740,53.23,,14.20
2.64750,52.86,,14.18
2.64760,52.96,,14.20
2.64770,53.17,,14.01
2.64780,52.71,,14.20
2.64790,52.15,,14.20
2.64800,52.41,,14.18
2.64810,52.67,,14.12
2.64820,52.44,,14.10
2.64830,52.42,,14.37
2.64840,52.69,,14.18
2.64850,52.70,,14.20
2.64860,53.00,,14.01
2.64870,53.41,,14.20
2.64880,53.65,,14.18
2.64890,53.53,,14.20
2.64900,53.93,,14.37
2.64910,54.46,,14.35
2.64920,54.42,,14.37
2.64930,54.66,,14.01
2.64940,54.76,,14.20
2.64950,54.74,,14.01
2.64960,54.68,,13.96
2.64970,54.62,,14.10
2.64980,54.68,,14.20
2.64990,54.83,,14.20
2.65000,55.34,,14.18
2.65010,55.73,,14.29
2.65020,55.80,,14.27
2.65030,55.86,,14.37
2.65040,55.79,,14.18
2.65050,55.71,,14.04
2.65060,56.09,,14.18
2.65070,56.35,,14.04
2.65080,56.43,,14.35
2.65090,56.38,,14.29
2.65100,56.00,,14.46
2.65110,56.04,,14.35
2.65120,55.92,,14.20
2.65130,55.74,,14.18
2.65140,55.82,,14.20
2.65150,55.31,,14.01
2.65160,54.98,,14.04
2.65170,54.92,,14.01
2.65180,55.05,,14.12
2.65190,55.22,,14.12
2.65200,55.57,,14.18
2.65210,55.70,,14.37
2.65220,55.54,,14.35
2.65230,55.52,,14.20
2.65240,55.54,,14.35
2.65250,56.10,,14.20
2.65260,56.30,,14.18
2.65270,56.74,,14.20
2.65280,56.19,,14.35
2.65290,56.07,,14.37
2.65300,56.00,,14.37
2.65310,55.91,,14.18
2.65320,55.79,,14.12
2.65330,55.53,,14.27
2.65340,55.27,,14.20
2.65350,55.30,,14.27
2.65360,55.62,,14.12
2.65370,56.09,,14.18
2.65380,56.48,,14.20
2.65390,56.54,,14.29
2.65400,56.42,,14.44
2.65410,56.23,,14.37
2.65420,56.35,,14.18
2.65430,56.65,,14.37
2.65440,56.69,,14.18
2.65450,56.48,,14.20
2.65460,56.27,,14.18
2.65470,56.16,,14.20
2.65480,55.96,,14.18
2.65490,55.71,,14.20
2.65500,55.78,,14.20
2.65510,55.65,,14.18
2.65520,55.73,,14.20
2.65530,55.84,,14.35
2.65540,56.02,,14.29
2.65550,56.00,,14.44
2.65560,56.10,,14.37
2.65570,55.99,,14.18
2.65580,56.08,,14.37
2.65590,55.89,,14.12
2.65600,55.82,,14.18
2.65610,55.78,,14.12
2.65620,55.93,,14.18
2.65630,56.09,,14.37
2.65640,56.30,,14.18
2.65650,56.26,,14.20
2.65660,56.00,,14.35
2.65670,56.03,,14.20
2.65680,56.28,,14.18
2.65690,56.77,,14.20
2.65700,56.64,,14.20
2.65710,56.51,,14.01
2.65720,56.96,,14.29
2.65730,57.18,,14.44
2.65740,57.05,,14.37
2.65750,56.66,,14.44
2.65760,56.58,,14.29
2.65770,56.65,,14.27
2.65780,56.71,,14.12
2.65790,56.81,,14.20
2.65800,56.87,,14.18
2.65810,57.04,,14.04
2.65820,56.97,,14.35
2.65830,56.88,,14.20
2.65840,56.73,,14.35
2.65850,56.52,,14.20
2.65860,56.39,,14.35
2.65870,56.15,,14.20
2.65880,55.60,,14.18
2.65890,55.08,,14.12
2.65900,55.24,,14.12
2.65910,55.49,,14.18
2.65920,55.83,,14.37
2.65930,55.66,,14.35
2.65940,55.23,,14.46
2.65950,54.69,,14.44
2.65960,54.42,,14.37
2.65970,54.35,,14.18
2.65980,54.18,,14.20
2.65990,53.92,,14.04
2.66000,53.41,,14.01
2.66010,53.00,,14.20
2.66020,52.24,,14.18
2.66030,51.59,,14.37
2.66040,51.37,,14.35
2.66050,51.05,,14.37
2.66060,50.62,,14.35
2.66070,50.08,,14.54
2.66080,49.87,,14.27
2.66090,49.59,,14.29
2.66100,49.49,,14.20
2.66110,49.45,,14.18
2.66120,49.25,,14.37
2.66130,48.95,,14.35
2.66140,48.61,,14.20
2.66150,48.36,,14.35
2.66160,48.05,,14.20
2.66170,48.13,,14.18
2.66180,47.95,,14.20
2.66190,47.61,,14.20
2.66200,47.24,,14.18
2.66210,46.85,,14.20
2.66220,46.71,,14.35
2.66230,46.34,,14.37
2.66240,45.39,,14.53
2.66250,44.38,,14.37
2.66260,44.24,,14.44
2.66270,44.68,,14.37
2.66280,44.54,,14.27
2.66290,44.30,,14.29
2.66300,43.65,,14.12
2.66310,43.04,,14.35
2.66320,42.62,,14.20
2.66330,42.43,,14.18
2.66340,42.30,,14.20
2.66350,42.13,,14.35
2.66360,41.56,,14.20
2.66370,41.02,,14.18
2.66380,40.68,,14.37
2.66390,40.60,,14.20
2.66400,40.24,,14.27
2.66410,39.84,,14.29
2.66420,39.60,,14.27
2.66430,38.97,,14.29
2.66440,38.59,,14.18
2.66450,38.22,,14.37
2.66460,38.18,,14.27
2.66470,38.20,,14.37
2.66480,37.75,,14.27
2.66490,37.48,,14.37
2.66500,37.18,,14.37
2.66510,37.29,,14.35
2.66520,37.24,,14.04
2.66530,37.47,,14.18
2.66540,37.76,,14.04
2.66550,37.83,,14.18
2.66560,37.47,,14.20
2.66570,37.42,,14.35
2.66580,37.07,,14.37
2.66590,36.49,,14.37
2.66600,35.98,,14.35
2.66610,36.46,,14.37
2.66620,35.14,,14.18
2.66630,34.97,,14.12
2.66640,35.29,,14.18
2.66650,34.96,,14.12
2.66660,34.88,,14.35
2.66670,34.41,,14.20
2.66680,33.87,,14.35
2.66690,34.01,,14.20
2.66700,34.28,,14.20
2.66710,34.50,,14.10
2.66720,34.80,,14.12
2.66730,34.89,,14.18
2.66740,34.54,,14.37
2.66750,34.40,,14.18
2.66760,34.61,,14.37
2.66770,34.52,,14.35
2.66780,34.25,,14.20
2.66790,34.16,,14.37
2.66800,33.96,,14.18
2.66810,33.87,,14.20
2.66820,33.65,,14.18
2.66830,33.81,,14.20
2.66840,34.51,,14.27
2.66850,33.90,,14.29
2.66860,33.83,,14.18
2.66870,33.52,,14.20
2.66880,34.07,,14.18
2.66890,34.50,,14.04
2.66900,34.69,,14.04
2.66910,34.85,,14.01
2.66920,35.07,,14.20
2.66930,35.15,,14.35
2.66940,35.57,,14.20
2.66950,35.63,,14.35
2.66960,35.78,,14.20
2.66970,35.93,,14.35
2.66980,35.85,,14.20
2.66990,35.70,,14.12
2.67000,36.27,,14.10
2.67010,36.72,,14.04
2.67020,37.08,,14.18
2.67030,37.36,,14.20
2.67040,37.70,,14.18
2.67050,37.80,,14.20
2.67060,38.19,,14.01
2.67070,38.47,,14.20
2.67080,38.82,,14.01
2.67090,39.55,,14.12
2.67100,39.98,,14.12
2.67110,40.13,,14.18
2.67120,40.30,,14.20
2.67130,40.34,,14.35
2.67140,40.55,,14.20
2.67150,40.75,,14.18
2.67160,41.07,,14.04
2.67170,41.75,,14.01
2.67180,42.23,,14.04
2.67190,42.90,,13.93
2.67200,43.22,,14.12
2.67210,43.30,,14.12
2.67220,43.66,,14.27
2.67230,43.85,,14.29
2.67240,44.08,,14.27
2.67250,44.58,,14.20
2.67260,45.34,,14.01
2.67270,45.33,,14.04
2.67280,45.84,,13.85
2.67290,46.36,,14.04
2.67300,46.79,,14.04
2.67310,47.04,,14.18
2.67320,47.08,,14.20
2.67330,47.44,,14.18
2.67340,47.70,,14.04
2.67350,48.27,,14.01
2.67360,48.73,,14.04
2.67370,49.28,,13.85
2.67380,49.45,,13.88
2.67390,49.96,,14.01
2.67400,50.34,,14.20
2.67410,50.69,,14.12
2.67420,51.25,,14.18
2.67430,51.44,,14.12
2.67440,51.50,,14.18
2.67450,51.88,,14.04
2.67460,52.33,,13.77
2.67470,52.59,,14.12
2.67480,54.34,,14.01
2.67490,52.82,,14.04
2.67500,53.05,,14.12
2.67510,53.21,,14.27
2.67520,53.12,,14.04
2.67530,53.27,,14.01
2.67540,53.52,,13.88
2.67550,54.85,,13.85
2.67560,55.78,,14.04
2.67570,55.89,,14.01
2.67580,56.60,,14.04
2.67590,56.63,,14.18
2.67600,56.93,,14.20
2.67610,57.28,,14.04
2.67620,57.54,,13.85
2.67630,57.78,,13.88
2.67640,58.33,,13.85
2.67650,58.39,,14.04
2.67660,58.40,,14.01
2.67670,58.49,,14.04
2.67680,58.78,,14.18
2.67690,58.86,,14.20
2.67700,58.91,,14.12
2.67710,58.83,,14.10
2.67720,59.36,,13.88
2.67730,59.90,,13.85
2.67740,60.27,,13.88
2.67750,60.53,,13.85
2.67760,60.60,,13.88
2.67770,60.64,,14.18
2.67780,60.84,,14.04
2.67790,61.18,,14.01
2.67800,61.26,,14.12
2.67810,61.77,,13.96
2.67820,62.14,,13.85
2.67830,62.36,,13.88
2.67840,62.67,,14.01
2.67850,62.94,,14.04
2.67860,63.14,,13.93
2.67870,62.98,,14.12
2.67880,63.16,,14.01
2.67890,62.89,,14.04
2.67900,62.97,,13.88
2.67910,63.58,,14.01
2.67920,64.06,,13.88
2.67930,64.46,,14.01
2.67940,64.68,,13.96
2.67950,64.84,,14.10
2.67960,65.04,,14.04
2.67970,64.85,,13.85
2.67980,65.27,,13.72
2.67990,65.75,,13.69
2.68000,71.59,,13.88
2.68010,66.20,,14.04
2.68020,66.11,,13.69
2.68030,66.30,,13.88
2.68040,66.49,,14.18
2.68050,66.61,,14.12
2.68060,67.54,,13.93
2.68070,68.11,,13.88
2.68080,67.81,,13.69
2.68090,67.64,,13.56
2.68100,67.46,,13.56
2.68110,67.56,,13.85
2.68120,68.89,,13.88
2.68130,67.35,,14.18
2.68140,67.34,,14.20
2.68150,67.59,,14.01
2.68160,67.49,,13.88
2.68170,67.52,,13.69
2.68180,67.88,,13.56
2.68190,68.26,,13.61
2.68200,68.45,,13.64
2.68210,68.49,,13.72
2.68220,68.21,,13.85
2.68230,68.20,,14.04
2.68240,68.12,,13.85
2.68250,67.73,,13.88
2.68260,67.47,,13.61
2.68270,67.71,,13.49
2.68280,68.37,,13.39
2.68290,68.71,,13.56
2.68300,68.95,,13.56
2.68310,68.55,,13.85
2.68320,68.13,,13.88
2.68330,68.00,,13.85
2.68340,68.28,,13.72
2.68350,68.77,,13.69
2.68360,68.79,,13.56
2.68370,68.92,,13.39
2.68380,69.09,,13.41
2.68390,69.18,,13.54
2.68400,69.50,,13.56
2.68410,69.61,,13.72
2.68420,69.94,,13.77
2.68430,69.12,,13.64
2.68440,68.16,,13.69
2.68450,68.27,,13.41
2.68460,68.58,,13.24
2.68470,69.00,,13.27
2.68480,68.94,,13.39
2.68490,68.88,,13.41
2.68500,68.54,,13.56
2.68510,68.90,,13.54
2.68520,71.37,,13.72
2.68530,69.30,,13.54
2.68540,68.74,,13.41
2.68550,67.05,,13.09
2.68560,66.51,,12.98
2.68570,67.21,,13.02
2.68580,68.00,,13.19
2.68590,68.02,,13.24
2.68600,67.93,,13.56
2.68610,67.62,,13.56
2.68620,67.37,,13.69
2.68630,67.43,,13.56
2.68640,67.57,,13.54
2.68650,67.46,,13.34
2.68660,67.04,,13.16
2.68670,66.78,,13.05
2.68680,66.98,,13.02
2.68690,66.96,,12.98
2.68700,67.30,,13.12
2.68710,68.11,,13.09
2.68720,67.39,,13.27
2.68730,67.10,,13.09
2.68740,67.32,,13.05
2.68750,68.03,,13.02
2.68760,68.49,,12.98
2.68770,68.61,,13.09
2.68780,68.85,,12.98
2.68790,69.30,,12.95
2.68800,69.00,,12.98
2.68810,69.56,,12.98
2.68820,70.20,,12.81
2.68830,70.70,,12.98
2.68840,71.22,,12.95
2.68850,71.36,,13.05
2.68860,71.89,,13.02
2.68870,71.92,,12.98
2.68880,71.92,,12.95
2.68890,72.09,,12.84
2.68900,72.72,,12.84
2.68910,72.68,,12.74
2.68920,73.31,,12.77
2.68930,73.59,,12.61
2.68940,73.88,,12.64
2.68950,73.70,,12.54
2.68960,73.91,,12.71
2.68970,73.85,,12.54
2.68980,73.77,,12.51
2.68990,73.82,,12.41
2.69000,74.25,,12.38
2.69010,74.25,,12.57
2.69020,73.37,,12.54
2.69030,73.93,,12.57
2.69040,74.68,,12.67
2.69050,75.13,,12.57
2.69060,75.51,,12.54
2.69070,76.10,,12.44
2.69080,76.72,,12.41
2.69090,76.73,,12.38
2.69100,76.77,,12.38
2.69110,76.45,,12.28
2.69120,76.15,,12.44
2.69130,75.85,,12.41
2.69140,75.55,,12.32
2.69150,75.11,,12.16
2.69160,74.32,,12.19
2.69170,74.09,,12.03
2.69180,73.78,,12.01
2.69190,73.96,,12.03
2.69200,74.01,,12.19
2.69210,73.59,,12.19
2.69220,73.27,,12.22
2.69230,73.20,,12.01
2.69240,72.71,,12.03
2.69250,72.46,,11.78
2.69260,72.07,,11.68
2.69270,71.46,,11.72
2.69280,71.15,,11.85
2.69290,70.55,,11.83
2.69300,70.00,,12.01
2.69310,69.63,,12.03
2.69320,68.97,,12.01
2.69330,67.88,,11.97
2.69340,66.98,,11.72
2.69350,66.85,,11.68
2.69360,66.20,,11.66
2.69370,65.67,,11.85
2.69380,64.95,,11.83
2.69390,64.14,,11.85
2.69400,64.03,,11.78
2.69410,63.77,,11.55
2.69420,62.36,,11.51
2.69430,61.00,,11.33
2.69440,60.05,,11.35
2.69450,59.08,,11.18
2.69460,58.23,,11.35
2.69470,57.26,,11.33
2.69480,56.13,,11.51
2.69490,55.18,,11.55
2.69500,54.34,,11.44
2.69510,53.39,,11.19
2.69520,52.04,,11.33
2.69530,51.03,,11.35
2.69540,50.04,,11.50
2.69550,49.69,,11.51
2.69560,48.79,,11.33
2.69570,48.26,,11.19
2.69580,47.13,,11.18
2.69590,46.85,,11.19
2.69600,44.70,,11.02
2.69610,46.26,,11.18
2.69620,41.94,,11.03
2.69630,40.59,,11.02
2.69640,39.30,,10.88
2.69650,37.86,,10.73
2.69660,37.05,,10.88
2.69670,36.11,,10.88
2.69680,34.69,,10.88
2.69690,33.56,,10.88
2.69700,32.29,,11.02
2.69710,30.89,,10.73
2.69720,29.40,,10.59
2.69730,27.99,,10.45
2.69740,26.97,,10.59
2.69750,25.83,,10.88
2.69760,24.33,,10.92
2.69770,23.26,,10.98
2.69780,21.55,,10.59
2.69790,19.91,,10.31
2.69800,18.38,,10.19
2.69810,17.21,,10.19
2.69820,16.01,,10.31
2.69830,14.20,,10.59
2.69840,12.45,,10.59
2.69850,11.11,,10.45
2.69860,9.52,,10.18
2.69870,8.22,,9.94
2.69880,6.65,,9.93
2.69890,5.17,,10.06
2.69900,3.70,,10.31
2.69910,2.25,,10.32
2.69920,0.52,,10.19
2.69930,-1.25,,10.05
2.69940,-3.31,,9.70
2.69950,-5.16,,9.57
2.69960,-7.47,,9.70
2.69970,-9.00,,9.80
2.69980,-10.47,,9.81
2.69990,-11.90,,9.80
2.70000,-13.62,,9.58
2.70010,-14.82,,9.81
2.70020,-16.41,,9.80
2.70030,-17.98,,9.70
2.70040,-19.59,,9.69
2.70050,-21.40,,9.47
2.70060,-23.23,,9.45
2.70070,-25.02,,9.47
2.70080,-26.59,,9.34
2.70090,-28.49,,9.47
2.70100,-30.21,,9.45
2.70110,-31.68,,9.36
2.70120,-33.20,,9.36
2.70130,-34.90,,9.23
2.70140,-36.43,,9.25
2.70150,-38.23,,9.34
2.70160,-39.73,,9.25
2.70170,-41.73,,9.13
2.70180,-43.22,,9.15
2.70190,-44.79,,9.13
2.70200,-46.35,,9.15
2.70210,-48.14,,9.25
2.70220,-49.92,,9.13
2.70230,-51.65,,9.25
2.70240,-53.74,,9.13
2.70250,-55.71,,9.04
2.70260,-57.46,,9.23
2.70270,-58.86,,9.15
2.70280,-60.06,,9.13
2.70290,-61.19,,9.04
2.70300,-62.21,,9.02
2.70310,-63.56,,8.94
2.70320,-65.13,,9.15
2.70330,-66.40,,9.23
2.70340,-67.84,,9.15
2.70350,-69.26,,9.02
2.70360,-71.00,,9.04
2.70370,-73.00,,8.92
2.70380,-75.23,,9.04
2.70390,-78.30,,9.02
2.70400,-81.20,,8.94
2.70410,-83.94,,8.84
2.70420,-85.70,,8.82
2.70430,-86.77,,8.84
2.70440,-86.97,,8.82
2.70450,-85.38,,8.94
2.70460,-82.83,,9.13
2.70470,-80.49,,9.15
2.70480,-77.77,,9.13
2.70490,-74.99,,8.84
2.70500,-73.01,,8.45
2.70510,-71.02,,8.30
2.70520,-68.52,,8.47
2.70530,-65.40,,8.73
2.70540,-62.20,,8.84
2.70550,-59.32,,8.73
2.70560,-56.64,,8.47
2.70570,-53.78,,8.45
2.70580,-50.56,,8.56
2.70590,-46.48,,8.63
2.70600,-42.00,,8.56
2.70610,-37.17,,8.21
2.70620,-31.93,,8.10
2.70630,-26.77,,8.05
2.70640,-21.75,,8.27
2.70650,-17.23,,8.21
2.70660,-13.01,,8.27
2.70670,-8.87,,7.97
2.70680,-3.84,,8.10
2.70690,1.89,,8.21
2.70700,7.75,,8.19
2.70710,14.09,,8.21
2.70720,20.79,,7.89
2.70730,27.88,,7.71
2.70740,35.14,,7.74
2.70750,42.52,,7.86
2.70760,49.94,,7.97
2.70770,56.93,,8.02
2.70780,63.85,,8.05
2.70790,70.99,,7.86
2.70800,78.10,,7.81
2.70810,85.61,,7.89
2.70820,93.25,,7.86
2.70830,100.77,,7.66
2.70840,107.38,,7.49
2.70850,112.45,,7.74
2.70860,118.30,,7.86
2.70870,123.67,,7.89
2.70880,128.93,,7.94
2.70890,133.79,,7.74
2.70900,138.23,,8.02
2.70910,143.49,,8.05
2.70920,149.80,,8.05
2.70930,154.71,,7.79
2.70940,158.62,,7.59
2.70950,162.75,,7.64
2.70960,166.38,,7.74
2.70970,168.72,,7.94
2.70980,171.18,,8.05
2.70990,172.49,,7.94
2.71000,175.19,,8.21
2.71010,177.19,,8.30
2.71020,178.51,,8.19
2.71030,179.37,,7.81
2.71040,179.41,,7.71
2.71050,178.15,,7.74
2.71060,176.10,,7.94
2.71070,178.80,,8.13
2.71080,178.66,,8.19
2.71090,178.59,,8.38
2.71100,178.55,,8.27
2.71110,178.64,,8.21
2.71120,177.48,,8.05
2.71130,176.02,,7.94
2.71140,175.36,,7.89
2.71150,175.42,,7.94
2.71160,174.57,,8.05
2.71170,173.65,,8.27
2.71180,172.04,,8.21
2.71190,172.48,,7.94
2.71200,172.24,,8.05
2.71210,170.72,,8.05
2.71220,169.12,,8.10
2.71230,168.86,,8.21
2.71240,167.73,,8.02
2.71250,166.87,,7.97
2.71260,166.75,,7.64
2.71270,166.52,,7.81
2.71280,165.87,,8.10
2.71290,165.00,,8.05
2.71300,164.34,,7.71
2.71310,163.79,,7.59
2.71320,162.22,,7.74
2.71330,163.37,,7.94
2.71340,163.21,,7.97
2.71350,164.37,,7.79
2.71360,164.53,,7.81
2.71370,165.80,,7.64
2.71380,165.97,,7.66
2.71390,165.19,,7.71
2.71400,164.33,,7.59
2.71410,163.32,,7.52
2.71420,161.09,,7.71
2.71430,159.68,,7.89
2.71440,157.09,,7.86
2.71450,154.55,,7.59
2.71460,152.90,,7.64
2.71470,151.03,,7.81
2.71480,147.81,,7.71
2.71490,144.73,,7.66
2.71500,140.98,,7.42
2.71510,138.72,,7.45
2.71520,138.51,,7.74
2.71530,135.97,,8.02
2.71540,134.48,,8.13
2.71550,132.85,,8.02
2.71560,130.84,,7.74
2.71570,128.31,,7.15
2.71580,123.90,,7.19
2.71590,120.02,,7.71
2.71600,117.37,,8.65
2.71610,116.19,,8.65
2.71620,118.56,,8.10
2.71630,120.27,,7.25
2.71640,119.32,,7.03
2.71650,115.83,,7.59
2.71660,110.93,,8.63
2.71670,105.26,,8.75
2.71680,98.90,,8.45
2.71690,91.85,,8.21
2.71700,83.94,,8.10
2.71710,76.96,,8.21
2.71720,69.56,,8.21
2.71730,62.44,,8.10
2.71740,55.25,,7.89
2.71750,48.17,,7.64
2.71760,40.56,,7.59
2.71770,33.24,,8.27
2.71780,27.05,,8.94
2.71790,21.61,,9.23
2.71800,16.33,,8.94
2.71810,10.16,,8.38
2.71820,3.42,,8.02
2.71830,-3.20,,8.30
2.71840,-9.25,,8.63
2.71850,-15.41,,8.65
2.71860,-20.70,,8.36
2.71870,-26.11,,8.21
2.71880,-31.71,,7.94
2.71890,-36.93,,8.38
2.71900,-42.09,,8.73
2.71910,-47.75,,8.94
2.71920,-53.30,,8.65
2.71930,-58.27,,8.54
2.71940,-63.16,,8.38
2.71950,-66.97,,8.45
2.71960,-69.73,,8.47
2.71970,-71.60,,8.27
2.71980,-73.18,,8.38
2.71990,-74.90,,8.27
2.72000,-76.59,,8.30
2.72010,-78.99,,8.47
2.72020,-81.65,,8.63
2.72030,-83.56,,8.56
2.72040,-84.85,,8.45
2.72050,-85.41,,8.21
2.72060,-86.45,,8.10
2.72070,-86.85,,8.13
2.72080,-87.18,,8.19
2.72090,-87.03,,8.38
2.72100,-86.89,,8.27
2.72110,-86.99,,8.38
2.72120,-86.76,,8.38
2.72130,-86.33,,8.54
2.72140,-85.79,,8.47
2.72150,-84.93,,8.36
2.72160,-84.01,,8.30
2.72170,-83.23,,8.27
2.72180,-82.32,,8.38
2.72190,-81.48,,8.45
2.72200,-80.40,,8.38
2.72210,-79.47,,8.65
2.72220,-77.96,,8.45
2.72230,-76.23,,8.56
2.72240,-74.81,,8.54
2.72250,-73.46,,8.47
2.72260,-71.83,,8.82
2.72270,-69.64,,8.75
2.72280,-68.05,,8.63
2.72290,-66.74,,8.47
2.72300,-65.17,,8.36
2.72310,-62.37,,8.56
2.72320,-59.76,,8.84
2.72330,-57.14,,9.02
2.72340,-54.94,,8.94
2.72350,-52.71,,8.73
2.72360,-50.04,,8.65
2.72370,-47.05,,8.82
2.72380,-44.37,,8.84
2.72390,-41.59,,8.82
2.72400,-38.81,,8.84
2.72410,-36.15,,8.84
2.72420,-33.40,,8.82
2.72430,-31.42,,8.75
2.72440,-29.68,,8.92
2.72450,-28.05,,8.94
2.72460,-26.14,,8.92
2.72470,-24.49,,9.04
2.72480,-22.87,,8.82
2.72490,-21.05,,8.94
2.72500,-19.37,,8.82
2.72510,-17.57,,8.84
2.72520,-15.69,,9.04
2.72530,-13.44,,8.92
2.72540,-11.36,,8.94
2.72550,-9.43,,8.92
2.72560,-7.27,,8.84
2.72570,-5.50,,9.02
2.72580,-3.79,,9.15
2.72590,-2.21,,9.02
2.72600,-0.28,,8.94
2.72610,1.06,,8.92
2.72620,2.41,,8.65
2.72630,4.35,,8.94
2.72640,5.39,,9.45
2.72650,6.79,,9.25
2.72660,8.40,,9.23
2.72670,10.34,,8.94
2.72680,11.94,,8.82
2.72690,13.23,,9.15
2.72700,15.11,,9.23
2.72710,16.39,,9.36
2.72720,17.74,,9.36
2.72730,19.17,,9.13
2.72740,20.57,,8.84
2.72750,22.19,,9.02
2.72760,24.11,,9.36
2.72770,25.72,,9.45
2.72780,26.84,,9.36
2.72790,28.24,,9.23
2.72800,29.62,,9.15
2.72810,30.74,,9.13
2.72820,32.57,,9.47
2.72830,33.95,,9.47
2.72840,34.91,,9.57
2.72850,35.69,,9.47
2.72860,36.96,,9.23
2.72870,38.49,,9.36
2.72880,39.28,,9.34
2.72890,39.67,,9.58
2.72900,40.94,,9.57
2.72910,41.96,,9.58
2.72920,43.10,,9.47
2.72930,44.50,,9.34
2.72940,45.70,,9.47
2.72950,47.05,,9.69
2.72960,48.16,,9.58
2.72970,49.33,,9.69
2.72980,50.57,,9.47
2.72990,52.05,,9.57
2.73000,53.51,,9.58
2.73010,54.53,,9.57
2.73020,55.44,,9.58
2.73030,56.43,,9.58
2.73040,57.41,,9.57
2.73050,58.05,,9.58
2.73060,59.54,,9.69
2.73070,60.33,,9.81
2.73080,61.42,,9.69
2.73090,62.32,,9.70
2.73100,63.40,,9.69
2.73110,64.49,,9.70
2.73120,65.89,,9.70
2.73130,66.94,,9.80
2.73140,67.72,,9.70
2.73150,68.72,,9.69
2.73160,69.99,,9.70
2.73170,71.31,,9.69
2.73180,72.29,,9.70
2.73190,73.19,,9.80
2.73200,74.30,,9.94
2.73210,75.65,,9.93
2.73220,76.76,,9.94
2.73230,77.33,,9.81
2.73240,78.40,,9.69
2.73250,78.86,,9.81
2.73260,79.59,,9.80
2.73270,80.61,,9.81
2.73280,81.63,,9.93
2.73290,82.34,,10.06
2.73300,83.22,,10.05
2.73310,84.17,,9.94
2.73320,84.95,,9.94
2.73330,85.67,,9.93
2.73340,86.72,,10.06
2.73350,87.58,,10.05
2.73360,88.25,,10.06
2.73370,88.86,,9.93
2.73380,89.19,,10.06
2.73390,89.63,,10.05
2.73400,89.58,,10.06
2.73410,89.45,,10.18
2.73420,89.42,,10.19
2.73430,89.24,,10.19
2.73440,89.41,,10.18
2.73450,89.57,,10.19
2.73460,89.76,,10.18
2.73470,89.78,,10.19
2.73480,89.43,,10.18
2.73490,89.53,,10.19
2.73500,89.41,,10.05
2.73510,89.83,,10.19
2.73520,89.95,,10.32
2.73530,89.92,,10.45
2.73540,89.78,,10.32
2.73550,89.63,,10.18
2.73560,89.58,,10.32
2.73570,89.85,,10.31
2.73580,92.00,,10.32
2.73590,89.13,,10.31
2.73600,88.71,,10.32
2.73610,88.95,,10.31
2.73620,89.00,,10.32
2.73630,89.06,,10.32
2.73640,89.28,,10.45
2.73650,89.33,,10.59
2.73660,88.86,,10.45
2.73670,88.60,,10.59
2.73680,88.46,,10.45
2.73690,87.92,,10.32
2.73700,87.66,,10.45
2.73710,87.36,,10.45
2.73720,87.12,,10.59
2.73730,86.76,,10.45
2.73740,86.13,,10.32
2.73750,86.09,,10.45
2.73760,86.29,,10.45
2.73770,86.50,,10.59
2.73780,86.02,,10.73
2.73790,85.18,,10.73
2.73800,84.92,,10.45
2.73810,84.79,,10.45
2.73820,84.76,,10.45
2.73830,84.47,,10.59
2.73840,84.18,,10.59
2.73850,83.92,,10.73
2.73860,83.25,,10.73
2.73870,83.03,,10.73
2.73880,82.75,,10.45
2.73890,81.79,,10.59
2.73900,81.54,,10.59
2.73910,81.07,,10.73
2.73920,80.60,,10.88
2.73930,80.35,,10.88
2.73940,79.82,,10.73
2.73950,79.35,,10.73
2.73960,78.93,,10.59
2.73970,78.15,,10.59
2.73980,77.75,,10.73
2.73990,76.94,,10.88
2.74000,76.91,,10.73
2.74010,76.95,,10.88
2.74020,76.81,,10.88
2.74030,76.42,,10.88
2.74040,76.12,,10.73
2.74050,75.98,,10.88
2.74060,75.93,,10.88
2.74070,75.55,,10.88
2.74080,75.45,,11.03
2.74090,74.39,,10.88
2.74100,73.39,,10.88
2.74110,72.71,,10.73
2.74120,72.21,,10.88
2.74130,72.10,,10.88
2.74140,71.68,,11.18
2.74150,71.31,,11.03
2.74160,70.49,,11.02
2.74170,69.67,,11.03
2.74180,69.38,,10.88
2.74190,69.00,,10.88
2.74200,68.40,,11.02
2.74210,67.96,,11.03
2.74220,67.13,,11.02
2.74230,66.56,,11.02
2.74240,65.90,,11.03
2.74250,65.35,,11.18
2.74260,64.54,,11.03
2.74270,63.89,,11.13
2.74280,63.18,,11.08
2.74290,62.29,,11.02
2.74300,61.70,,11.19
2.74310,61.15,,11.18
2.74320,60.56,,11.02
2.74330,59.51,,11.13
2.74340,58.73,,11.07
2.74350,58.99,,11.03
2.74360,58.29,,11.18
2.74370,57.66,,11.19
2.74380,57.07,,11.33
2.74390,56.77,,11.24
2.74400,56.42,,11.28
2.74410,55.80,,11.35
2.74420,55.06,,11.18
2.74430,54.43,,11.18
2.74440,53.93,,11.24
2.74450,53.30,,11.28
2.74460,53.14,,11.19
2.74470,52.65,,11.33
2.74480,51.94,,11.35
2.74490,51.63,,11.33
2.74500,51.01,,11.35
2.74510,50.79,,11.33
2.74520,50.51,,11.33
2.74530,50.31,,11.35
2.74540,50.14,,11.50
2.74550,49.14,,11.35
2.74560,48.69,,11.18
2.74570,48.39,,11.35
2.74580,48.44,,11.23
2.74590,48.39,,11.45
2.74600,47.91,,11.39
2.74610,47.67,,11.45
2.74620,47.42,,11.50
2.74630,47.05,,11.50
2.74640,47.03,,11.51
2.74650,47.01,,11.66
2.74660,46.83,,11.35
2.74670,46.43,,11.61
2.74680,45.96,,11.57
2.74690,45.79,,11.50
2.74700,45.39,,11.35
2.74710,44.78,,11.50
2.74720,44.75,,11.50
2.74730,44.31,,11.45
2.74740,43.84,,11.55
2.74750,44.25,,11.51
2.74760,44.57,,11.50
2.74770,44.57,,11.68
2.74780,44.47,,11.66
2.74790,44.35,,11.62
2.74800,44.19,,11.72
2.74810,44.11,,11.68
2.74820,43.92,,11.61
2.74830,43.75,,11.39
2.74840,44.07,,11.57
2.74850,44.25,,11.78
2.74860,44.33,,11.62
2.74870,44.33,,11.72
2.74880,44.40,,11.68
2.74890,44.47,,11.66
2.74900,44.67,,11.51
2.74910,45.10,,11.66
2.74920,45.36,,11.66
2.74930,45.32,,11.57
2.74940,45.29,,11.78
2.74950,45.34,,11.68
2.74960,45.78,,11.83
2.74970,46.17,,11.74
2.74980,46.37,,11.78
2.74990,46.33,,11.51
2.75000,46.30,,11.61
2.75010,46.58,,11.57
2.75020,47.07,,11.66
2.75030,47.53,,11.83
2.75040,47.90,,11.85
2.75050,47.90,,11.95
2.75060,47.78,,11.91
2.75070,47.92,,11.83
2.75080,48.09,,11.68
2.75090,48.28,,11.66
2.75100,48.30,,11.74
2.75110,48.61,,11.78
2.75120,48.91,,11.83
2.75130,49.33,,11.85
2.75140,49.36,,11.83
2.75150,49.72,,11.68
2.75160,50.24,,11.72
2.75170,50.63,,11.79
2.75180,50.95,,11.66
2.75190,51.50,,11.85
2.75200,52.23,,11.83
2.75210,52.70,,12.03
2.75220,52.75,,11.95
2.75230,53.51,,11.89
2.75240,53.01,,11.68
2.75250,53.37,,11.66
2.75260,53.74,,11.68
2.75270,54.52,,11.66
2.75280,54.93,,11.85
2.75290,55.39,,11.83
2.75300,55.62,,12.03
2.75310,55.73,,11.95
2.75320,56.11,,11.91
2.75330,56.56,,11.83
2.75340,57.01,,11.72
2.75350,57.53,,11.79
2.75360,57.96,,11.95
2.75370,58.31,,11.91
2.75380,58.70,,11.83
2.75390,59.22,,11.85
2.75400,59.72,,11.83
2.75410,59.84,,11.85
2.75420,59.80,,11.83
2.75430,59.98,,11.83
2.75440,60.10,,11.79
2.75450,60.31,,11.89
2.75460,60.70,,11.85
2.75470,60.99,,11.83
2.75480,61.31,,12.03
2.75490,61.57,,11.72
2.75500,61.83,,11.79
2.75510,62.01,,11.95
2.75520,62.53,,12.03
2.75530,62.25,,12.07
2.75540,61.90,,11.83
2.75550,62.07,,11.79
2.75560,62.64,,11.72
2.75570,63.08,,11.85
2.75580,63.45,,11.83
2.75590,63.62,,12.03
2.75600,63.62,,12.01
2.75610,63.45,,12.03
2.75620,63.49,,12.01
2.75630,63.37,,11.89
2.75640,63.82,,11.79
2.75650,63.83,,11.66
2.75660,63.91,,11.85
2.75670,64.08,,11.83
2.75680,64.20,,11.85
2.75690,64.71,,12.01
2.75700,65.01,,12.03
2.75710,64.81,,11.95
2.75720,64.77,,11.91
2.75730,64.63,,11.83
2.75740,64.88,,11.83
2.75750,65.14,,12.03
2.75760,65.16,,11.83
2.75770,65.39,,12.03
2.75780,65.44,,12.01
2.75790,65.48,,12.03
2.75800,65.74,,11.83
2.75810,65.73,,11.85
2.75820,66.03,,11.83
2.75830,66.14,,11.95
2.75840,66.21,,11.91
2.75850,65.95,,12.01
2.75860,65.76,,12.03
2.75870,66.02,,12.01
2.75880,65.91,,11.85
2.75890,66.38,,11.89
2.75900,66.27,,11.79
2.75910,65.88,,11.83
2.75920,65.69,,12.03
2.75930,65.84,,11.83
2.75940,65.47,,12.01
2.75950,65.42,,12.03
2.75960,65.89,,11.89
2.75970,65.94,,11.97
2.75980,65.81,,12.01
2.75990,65.77,,11.85
2.76000,65.88,,12.01
2.76010,65.94,,12.03
2.76020,65.74,,12.01
2.76030,65.38,,11.89
2.76040,65.09,,11.79
2.76050,65.26,,11.83
2.76060,65.15,,11.85
2.76070,65.40,,12.01
2.76080,65.38,,12.16
2.76090,65.24,,12.07
2.76100,65.00,,12.03
2.76110,64.75,,12.01
2.76120,65.01,,11.85
2.76130,65.06,,12.01
2.76140,64.79,,11.89
2.76150,64.74,,11.97
2.76160,64.77,,11.83
2.76170,64.96,,11.97
2.76180,65.29,,11.89
2.76190,65.35,,12.03
2.76200,65.03,,12.01
2.76210,65.14,,12.03
2.76220,65.04,,12.01
2.76230,64.83,,12.01
2.76240,64.95,,12.03
2.76250,65.06,,12.01
2.76260,65.24,,11.85
2.76270,65.31,,12.01
2.76280,64.99,,11.85
2.76290,64.11,,12.01
2.76300,63.86,,11.85
2.76310,64.41,,11.83
2.76320,64.87,,12.03
2.76330,64.71,,12.01
2.76340,64.13,,12.01
2.76350,63.87,,12.03
2.76360,64.01,,12.01
2.76370,63.98,,11.97
2.76380,64.25,,12.07
2.76390,63.59,,11.85
2.76400,63.01,,12.01
2.76410,62.84,,11.91
2.76420,62.99,,11.95
2.76430,63.15,,12.01
2.76440,62.93,,12.03
2.76450,62.62,,12.01
2.76460,62.19,,11.85
2.76470,61.87,,12.01
2.76480,62.00,,11.85
2.76490,62.29,,12.01
2.76500,62.18,,12.03
2.76510,61.94,,12.01
2.76520,61.54,,12.03
2.76530,60.84,,12.13
2.76540,60.63,,11.89
2.76550,60.49,,11.97
2.76560,60.73,,11.89
2.76570,60.74,,11.85
2.76580,60.40,,12.01
2.76590,60.15,,12.03
2.76600,59.66,,12.01
2.76610,59.67,,11.85
2.76620,59.68,,12.01
2.76630,59.58,,12.01
2.76640,59.29,,11.97
2.76650,59.07,,12.07
2.76660,58.99,,12.03
2.76670,58.46,,12.01
2.76680,58.40,,11.85
2.76690,58.29,,12.01
2.76700,58.24,,12.03
2.76710,58.20,,11.89
2.76720,57.88,,12.03
2.76730,57.45,,12.07
2.76740,56.90,,11.89
2.76750,56.21,,12.03
2.76760,56.24,,12.01
2.76770,56.13,,11.85
2.76780,55.69,,12.01
2.76790,55.42,,12.03
2.76800,55.29,,12.01
2.76810,55.03,,12.03
2.76820,54.74,,12.01
2.76830,54.38,,12.01
2.76840,54.19,,11.85
2.76850,54.29,,11.95
2.76860,54.41,,11.91
2.76870,54.44,,12.01
2.76880,54.38,,11.97
2.76890,54.48,,12.07
2.76900,54.40,,12.03
2.76910,54.17,,11.95
2.76920,53.96,,11.91
2.76930,53.72,,12.01
2.76940,53.44,,12.01
2.76950,53.01,,11.91
2.76960,52.57,,12.07
2.76970,52.65,,12.09
2.76980,52.38,,12.01
2.76990,52.07,,12.16
2.77000,51.62,,11.95
2.77010,51.31,,11.91
2.77020,50.85,,11.83
2.77030,51.22,,11.83
2.77040,51.01,,11.91
2.77050,50.80,,12.01
2.77060,50.37,,12.03
2.77070,49.61,,12.13
2.77080,49.09,,12.03
2.77090,48.52,,11.89
2.77100,48.06,,11.68
2.77110,47.44,,11.83
2.77120,46.54,,11.97
2.77130,45.72,,12.07
2.77140,44.80,,12.07
2.77150,44.25,,11.97
2.77160,43.50,,12.01
2.77170,43.51,,12.03
2.77180,43.32,,12.01
2.77190,42.72,,12.22
2.77200,41.67,,12.19
2.77210,41.25,,12.03
2.77220,40.71,,12.07
2.77230,40.10,,12.13
2.77240,38.89,,12.22
2.77250,36.22,,12.07
2.77260,33.13,,12.28
2.77270,29.96,,12.07
2.77280,26.79,,12.03
2.77290,23.39,,12.01
2.77300,20.29,,11.85
2.77310,17.22,,11.83
2.77320,14.99,,12.16
2.77330,13.55,,12.32
2.77340,12.92,,12.44
2.77350,12.54,,12.09
2.77360,12.50,,11.66
2.77370,12.76,,11.51
2.77380,13.90,,11.50
2.77390,15.51,,11.85
2.77400,17.68,,12.01
2.77410,20.56,,12.61
2.77420,24.24,,13.27
2.77430,29.66,,13.72
2.77440,33.42,,13.77
2.77450,35.47,,13.49
2.77460,36.10,,12.54
2.77470,36.93,,11.66
2.77480,37.40,,10.88
2.77490,38.23,,10.32
2.77500,39.27,,10.88
2.77510,40.33,,11.66
2.77520,40.88,,12.22
2.77530,41.07,,12.77
2.77540,41.43,,12.98
2.77550,41.88,,12.81
2.77560,43.44,,12.07
2.77570,44.37,,11.79
2.77580,45.06,,11.72
2.77590,45.69,,12.03
2.77600,46.36,,12.51
2.77610,47.16,,12.81
2.77620,47.40,,12.98
2.77630,47.64,,12.91
2.77640,47.84,,12.47
2.77650,48.05,,11.89
2.77660,48.26,,11.45
2.77670,48.59,,11.18
2.77680,48.44,,11.35
2.77690,48.67,,11.33
2.77700,48.90,,11.74
2.77710,49.25,,11.95
2.77720,49.76,,11.91
2.77730,50.08,,12.13
2.77740,50.02,,12.01
2.77750,50.10,,12.22
2.77760,50.64,,12.19
2.77770,51.41,,12.41
2.77780,52.12,,12.26
2.77790,52.75,,12.28
2.77800,53.30,,12.26
2.77810,53.39,,12.03
2.77820,53.39,,11.89
2.77830,53.22,,11.79
2.77840,53.46,,11.50
2.77850,53.78,,11.33
2.77860,54.09,,11.51
2.77870,54.55,,11.66
2.77880,55.06,,12.03
2.77890,55.45,,12.01
2.77900,55.56,,12.41
2.77910,55.76,,12.57
2.77920,55.64,,12.41
2.77930,55.41,,12.44
2.77940,55.27,,12.32
2.77950,55.51,,12.03
2.77960,56.27,,12.01
2.77970,57.07,,12.09
2.77980,57.00,,12.32
2.77990,56.73,,12.28
2.78000,56.65,,12.32
2.78010,56.67,,12.16
2.78020,56.59,,11.89
2.78030,56.18,,11.85
2.78040,56.40,,11.83
2.78050,56.34,,11.83
2.78060,55.95,,12.03
2.78070,55.87,,12.19
2.78080,56.03,,12.41
2.78090,55.24,,12.57
2.78100,55.56,,12.61
2.78110,55.43,,12.51
2.78120,55.09,,12.41
2.78130,54.46,,12.32
2.78140,53.97,,12.32
2.78150,52.82,,12.22
2.78160,53.92,,12.26
2.78170,54.50,,12.34
2.78180,54.52,,12.38
2.78190,53.93,,12.41
2.78200,53.00,,12.19
2.78210,52.38,,12.16
2.78220,52.12,,11.89
2.78230,51.82,,12.22
2.78240,51.57,,12.19
2.78250,50.85,,12.57
2.78260,50.07,,12.61
2.78270,49.78,,12.57
2.78280,50.08,,12.41
2.78290,50.29,,12.38
2.78300,50.56,,12.22
2.78310,50.24,,12.26
2.78320,49.80,,12.34
2.78330,49.80,,12.38
2.78340,49.97,,12.32
2.78350,50.12,,12.28
2.78360,50.22,,12.38
2.78370,50.06,,12.41
2.78380,49.70,,12.38
2.78390,48.98,,12.41
2.78400,48.38,,12.32
2.78410,48.35,,12.28
2.78420,48.66,,12.19
2.78430,48.39,,12.41
2.78440,48.30,,12.57
2.78450,48.30,,12.38
2.78460,48.55,,12.47
2.78470,48.87,,12.51
2.78480,48.83,,12.41
2.78490,48.70,,12.38
2.78500,48.49,,12.03
2.78510,48.56,,12.19
2.78520,49.29,,12.22
2.78530,49.75,,12.51
2.78540,49.95,,12.64
2.78550,49.45,,12.61
2.78560,49.25,,12.57
2.78570,49.34,,12.41
2.78580,49.16,,12.19
2.78590,49.57,,12.16
2.78600,50.32,,12.26
2.78610,50.44,,12.61
2.78620,50.20,,12.57
2.78630,49.95,,12.81
2.78640,49.95,,12.84
2.78650,50.01,,12.71
2.78660,49.88,,12.22
2.78670,49.58,,12.01
2.78680,49.76,,12.22
2.78690,48.83,,12.26
2.78700,48.99,,12.54
2.78710,49.15,,12.77
2.78720,49.56,,12.61
2.78730,49.78,,12.57
2.78740,49.07,,12.38
2.78750,48.51,,12.22
2.78760,48.66,,12.19
2.78770,48.69,,12.41
2.78780,49.25,,12.57
2.78790,50.41,,12.81
2.78800,49.61,,12.98
2.78810,49.44,,13.02
2.78820,49.23,,12.77
2.78830,48.69,,12.41
2.78840,48.41,,12.19
2.78850,48.38,,12.19
2.78860,48.22,,12.41
2.78870,47.64,,12.71
2.78880,47.57,,12.88
2.78890,48.17,,12.98
2.78900,48.69,,13.02
2.78910,48.61,,12.84
2.78920,48.66,,12.67
2.78930,48.32,,12.44
2.78940,48.45,,12.19
2.78950,48.87,,12.28
2.78960,48.99,,12.51
2.78970,48.75,,12.74
2.78980,48.66,,12.84
2.78990,48.77,,12.95
2.79000,48.23,,12.98
2.79010,48.06,,12.67
2.79020,47.35,,12.44
2.79030,47.06,,12.41
2.79040,46.84,,12.51
2.79050,46.78,,12.64
2.79060,46.80,,12.74
2.79070,46.60,,12.77
2.79080,45.63,,12.61
2.79090,45.93,,12.77
2.79100,46.33,,12.81
2.79110,45.62,,12.98
2.79120,44.56,,12.67
2.79130,43.91,,12.32
2.79140,44.62,,12.44
2.79150,45.85,,12.54
2.79160,46.66,,12.98
2.79170,46.49,,13.02
2.79180,45.67,,13.19
2.79190,45.14,,13.02
2.79200,45.25,,12.77
2.79210,44.90,,12.81
2.79220,44.79,,12.38
2.79230,44.92,,12.34
2.79240,45.16,,12.26
2.79250,44.90,,12.57
2.79260,44.11,,12.88
2.79270,44.08,,13.12
2.79280,43.98,,13.09
2.79290,43.42,,12.91
2.79300,43.63,,12.74
2.79310,45.83,,12.44
2.79320,43.60,,12.67
2.79330,43.85,,12.71
2.79340,43.73,,12.98
2.79350,43.39,,13.02
2.79360,42.99,,13.19
2.79370,42.70,,13.02
2.79380,41.97,,12.98
2.79390,41.34,,12.61
2.79400,40.72,,12.57
2.79410,41.08,,12.28
2.79420,40.71,,12.44
2.79430,40.67,,12.67
2.79440,41.10,,13.12
2.79450,40.65,,13.05
2.79460,40.29,,13.02
2.79470,40.55,,13.19
2.79480,40.00,,12.88
2.79490,39.42,,12.71
2.79500,38.35,,12.81
2.79510,38.04,,12.77
2.79520,38.13,,12.74
2.79530,38.14,,12.98
2.79540,38.30,,13.05
2.79550,37.76,,13.16
2.79560,37.17,,13.05
2.79570,36.97,,13.02
2.79580,36.79,,12.71
2.79590,37.15,,12.67
2.79600,37.25,,12.77
2.79610,37.73,,12.81
2.79620,37.49,,12.98
2.79630,37.81,,13.16
2.79640,37.98,,13.05
2.79650,37.68,,13.19
2.79660,37.61,,13.24
2.79670,37.51,,12.98
2.79680,38.06,,13.02
2.79690,38.48,,12.77
2.79700,38.75,,12.61
2.79710,38.94,,12.77
2.79720,39.66,,12.81
2.79730,40.00,,13.12
2.79740,40.19,,13.05
2.79750,40.33,,13.02
2.79760,40.10,,12.98
2.79770,40.76,,13.02
2.79780,42.09,,12.98
2.79790,41.48,,12.74
2.79800,41.87,,12.84
2.79810,42.73,,12.81
2.79820,43.04,,13.12
2.79830,43.57,,13.09
2.79840,43.95,,13.27
2.79850,44.34,,13.12
2.79860,44.60,,12.95
2.79870,44.68,,12.98
2.79880,44.97,,12.88
2.79890,45.15,,12.77
2.79900,45.77,,12.81
2.79910,46.40,,12.84
2.79920,47.24,,12.95
2.79930,47.18,,12.98
2.79940,46.61,,13.19
2.79950,46.21,,13.02
2.79960,46.49,,12.98
2.79970,46.74,,12.81
2.79980,46.89,,12.77
2.79990,47.47,,12.61
2.80000,48.65,,12.84
2.80010,48.71,,12.95
2.80020,49.11,,13.19
2.80030,49.22,,13.24
2.80040,49.23,,13.34
2.80050,49.53,,13.12
2.80060,50.09,,13.09
2.80070,51.05,,12.84
2.80080,51.79,,12.81
2.80090,51.90,,12.84
2.80100,51.94,,13.09
2.80110,51.60,,13.12
2.80120,50.92,,13.16
2.80130,50.03,,13.19
2.80140,49.16,,12.77
2.80150,49.02,,12.81
2.80160,47.93,,12.77
2.80170,47.03,,12.81
2.80180,46.04,,12.98
2.80190,45.26,,13.02
2.80200,44.18,,13.19
2.80210,43.74,,13.24
2.80220,43.46,,13.41
2.80230,42.45,,13.24
2.80240,41.58,,12.84
2.80250,41.35,,12.71
2.80260,41.48,,12.95
2.80270,41.57,,13.05
2.80280,40.88,,13.46
2.80290,40.17,,13.41
2.80300,39.84,,13.69
2.80310,39.37,,13.41
2.80320,38.55,,13.46
2.80330,38.11,,13.05
2.80340,37.54,,12.98
2.80350,36.45,,12.81
2.80360,35.14,,12.91
2.80370,34.23,,12.88
2.80380,34.65,,13.27
2.80390,35.10,,13.39
2.80400,35.24,,13.56
2.80410,35.05,,13.39
2.80420,35.27,,13.27
2.80430,36.25,,13.02
2.80440,37.29,,12.98
2.80450,37.93,,13.19
2.80460,38.16,,13.24
2.80470,38.10,,13.56
2.80480,38.14,,13.54
2.80490,38.11,,13.64
2.80500,37.36,,13.46
2.80510,36.66,,13.27
2.80520,36.90,,12.95
2.80530,37.14,,12.77
2.80540,37.25,,12.81
2.80550,36.99,,12.91
2.80560,37.30,,13.27
2.80570,37.65,,13.54
2.80580,37.82,,13.72
2.80590,38.35,,13.69
2.80600,38.77,,13.56
2.80610,38.41,,13.39
2.80620,38.39,,13.12
2.80630,38.54,,13.09
2.80640,39.13,,12.98
2.80650,39.28,,13.19
2.80660,39.50,,13.24
2.80670,39.93,,13.41
2.80680,40.18,,13.46
2.80690,39.75,,13.27
2.80700,39.56,,13.24
2.80710,39.49,,13.12
2.80720,39.86,,12.95
2.80730,40.01,,12.98
2.80740,40.34,,13.09
2.80750,40.59,,13.41
2.80760,40.82,,13.41
2.80770,40.85,,13.46
2.80780,41.11,,13.64
2.80790,41.23,,13.54
2.80800,41.02,,13.34
2.80810,41.28,,13.02
2.80820,42.47,,12.98
2.80830,44.07,,13.09
2.80840,45.28,,13.27
2.80850,45.86,,13.41
2.80860,46.29,,13.54
2.80870,46.41,,13.41
2.80880,46.42,,13.24
2.80890,46.63,,13.12
2.80900,47.17,,12.95
2.80910,47.08,,12.98
2.80920,47.46,,13.09
2.80930,47.08,,13.27
2.80940,47.10,,13.39
2.80950,47.66,,13.49
2.80960,48.11,,13.49
2.80970,48.09,,13.39
2.80980,47.65,,13.27
2.80990,47.82,,13.16
2.81000,48.66,,13.19
2.81010,49.25,,13.24
2.81020,49.05,,13.19
2.81030,49.56,,13.61
2.81040,49.70,,13.72
2.81050,49.42,,13.88
2.81060,49.11,,13.69
2.81070,49.24,,13.41
2.81080,49.70,,13.09
2.81090,49.77,,12.91
2.81100,49.83,,12.88
2.81110,49.41,,13.12
2.81120,49.40,,13.39
2.81130,48.64,,13.49
2.81140,48.02,,13.46
2.81150,47.90,,13.72
2.81160,48.60,,13.56
2.81170,49.31,,13.54
2.81180,48.22,,13.34
2.81190,48.41,,13.31
2.81200,48.67,,13.12
2.81210,48.89,,13.24
2.81220,49.94,,13.41
2.81230,50.51,,13.54
2.81240,50.24,,13.80
2.81250,49.84,,13.64
2.81260,49.64,,13.54
2.81270,49.50,,13.34
2.81280,49.89,,13.31
2.81290,50.02,,13.27
2.81300,50.35,,13.39
2.81310,50.27,,13.56
2.81320,50.39,,13.46
2.81330,50.44,,13.41
2.81340,50.61,,13.46
2.81350,50.63,,13.56
2.81360,50.60,,13.72
2.81370,50.05,,13.46
2.81380,49.38,,13.34
2.81390,48.97,,13.09
2.81400,49.12,,13.19
2.81410,49.31,,13.24
2.81420,49.31,,13.41
2.81430,48.60,,13.46
2.81440,48.12,,13.64
2.81450,47.71,,13.64
2.81460,48.37,,13.69
2.81470,48.92,,13.88
2.81480,48.93,,13.69
2.81490,48.02,,13.64
2.81500,47.45,,13.31
2.81510,46.15,,13.41
2.81520,45.90,,13.24
2.81530,46.15,,13.27
2.81540,46.53,,13.31
2.81550,46.77,,13.49
2.81560,46.42,,13.56
2.81570,46.11,,13.46
2.81580,46.46,,13.41
2.81590,47.03,,13.46
2.81600,47.20,,13.27
2.81610,46.56,,13.24
2.81620,46.10,,13.56
2.81630,45.46,,13.46
2.81640,45.32,,13.64
2.81650,45.14,,13.64
2.81660,43.85,,13.69
2.81670,42.86,,13.64
2.81680,42.26,,13.69
2.81690,41.08,,13.56
2.81700,39.91,,13.39
2.81710,40.18,,13.12
2.81720,40.48,,13.24
2.81730,40.57,,13.41
2.81740,40.58,,13.54
2.81750,40.18,,13.72
2.81760,40.35,,13.88
2.81770,40.09,,13.85
2.81780,39.50,,13.56
2.81790,39.01,,13.69
2.81800,38.91,,13.41
2.81810,38.91,,13.46
2.81820,37.90,,13.41
2.81830,36.87,,13.31
2.81840,36.65,,13.56
2.81850,36.74,,13.41
2.81860,36.62,,13.69
2.81870,36.13,,13.64
2.81880,36.03,,13.61
2.81890,35.96,,13.41
2.81900,35.76,,13.31
2.81910,36.52,,13.34
2.81920,36.08,,13.54
2.81930,35.27,,13.56
2.81940,34.40,,13.85
2.81950,33.58,,14.04
2.81960,33.01,,13.72
2.81970,32.55,,13.85
2.81980,31.89,,13.56
2.81990,31.48,,13.39
2.82000,30.89,,13.34
2.82010,30.47,,13.46
2.82020,30.35,,13.41
2.82030,30.24,,13.69
2.82040,29.78,,13.88
2.82050,29.62,,13.72
2.82060,29.29,,13.69
2.82070,28.65,,13.56
2.82080,28.67,,13.46
2.82090,28.59,,13.34
2.82100,28.40,,13.39
2.82110,28.23,,13.56
2.82120,27.45,,13.69
2.82130,26.82,,13.72
2.82140,26.33,,13.85
2.82150,26.08,,13.56
2.82160,26.22,,13.56
2.82170,26.27,,13.54
2.82180,25.75,,13.56
2.82190,25.41,,13.69
2.82200,24.87,,13.72
2.82210,24.43,,13.69
2.82220,24.59,,13.72
2.82230,24.25,,13.85
2.82240,23.83,,13.72
2.82250,23.30,,13.41
2.82260,22.63,,13.54
2.82270,22.26,,13.41
2.82280,21.77,,13.39
2.82290,21.35,,13.56
2.82300,21.21,,13.69
2.82310,20.71,,13.72
2.82320,20.22,,13.69
2.82330,19.49,,13.64
2.82340,19.65,,13.46
2.82350,20.12,,13.41
2.82360,20.34,,13.41
2.82370,20.21,,13.69
2.82380,20.01,,13.56
2.82390,19.74,,13.69
2.82400,19.26,,13.72
2.82410,19.04,,13.69
2.82420,18.94,,13.72
2.82430,18.74,,13.61
2.82440,18.66,,13.49
2.82450,18.57,,13.56
2.82460,18.94,,13.46
2.82470,18.83,,13.80
2.82480,19.05,,13.77
2.82490,18.79,,13.96
2.82500,18.00,,13.85
2.82510,17.96,,13.88
2.82520,17.89,,13.46
2.82530,17.67,,13.34
2.82540,17.45,,13.24
2.82550,17.65,,13.27
2.82560,17.72,,13.56
2.82570,17.78,,13.69
2.82580,17.88,,13.72
2.82590,18.04,,13.93
2.82600,18.11,,13.64
2.82610,18.19,,13.69
2.82620,18.54,,13.41
2.82630,19.06,,13.24
2.82640,18.72,,13.41
2.82650,18.69,,13.64
2.82660,18.66,,13.77
2.82670,18.64,,13.88
2.82680,18.12,,14.01
2.82690,17.16,,13.88
2.82700,16.48,,13.77
2.82710,16.11,,13.49
2.82720,16.37,,13.39
2.82730,16.29,,13.41
2.82740,15.57,,13.46
2.82750,15.06,,13.64
2.82760,14.71,,13.72
2.82770,14.27,,13.85
2.82780,14.33,,13.72
2.82790,14.36,,13.61
2.82800,14.19,,13.49
2.82810,14.25,,13.39
2.82820,14.44,,13.41
2.82830,14.58,,13.46
2.82840,13.94,,13.64
2.82850,13.00,,13.88
2.82860,12.45,,14.01
2.82870,12.21,,13.88
2.82880,11.86,,13.85
2.82890,11.51,,13.41
2.82900,11.66,,13.54
2.82910,11.93,,13.56
2.82920,11.99,,13.69
2.82930,11.56,,13.72
2.82940,11.62,,13.85
2.82950,12.06,,13.88
2.82960,12.75,,13.88
2.82970,13.07,,13.69
2.82980,13.62,,13.56
2.82990,14.15,,13.39
2.83000,14.65,,13.27
2.83010,15.56,,13.39
2.83020,16.10,,13.56
2.83030,16.20,,13.69
2.83040,16.49,,13.88
2.83050,16.49,,13.88
2.83060,16.52,,13.85
2.83070,16.97,,13.72
2.83080,17.30,,13.69
2.83090,17.70,,13.56
2.83100,18.17,,13.54
2.83110,18.07,,13.56
2.83120,17.73,,13.69
2.83130,18.32,,13.56
2.83140,18.98,,13.85
2.83150,19.98,,13.64
2.83160,20.74,,13.80
2.83170,20.62,,13.54
2.83180,20.38,,13.56
2.83190,20.32,,13.54
2.83200,21.34,,13.56
2.83210,22.26,,13.69
2.83220,22.51,,13.72
2.83230,22.86,,13.69
2.83240,23.45,,13.88
2.83250,24.66,,13.69
2.83260,25.68,,13.72
2.83270,25.71,,13.56
2.83280,26.32,,13.46
2.83290,27.20,,13.49
2.83300,28.13,,13.54
2.83310,28.86,,13.56
2.83320,29.67,,13.69
2.83330,30.84,,13.80
2.83340,30.16,,13.69
2.83350,30.18,,13.64
2.83360,31.00,,13.41
2.83370,32.17,,13.54
2.83380,33.60,,13.41
2.83390,33.56,,13.54
2.83400,33.73,,13.72
2.83410,35.03,,13.85
2.83420,35.79,,13.88
2.83430,37.02,,14.01
2.83440,38.12,,13.72
2.83450,38.46,,13.69
2.83460,39.14,,13.56
2.83470,39.66,,13.41
2.83480,40.83,,13.24
2.83490,42.16,,13.41
2.83500,42.81,,13.39
2.83510,43.30,,13.49
2.83520,44.22,,13.61
2.83530,45.81,,13.72
2.83540,45.91,,13.69
2.83550,46.07,,13.72
2.83560,47.16,,13.56
2.83570,48.07,,13.54
2.83580,48.73,,13.56
2.83590,50.25,,13.54
2.83600,51.10,,13.56
2.83610,50.62,,13.85
2.83620,51.41,,13.88
2.83630,51.85,,13.69
2.83640,52.52,,13.72
2.83650,54.18,,13.69
2.83660,54.73,,13.56
2.83670,54.42,,13.41
2.83680,55.47,,13.39
2.83690,56.57,,13.56
2.83700,57.47,,13.54
2.83710,56.83,,13.56
2.83720,57.37,,13.69
2.83730,58.28,,13.56
2.83740,58.52,,13.54
2.83750,58.88,,13.56
2.83760,59.01,,13.56
2.83770,58.87,,13.54
2.83780,58.92,,13.41
2.83790,59.34,,13.54
2.83800,60.25,,13.56
2.83810,60.99,,13.54
2.83820,60.74,,13.64
2.83830,61.28,,13.69
2.83840,61.51,,13.64
2.83850,61.84,,13.69
2.83860,62.68,,13.56
2.83870,63.67,,13.72
2.83880,63.30,,13.69
2.83890,63.44,,13.72
2.83900,63.91,,13.69
2.83910,64.34,,13.72
2.83920,64.52,,13.54
2.83930,64.51,,13.56
2.83940,65.31,,13.39
2.83950,65.67,,13.56
2.83960,66.14,,13.56
2.83970,66.26,,13.54
2.83980,67.23,,13.41
2.83990,67.72,,13.54
2.84000,68.18,,13.56
2.84010,68.83,,13.46
2.84020,68.99,,13.49
2.84030,68.56,,13.61
2.84040,69.32,,13.64
2.84050,69.99,,13.69
2.84060,70.23,,13.64
2.84070,69.81,,13.64
2.84080,69.86,,13.54
2.84090,70.54,,13.56
2.84100,70.72,,13.69
2.84110,70.46,,13.41
2.84120,70.75,,13.69
2.84130,70.91,,13.56
2.84140,71.45,,13.54
2.84150,71.27,,13.56
2.84160,71.78,,13.49
2.84170,71.87,,13.46
2.84180,72.13,,13.56
2.84190,72.44,,13.39
2.84200,72.67,,13.41
2.84210,73.10,,13.39
2.84220,73.40,,13.56
2.84230,73.59,,13.39
2.84240,74.10,,13.56
2.84250,74.82,,13.54
2.84260,74.35,,13.72
2.84270,74.74,,13.56
2.84280,75.10,,13.61
2.84290,74.91,,13.41
2.84300,75.15,,13.46
2.84310,75.27,,13.41
2.84320,75.07,,13.39
2.84330,75.56,,13.41
2.84340,75.43,,13.54
2.84350,75.46,,13.56
2.84360,75.64,,13.72
2.84370,75.06,,13.54
2.84380,74.82,,13.56
2.84390,74.38,,13.46
2.84400,73.92,,13.41
2.84410,73.66,,13.31
2.84420,73.55,,13.41
2.84430,73.79,,13.39
2.84440,74.35,,13.41
2.84450,74.38,,13.46
2.84460,74.40,,13.49
2.84470,74.11,,13.56
2.84480,73.50,,13.46
2.84490,73.10,,13.49
2.84500,72.88,,13.39
2.84510,72.77,,13.41
2.84520,72.91,,13.39
2.84530,71.57,,13.41
2.84540,71.01,,13.39
2.84550,70.37,,13.56
2.84560,69.98,,13.56
2.84570,69.70,,13.54
2.84580,69.51,,13.56
2.84590,69.02,,13.54
2.84600,68.39,,13.41
2.84610,68.13,,13.54
2.84620,68.16,,13.41
2.84630,68.11,,13.39
2.84640,67.82,,13.41
2.84650,67.74,,13.54
2.84660,67.44,,13.56
2.84670,67.23,,13.56
2.84680,66.76,,13.39
2.84690,66.95,,13.41
2.84700,66.70,,13.39
2.84710,66.15,,13.41
2.84720,65.36,,13.46
2.84730,65.31,,13.49
2.84740,63.97,,13.54
2.84750,63.48,,13.56
2.84760,63.49,,13.56
2.84770,63.21,,13.54
2.84780,62.75,,13.56
2.84790,62.30,,13.69
2.84800,61.68,,13.41
2.84810,62.11,,13.24
2.84820,62.79,,13.41
2.84830,63.91,,13.24
2.84840,64.16,,13.64
2.84850,63.60,,13.61
2.84860,63.16,,13.72
2.84870,62.48,,13.64
2.84880,62.08,,13.77
2.84890,62.42,,13.56
2.84900,62.49,,13.24
2.84910,62.12,,13.19
2.84920,62.20,,13.24
2.84930,62.14,,13.19
2.84940,62.13,,13.24
2.84950,62.18,,13.56
2.84960,62.27,,13.49
2.84970,62.22,,13.61
2.84980,61.90,,13.56
2.84990,61.91,,13.39
2.85000,62.15,,13.41
2.85010,62.45,,13.24
2.85020,62.48,,13.19
2.85030,62.87,,13.46
2.85040,62.74,,13.41
2.85050,63.43,,13.69
2.85060,63.63,,13.41
2.85070,64.12,,13.56
2.85080,64.61,,13.39
2.85090,63.84,,13.34
2.85100,63.91,,13.31
2.85110,63.93,,13.12
2.85120,63.39,,13.24
2.85130,63.43,,13.27
2.85140,63.52,,13.24
2.85150,63.59,,13.27
2.85160,64.54,,13.12
2.85170,64.57,,13.09
2.85180,64.92,,13.05
2.85190,65.35,,13.02
2.85200,65.93,,13.19
2.85210,65.88,,13.31
2.85220,66.07,,13.41
2.85230,66.58,,13.39
2.85240,66.71,,13.19
2.85250,66.87,,13.02
2.85260,67.63,,13.12
2.85270,67.93,,13.05
2.85280,68.05,,13.24
2.85290,68.10,,13.19
2.85300,67.85,,13.24
2.85310,68.02,,13.19
2.85320,68.48,,13.02
2.85330,68.91,,12.84
2.85340,69.17,,12.95
2.85350,69.84,,12.98
2.85360,69.42,,12.98
2.85370,69.66,,13.09
2.85380,69.93,,13.12
2.85390,70.06,,13.39
2.85400,69.84,,13.27
2.85410,69.03,,13.02
2.85420,68.36,,12.98
2.85430,68.22,,12.81
2.85440,68.16,,12.77
2.85450,68.27,,12.81
2.85460,67.82,,12.84
2.85470,67.19,,12.91
2.85480,66.83,,13.02
2.85490,66.80,,12.98
2.85500,66.84,,12.95
2.85510,67.01,,12.84
2.85520,66.84,,12.95
2.85530,66.23,,12.98
2.85540,65.49,,12.95
2.85550,65.11,,12.98
2.85560,65.02,,12.98
2.85570,65.36,,12.95
2.85580,65.33,,13.12
2.85590,64.34,,12.88
2.85600,63.53,,12.98
2.85610,63.16,,12.81
2.85620,62.77,,12.64
2.85630,62.47,,12.67
2.85640,61.59,,12.64
2.85650,61.02,,12.61
2.85660,60.79,,12.77
2.85670,59.95,,12.77
2.85680,59.41,,12.81
2.85690,58.97,,12.71
2.85700,58.33,,12.67
2.85710,57.37,,12.77
2.85720,56.94,,12.74
2.85730,57.02,,12.84
2.85740,56.49,,12.81
2.85750,55.62,,12.98
2.85760,54.88,,12.98
2.85770,53.95,,12.95
2.85780,52.52,,12.84
2.85790,51.78,,12.54
2.85800,51.09,,12.44
2.85810,50.59,,12.54
2.85820,49.85,,12.57
2.85830,48.43,,12.67
2.85840,47.32,,12.57
2.85850,46.07,,12.61
2.85860,45.60,,12.57
2.85870,45.96,,12.51
2.85880,45.58,,12.41
2.85890,45.02,,12.32
2.85900,44.51,,12.54
2.85910,44.23,,12.57
2.85920,43.74,,12.61
2.85930,43.32,,12.77
2.85940,42.50,,12.61
2.85950,42.30,,12.57
2.85960,42.20,,12.41
2.85970,41.45,,12.19
2.85980,40.63,,12.26
2.85990,41.17,,12.28
2.86000,41.24,,12.32
2.86010,41.06,,12.34
2.86020,40.91,,12.38
2.86030,40.52,,12.28
2.86040,40.39,,12.44
2.86050,39.98,,12.41
2.86060,39.55,,12.44
2.86070,39.16,,12.19
2.86080,38.46,,12.16
2.86090,38.01,,12.26
2.86100,37.46,,12.22
2.86110,37.16,,12.01
2.86120,37.05,,12.03
2.86130,36.92,,12.13
2.86140,36.83,,11.91
2.86150,36.39,,12.01
2.86160,36.15,,12.03
2.86170,35.70,,12.01
2.86180,35.66,,11.95
2.86190,34.69,,12.09
2.86200,33.99,,12.13
2.86210,33.61,,12.09
2.86220,33.52,,12.19
2.86230,33.56,,12.03
2.86240,33.42,,12.01
2.86250,32.81,,11.85
2.86260,32.62,,12.01
2.86270,32.62,,11.83
2.86280,32.41,,12.03
2.86290,31.92,,12.01
2.86300,31.71,,11.85
2.86310,31.02,,11.66
2.86320,30.89,,11.68
2.86330,30.98,,11.66
2.86340,30.81,,11.68
2.86350,30.43,,11.72
2.86360,30.25,,11.79
2.86370,30.23,,11.83
2.86380,30.31,,11.72
2.86390,30.08,,11.79
2.86400,29.66,,11.66
2.86410,29.20,,11.51
2.86420,28.42,,11.66
2.86430,27.96,,11.51
2.86440,27.62,,11.66
2.86450,27.63,,11.51
2.86460,27.60,,11.50
2.86470,27.54,,11.66
2.86480,27.60,,11.51
2.86490,27.44,,11.66
2.86500,27.44,,11.51
2.86510,27.23,,11.50
2.86520,26.66,,11.57
2.86530,26.37,,11.44
2.86540,26.28,,11.51
2.86550,26.06,,11.50
2.86560,25.85,,11.35
2.86570,25.62,,11.33
2.86580,25.83,,11.33
2.86590,25.28,,11.19
2.86600,25.11,,11.18
2.86610,25.24,,11.51
2.86620,24.91,,11.33
2.86630,24.46,,11.35
2.86640,24.52,,11.33
2.86650,25.11,,11.19
2.86660,25.23,,11.18
2.86670,25.10,,11.02
2.86680,25.09,,11.03
2.86690,25.12,,11.18
2.86700,25.08,,11.35
2.86710,24.53,,11.33
2.86720,24.08,,11.35
2.86730,23.59,,11.23
2.86740,23.77,,11.24
2.86750,23.79,,11.23
2.86760,24.05,,11.19
2.86770,23.59,,11.18
2.86780,23.32,,11.18
2.86790,23.52,,11.03
2.86800,23.69,,11.02
2.86810,23.75,,11.03
2.86820,23.09,,11.18
2.86830,22.39,,11.03
2.86840,21.90,,11.18
2.86850,21.63,,11.03
2.86860,22.21,,11.02
2.86870,21.98,,10.88
2.86880,21.27,,10.73
2.86890,21.06,,10.97
2.86900,20.73,,11.08
2.86910,20.54,,11.13
2.86920,20.56,,11.03
2.86930,20.02,,11.07
2.86940,19.73,,11.03
2.86950,19.44,,10.88
2.86960,18.36,,10.88
2.86970,17.62,,10.88
2.86980,17.47,,11.02
2.86990,17.98,,11.19
2.87000,16.96,,11.13
2.87010,16.49,,11.08
2.87020,15.77,,11.18
2.87030,15.31,,11.03
2.87040,14.44,,10.73
2.87050,13.80,,10.88
2.87060,12.58,,11.02
2.87070,11.76,,10.73
2.87080,10.61,,11.03
2.87090,10.50,,11.02
2.87100,9.68,,11.19
2.87110,8.64,,11.02
2.87120,7.43,,11.03
2.87130,5.02,,10.59
2.87140,0.82,,10.31
2.87150,-8.76,,10.45
2.87160,-17.49,,10.45
2.87170,-27.44,,10.06
2.87180,-31.62,,11.39
2.87190,-29.85,,12.34
2.87200,-27.91,,13.19
2.87210,-26.43,,13.54
2.87220,-25.50,,12.91
2.87230,-22.81,,11.03
2.87240,-21.73,,8.30
2.87250,-18.83,,7.94
2.87260,-13.06,,9.81
2.87270,-8.90,,11.39
2.87280,-6.35,,12.67
2.87290,-4.83,,13.27
2.87300,-4.41,,13.24
2.87310,-4.40,,12.57
2.87320,-4.03,,11.68
2.87330,-3.76,,10.59
2.87340,2.57,,9.69
2.87350,6.39,,9.81
2.87360,8.23,,10.45
2.87370,9.22,,10.88
2.87380,9.39,,10.45
2.87390,8.68,,9.45
2.87400,6.26,,9.36
2.87410,10.16,,10.31
2.87420,11.20,,11.50
2.87430,10.31,,12.22
2.87440,8.21,,12.01
2.87450,7.83,,11.51
2.87460,5.80,,11.33
2.87470,7.39,,10.59
2.87480,7.89,,10.45
2.87490,8.11,,10.32
2.87500,8.57,,10.31
2.87510,8.29,,11.13
2.87520,8.75,,10.93
2.87530,9.20,,10.06
2.87540,5.76,,9.45
2.87550,10.25,,8.65
2.87560,14.35,,9.45
2.87570,16.74,,10.88
2.87580,18.31,,11.89
2.87590,19.44,,12.28
2.87600,20.18,,11.72
2.87610,21.15,,11.03
2.87620,21.55,,10.45
2.87630,21.88,,10.45
2.87640,24.17,,10.45
2.87650,25.17,,10.73
2.87660,26.43,,10.88
2.87670,27.08,,10.73
2.87680,28.63,,10.73
2.87690,29.59,,10.32
2.87700,29.41,,10.18
2.87710,28.91,,10.19
2.87720,30.22,,10.18
2.87730,31.79,,10.59
2.87740,32.05,,10.88
2.87750,33.85,,11.18
2.87760,34.44,,11.35
2.87770,33.97,,10.88
2.87780,34.63,,10.73
2.87790,34.44,,10.45
2.87800,35.57,,10.45
2.87810,37.23,,10.73
2.87820,36.92,,10.88
2.87830,38.77,,10.88
2.87840,39.02,,10.59
2.87850,40.51,,10.31
2.87860,42.52,,10.32
2.87870,44.03,,10.45
2.87880,43.71,,10.45
2.87890,45.03,,10.73
2.87900,45.82,,10.73
2.87910,47.86,,10.88
2.87920,49.09,,11.03
2.87930,50.92,,10.88
2.87940,52.04,,10.73
2.87950,52.61,,10.73
2.87960,53.45,,10.73
2.87970,54.50,,10.59
2.87980,53.50,,10.59
2.87990,53.47,,10.31
2.88000,54.95,,10.19
2.88010,58.57,,10.18
2.88020,59.02,,10.32
2.88030,59.87,,10.73
2.88040,60.93,,10.59
2.88050,61.97,,10.45
2.88060,60.16,,10.73
2.88070,62.70,,10.73
2.88080,65.12,,10.73
2.88090,63.95,,10.88
2.88100,62.95,,10.59
2.88110,64.06,,10.45
2.88120,64.70,,10.31
2.88130,65.19,,10.59
2.88140,64.62,,10.73
2.88150,64.65,,10.59
2.88160,65.64,,10.45
2.88170,66.48,,10.19
2.88180,67.55,,10.06
2.88190,68.08,,10.59
2.88200,71.86,,10.88
2.88210,71.35,,10.88
2.88220,75.53,,10.88
2.88230,70.69,,10.59
2.88240,70.98,,10.73
2.88250,70.27,,10.45
2.88260,69.77,,10.45
2.88270,68.39,,10.59
2.88280,67.43,,10.59
2.88290,64.19,,10.73
2.88300,61.53,,10.59
2.88310,61.59,,10.45
2.88320,60.08,,10.45
2.88330,57.90,,10.32
2.88340,56.46,,10.45
2.88350,56.77,,10.73
2.88360,56.26,,11.03
2.88370,57.25,,11.02
2.88380,57.24,,11.18
2.88390,57.58,,10.88
2.88400,57.54,,10.73
2.88410,58.41,,10.45
2.88420,59.05,,10.59
2.88430,60.19,,10.73
2.88440,60.24,,10.59
2.88450,60.19,,10.73
2.88460,60.76,,10.88
2.88470,60.76,,10.73
2.88480,61.22,,10.59
2.88490,61.06,,10.73
2.88500,61.23,,10.88
2.88510,61.25,,10.88
2.88520,60.43,,10.88
2.88530,59.78,,10.88
2.88540,60.69,,10.73
2.88550,61.17,,10.59
2.88560,61.23,,10.59
2.88570,61.39,,10.73
2.88580,60.75,,10.88
2.88590,61.90,,10.88
2.88600,61.69,,11.02
2.88610,61.68,,10.73
2.88620,61.31,,10.88
2.88630,61.32,,10.73
2.88640,61.32,,10.59
2.88650,62.18,,10.88
2.88660,62.49,,10.88
2.88670,63.05,,11.03
2.88680,62.75,,10.88
2.88690,63.17,,10.88
2.88700,63.42,,10.73
2.88710,62.77,,10.73
2.88720,63.14,,10.73
2.88730,63.62,,10.73
2.88740,64.54,,10.88
2.88750,65.21,,10.97
2.88760,65.55,,11.08
2.88770,67.40,,10.73
2.88780,70.31,,10.73
2.88790,69.61,,10.73
2.88800,69.58,,11.02
2.88810,69.31,,11.19
2.88820,68.88,,11.02
2.88830,67.80,,10.88
2.88840,68.15,,10.73
2.88850,68.20,,10.73
2.88860,68.49,,10.73
2.88870,69.08,,11.03
2.88880,69.14,,11.13
2.88890,69.43,,10.97
2.88900,69.78,,10.98
2.88910,70.22,,10.88
2.88920,71.16,,10.88
2.88930,71.53,,11.18
2.88940,72.18,,11.19
2.88950,70.86,,11.18
2.88960,69.58,,11.19
2.88970,68.60,,10.88
2.88980,66.29,,10.59
2.88990,67.97,,10.73
2.89000,70.29,,10.73
2.89010,70.54,,11.19
2.89020,71.85,,11.50
2.89030,71.51,,11.51
2.89040,71.75,,11.33
2.89050,72.31,,11.03
2.89060,72.96,,11.02
2.89070,73.65,,10.88
2.89080,73.02,,11.02
2.89090,71.99,,11.18
2.89100,72.13,,11.19
2.89110,71.12,,11.33
2.89120,70.40,,11.29
2.89130,69.57,,11.07
2.89140,68.25,,11.03
2.89150,67.88,,11.18
2.89160,67.23,,11.35
2.89170,66.30,,11.50
2.89180,64.77,,11.33
2.89190,63.93,,11.19
2.89200,63.74,,11.18
2.89210,64.59,,11.03
2.89220,64.39,,11.18
2.89230,63.91,,11.19
2.89240,63.57,,11.33
2.89250,64.42,,11.35
2.89260,64.34,,11.50
2.89270,64.87,,11.24
2.89280,65.41,,11.28
2.89290,64.15,,11.18
2.89300,65.23,,11.19
2.89310,64.92,,11.50
2.89320,66.24,,11.40
2.89330,64.93,,11.28
2.89340,64.33,,11.35
2.89350,63.84,,11.39
2.89360,64.88,,11.45
2.89370,63.75,,11.33
2.89380,63.02,,11.33
2.89390,62.90,,11.35
2.89400,64.19,,11.33
2.89410,62.71,,11.35
2.89420,61.80,,11.50
2.89430,62.35,,11.51
2.89440,61.56,,11.50
2.89450,61.32,,11.35
2.89460,60.53,,11.33
2.89470,60.33,,11.19
2.89480,59.83,,11.39
2.89490,59.66,,11.50
2.89500,59.33,,11.45
2.89510,59.82,,11.50
2.89520,59.80,,11.68
2.89530,59.13,,11.50
2.89540,59.44,,11.35
2.89550,58.54,,11.33
2.89560,57.84,,11.40
2.89570,57.53,,11.61
2.89580,57.78,,11.66
2.89590,59.26,,11.51
2.89600,58.67,,11.66
2.89610,56.08,,11.51
2.89620,55.13,,11.66
2.89630,52.53,,11.35
2.89640,55.34,,11.50
2.89650,55.80,,11.51
2.89660,56.38,,11.66
2.89670,55.73,,11.68
2.89680,54.73,,11.66
2.89690,55.48,,11.66
2.89700,55.84,,11.51
2.89710,56.02,,11.66
2.89720,55.95,,11.68
2.89730,55.52,,11.55
2.89740,53.67,,11.57
2.89750,53.62,,11.55
2.89760,53.09,,11.68
2.89770,52.75,,11.66
2.89780,52.30,,11.72
2.89790,52.03,,11.79
2.89800,52.69,,11.66
2.89810,53.15,,11.85
2.89820,52.84,,12.01
2.89830,52.23,,11.85
2.89840,51.60,,11.66
2.89850,51.28,,11.68
2.89860,52.45,,11.55
2.89870,51.97,,11.79
2.89880,50.65,,11.83
2.89890,51.06,,11.83
2.89900,50.76,,11.85
2.89910,55.66,,11.83
2.89920,49.31,,11.68
2.89930,48.63,,11.66
2.89940,48.24,,11.68
2.89950,52.16,,11.72
2.89960,49.44,,11.97
2.89970,48.24,,12.19
2.89980,47.20,,12.19
2.89990,46.76,,11.85
2.90000,45.43,,11.66
2.90010,46.09,,11.74
2.90020,46.36,,11.78
2.90030,46.38,,12.03
2.90040,44.72,,12.38
2.90050,43.13,,12.22
2.90060,42.57,,12.01
2.90070,42.81,,11.79
2.90080,42.74,,11.72
2.90090,42.73,,11.83
2.90100,43.71,,11.68
2.90110,43.45,,12.01
2.90120,44.55,,12.03
2.90130,44.54,,12.19
2.90140,45.39,,12.22
2.90150,49.97,,12.19
2.90160,51.41,,12.03
2.90170,51.13,,11.83
2.90180,53.97,,11.83
2.90190,57.86,,12.03
2.90200,49.59,,12.01
2.90210,49.82,,12.09
2.90220,49.98,,11.95
2.90230,51.19,,12.03
2.90240,52.98,,12.07
2.90250,54.32,,12.28
2.90260,54.75,,12.07
2.90270,52.64,,11.91
2.90280,53.74,,11.95
2.90290,54.55,,12.07
2.90300,56.46,,12.16
2.90310,56.81,,12.07
2.90320,59.40,,12.16
2.90330,59.54,,12.01
2.90340,59.33,,12.22
2.90350,58.31,,12.44
2.90360,59.52,,12.16
2.90370,58.00,,12.07
2.90380,59.22,,11.95
2.90390,61.36,,11.85
2.90400,59.02,,12.01
2.90410,72.86,,12.22
2.90420,58.59,,12.01
2.90430,58.62,,12.41
2.90440,58.63,,12.38
2.90450,58.17,,12.34
2.90460,57.51,,12.26
2.90470,58.98,,12.22
2.90480,59.83,,12.07
2.90490,60.61,,12.19
2.90500,60.06,,12.34
2.90510,59.49,,12.38
2.90520,59.61,,12.41
2.90530,58.11,,12.32
2.90540,59.47,,12.28
2.90550,61.34,,12.19
2.90560,71.01,,12.22
2.90570,65.72,,12.26
2.90580,73.77,,12.51
2.90590,70.34,,12.41
2.90600,67.84,,12.64
2.90610,65.42,,12.41
2.90620,72.28,,12.32
2.90630,68.79,,12.41
2.90640,66.86,,12.32
2.90650,74.72,,12.28
2.90660,88.71,,12.19
2.90670,71.12,,12.41
2.90680,65.65,,12.38
2.90690,66.82,,12.57
2.90700,70.84,,12.61
2.90710,66.99,,12.57
2.90720,65.55,,12.54
2.90730,71.53,,12.44
2.90740,70.58,,12.22
2.90750,71.95,,12.38
2.90760,66.00,,12.61
2.90770,66.68,,12.57
2.90780,64.15,,12.77
2.90790,62.46,,12.67
2.90800,61.77,,12.71
2.90810,61.39,,12.61
2.90820,64.32,,12.64
2.90830,61.93,,12.54
2.90840,61.01,,12.38
2.90850,61.21,,12.41
2.90860,65.26,,12.51
2.90870,63.59,,12.67
2.90880,65.23,,12.84
2.90890,64.50,,12.71
2.90900,63.25,,12.81
2.90910,62.61,,12.57
2.90920,62.43,,12.54
2.90930,63.15,,12.71
2.90940,64.78,,12.74
2.90950,67.32,,12.57
2.90960,66.60,,12.74
2.90970,65.53,,12.84
2.90980,66.28,,12.98
2.90990,66.96,,12.81
2.91000,68.65,,12.44
2.91010,67.95,,12.54
2.91020,66.04,,12.57
2.91030,65.65,,12.81
2.91040,69.96,,12.77
2.91050,69.38,,12.88
2.91060,68.13,,12.84
2.91070,67.62,,12.81
2.91080,69.02,,12.84
2.91090,71.45,,12.71
2.91100,69.19,,12.67
2.91110,70.30,,12.57
2.91120,71.11,,12.81
2.91130,73.96,,12.57
2.91140,74.36,,12.81
2.91150,76.51,,12.77
2.91160,74.21,,12.74
2.91170,75.17,,12.64
2.91180,86.12,,12.91
2.91190,81.86,,13.09
2.91200,74.07,,12.98
2.91210,72.76,,13.02
2.91220,74.34,,12.98
2.91230,72.74,,12.88
2.91240,72.09,,12.71
2.91250,70.29,,12.81
2.91260,69.96,,12.84
2.91270,70.29,,13.09
2.91280,69.39,,12.98
2.91290,63.61,,13.05
2.91300,58.53,,13.02
2.91310,55.85,,12.98
2.91320,52.24,,13.09
2.91330,52.11,,13.27
2.91340,49.93,,13.09
2.91350,48.53,,13.12
2.91360,46.21,,12.88
2.91370,46.89,,12.77
2.91380,48.35,,12.95
2.91390,49.81,,12.98
2.91400,48.80,,13.12
2.91410,49.74,,13.39
2.91420,46.48,,13.27
2.91430,53.33,,13.39
2.91440,49.40,,13.41
2.91450,48.90,,13.24
2.91460,47.43,,13.41
2.91470,45.38,,13.24
2.91480,46.40,,13.12
2.91490,45.88,,12.84
2.91500,49.03,,12.95
2.91510,45.80,,13.27
2.91520,48.03,,13.24
2.91530,50.52,,13.41
2.91540,50.14,,13.46
2.91550,48.51,,13.34
2.91560,51.80,,13.24
2.91570,54.41,,13.05
2.91580,55.11,,13.31
2.91590,56.60,,13.34
2.91600,57.31,,13.19
2.91610,58.53,,13.24
2.91620,62.50,,13.41
2.91630,58.47,,13.54
2.91640,58.03,,13.41
2.91650,55.51,,13.39
2.91660,55.57,,13.12
2.91670,55.89,,13.09
2.91680,56.34,,12.98
2.91690,55.36,,13.27
2.91700,56.20,,13.24
2.91710,57.40,,13.41
2.91720,57.77,,13.39
2.91730,59.69,,13.27
2.91740,59.34,,13.54
2.91750,60.19,,13.56
2.91760,58.70,,13.39
2.91770,60.55,,13.41
2.91780,60.99,,13.24
2.91790,63.07,,13.41
2.91800,61.66,,13.27
2.91810,61.38,,13.54
2.91820,61.40,,13.49
2.91830,61.24,,13.46
2.91840,62.68,,13.41
2.91850,63.54,,13.24
2.91860,65.52,,13.12
2.91870,64.80,,12.95
2.91880,64.91,,13.12
2.91890,66.39,,13.27
2.91900,66.28,,13.39
2.91910,65.53,,13.56
2.91920,63.74,,13.54
2.91930,64.58,,13.88
2.91940,65.96,,13.69
2.91950,65.47,,13.64
2.91960,65.81,,13.46
2.91970,66.14,,13.41
2.91980,66.12,,13.39
2.91990,66.39,,13.56
2.92000,67.25,,13.72
2.92010,67.12,,13.54
2.92020,67.00,,13.64
2.92030,67.04,,13.61
2.92040,66.74,,13.49
2.92050,66.59,,13.46
2.92060,65.47,,13.41
2.92070,65.18,,13.39
2.92080,64.71,,13.27
2.92090,65.69,,13.41
2.92100,66.42,,13.54
2.92110,66.53,,13.56
2.92120,67.25,,13.69
2.92130,67.54,,13.72
2.92140,67.17,,13.85
2.92150,66.10,,13.88
2.92160,66.62,,14.01
2.92170,66.90,,13.88
2.92180,66.50,,13.85
2.92190,66.62,,13.56
2.92200,66.30,,13.49
2.92210,66.00,,13.61
2.92220,66.41,,13.49
2.92230,66.76,,13.61
2.92240,66.62,,13.72
2.92250,67.84,,13.93
2.92260,68.23,,13.88
2.92270,66.76,,13.93
2.92280,66.59,,13.88
2.92290,66.28,,13.88
2.92300,65.00,,13.69
2.92310,64.32,,13.72
2.92320,63.75,,13.61
2.92330,64.52,,13.64
2.92340,63.74,,13.69
2.92350,63.26,,13.88
2.92360,62.20,,14.01
2.92370,60.50,,14.20
2.92380,58.76,,14.01
2.92390,56.86,,13.72
2.92400,57.30,,13.56
2.92410,58.06,,13.69
2.92420,57.40,,13.56
2.92430,58.09,,13.69
2.92440,57.20,,14.04
2.92450,57.17,,14.35
2.92460,56.85,,14.20
2.92470,56.41,,14.35
2.92480,55.95,,14.37
2.92490,55.29,,14.12
2.92500,53.10,,13.77
2.92510,53.77,,13.56
2.92520,53.97,,13.46
2.92530,53.54,,13.64
2.92540,53.01,,13.85
2.92550,51.75,,14.20
2.92560,51.29,,14.18
2.92570,51.01,,14.20
2.92580,51.39,,14.10
2.92590,51.87,,13.88
2.92600,52.85,,13.88
2.92610,53.03,,13.93
2.92620,51.17,,14.04
2.92630,51.97,,14.01
2.92640,50.95,,14.20
2.92650,50.61,,14.35
2.92660,50.33,,14.37
2.92670,50.84,,14.35
2.92680,50.63,,14.20
2.92690,49.52,,13.88
2.92700,48.45,,13.69
2.92710,46.96,,13.88
2.92720,47.17,,13.69
2.92730,49.19,,14.04
2.92740,48.69,,14.27
2.92750,46.63,,14.46
2.92760,45.40,,14.35
2.92770,46.53,,14.37
2.92780,47.10,,14.35
2.92790,47.62,,14.20
2.92800,47.41,,13.72
2.92810,47.19,,13.85
2.92820,47.97,,14.04
2.92830,47.77,,14.18
2.92840,48.04,,14.20
2.92850,48.15,,14.35
2.92860,47.95,,14.54
2.92870,48.34,,14.35
2.92880,48.16,,14.20
2.92890,47.16,,14.20
2.92900,47.16,,14.01
2.92910,48.40,,13.88
2.92920,47.99,,14.01
2.92930,48.29,,14.20
2.92940,48.40,,14.53
2.92950,47.98,,14.54
2.92960,48.95,,14.71
2.92970,48.51,,14.72
2.92980,47.81,,14.44
2.92990,47.37,,14.29
2.93000,48.50,,14.20
2.93010,49.09,,14.01
2.93020,50.06,,14.20
2.93030,50.35,,14.18
2.93040,51.31,,14.20
2.93050,51.43,,14.53
2.93060,52.67,,14.72
2.93070,53.52,,14.53
2.93080,53.73,,14.54
2.93090,53.38,,14.20
2.93100,53.53,,14.18
2.93110,54.12,,14.20
2.93120,53.74,,14.35
2.93130,54.48,,14.12
2.93140,55.53,,14.27
2.93150,55.71,,14.29
2.93160,55.78,,14.44
2.93170,56.40,,14.72
2.93180,57.58,,14.71
2.93190,57.78,,14.72
2.93200,58.07,,14.46
2.93210,59.72,,14.44
2.93220,60.46,,14.54
2.93230,61.06,,14.53
2.93240,61.50,,14.54
2.93250,60.92,,14.18
2.93260,60.78,,14.20
2.93270,60.84,,14.44
2.93280,60.77,,14.46
2.93290,59.97,,14.37
2.93300,59.63,,14.62
2.93310,59.62,,14.46
2.93320,59.24,,14.53
2.93330,58.50,,14.54
2.93340,57.78,,14.35
2.93350,57.61,,14.54
2.93360,57.84,,14.35
2.93370,56.76,,14.72
2.93380,55.83,,14.71
2.93390,55.92,,14.72
2.93400,53.53,,14.90
2.93410,52.53,,14.71
2.93420,52.55,,14.72
2.93430,51.26,,14.53
2.93440,51.12,,14.54
2.93450,50.05,,14.53
2.93460,49.67,,14.72
2.93470,49.95,,14.71
2.93480,47.66,,14.63
2.93490,46.63,,14.81
2.93500,46.63,,14.71
2.93510,47.06,,14.54
2.93520,45.36,,14.62
2.93530,44.98,,14.46
2.93540,43.97,,14.62
2.93550,42.10,,14.63
2.93560,40.22,,14.71
2.93570,39.48,,15.09
2.93580,37.88,,15.08
2.93590,37.28,,15.28
2.93600,35.88,,14.90
2.93610,36.03,,15.08
2.93620,35.99,,14.90
2.93630,35.37,,14.71
2.93640,33.57,,14.37
2.93650,33.12,,14.35
2.93660,34.09,,14.72
2.93670,35.07,,15.08
2.93680,34.05,,15.28
2.93690,31.84,,15.28
2.93700,31.63,,15.47
2.93710,32.43,,15.28
2.93720,33.71,,14.89
2.93730,35.17,,14.54
2.93740,37.71,,14.44
2.93750,38.71,,14.63
2.93760,38.36,,14.89
2.93770,36.50,,15.00
2.93780,35.41,,15.18
2.93790,37.10,,15.09
2.93800,37.73,,14.90
2.93810,39.16,,14.71
2.93820,41.67,,14.72
2.93830,43.74,,14.89
2.93840,45.65,,14.90
2.93850,46.47,,15.08
2.93860,46.89,,15.00
2.93870,45.86,,14.98
2.93880,45.78,,14.90
2.93890,44.61,,14.90
2.93900,43.52,,14.89
2.93910,43.08,,14.90
2.93920,42.55,,14.89
2.93930,42.02,,14.90
2.93940,40.95,,15.08
2.93950,41.48,,15.28
2.93960,40.93,,15.67
2.93970,39.28,,15.68
2.93980,39.49,,15.47
2.93990,38.31,,15.09
2.94000,41.13,,14.90
2.94010,42.65,,14.71
2.94020,42.94,,14.72
2.94030,42.64,,14.71
2.94040,42.89,,14.90
2.94050,42.50,,15.08
2.94060,42.40,,15.09
2.94070,42.46,,15.08
2.94080,41.93,,14.90
2.94090,43.05,,14.89
2.94100,43.27,,15.00
2.94110,43.02,,15.00
2.94120,41.78,,15.08
2.94130,42.17,,15.28
2.94140,41.48,,15.47
2.94150,40.58,,15.48
2.94160,40.40,,15.67
2.94170,40.55,,15.48
2.94180,40.63,,15.27
2.94190,40.52,,15.28
2.94200,39.64,,15.09
2.94210,38.29,,14.71
2.94220,39.79,,15.09
2.94230,39.87,,14.89
2.94240,39.67,,15.09
2.94250,39.86,,15.08
2.94260,39.54,,15.38
2.94270,39.85,,15.18
2.94280,39.57,,15.28
2.94290,40.16,,15.27
2.94300,39.39,,15.09
2.94310,39.59,,15.09
2.94320,40.55,,15.27
2.94330,41.01,,15.48
2.94340,41.52,,15.67
2.94350,42.52,,15.68
2.94360,40.79,,15.67
2.94370,43.19,,15.68
2.94380,44.34,,15.67
2.94390,44.68,,15.48
2.94400,44.25,,15.09
2.94410,44.60,,15.27
2.94420,44.69,,15.09
2.94430,44.75,,15.27
2.94440,44.96,,15.09
2.94450,44.70,,15.37
2.94460,44.44,,15.48
2.94470,44.09,,15.57
2.94480,43.75,,15.28
2.94490,43.27,,15.67
2.94500,42.72,,15.28
2.94510,42.98,,15.48
2.94520,42.52,,15.27
2.94530,42.75,,15.28
2.94540,42.40,,15.27
2.94550,42.80,,15.28
2.94560,42.80,,15.67
2.94570,42.64,,15.48
2.94580,43.33,,15.67
2.94590,43.30,,15.68
2.94600,43.37,,15.68
2.94610,43.47,,15.67
2.94620,43.78,,15.68
2.94630,44.57,,15.67
2.94640,44.39,,15.48
2.94650,44.62,,15.47
2.94660,45.26,,15.48
2.94670,44.81,,15.47
2.94680,45.97,,15.48
2.94690,46.16,,15.27
2.94700,46.27,,15.48
2.94710,46.52,,15.48
2.94720,47.28,,15.47
2.94730,47.94,,15.68
2.94740,47.97,,15.67
2.94750,48.64,,15.48
2.94760,49.13,,15.57
2.94770,49.52,,15.48
2.94780,49.46,,15.57
2.94790,49.42,,15.68
2.94800,48.55,,15.68
2.94810,48.55,,15.67
2.94820,48.56,,15.68
2.94830,48.23,,15.88
2.94840,47.64,,15.68
2.94850,47.27,,15.67
2.94860,46.07,,15.48
2.94870,46.53,,15.47
2.94880,46.29,,15.48
2.94890,45.84,,15.67
2.94900,44.60,,15.68
2.94910,44.39,,15.68
2.94920,44.94,,15.67
2.94930,45.19,,15.68
2.94940,45.80,,15.88
2.94950,45.75,,15.68
2.94960,46.10,,15.47
2.94970,45.82,,15.68
2.94980,46.57,,15.67
2.94990,46.41,,15.68
2.95000,46.56,,15.68
2.95010,46.79,,15.67
2.95020,46.80,,15.88
2.95030,47.23,,15.47
2.95040,47.09,,15.68
2.95050,46.86,,15.67
2.95060,46.86,,15.88
2.95070,46.86,,15.67
2.95080,46.81,,15.88
2.95090,46.24,,15.88
2.95100,46.14,,15.88
2.95110,46.17,,15.88
2.95120,45.55,,15.88
2.95130,45.39,,15.88
2.95140,45.83,,15.88
2.95150,45.62,,15.68
2.95160,45.44,,15.88
2.95170,45.48,,16.10
2.95180,45.71,,15.88
2.95190,45.31,,16.10
2.95200,45.38,,15.88
2.95210,44.78,,15.88
2.95220,45.51,,15.68
2.95230,45.42,,15.78
2.95240,45.65,,15.58
2.95250,45.94,,15.67
2.95260,46.40,,15.68
2.95270,45.91,,15.67
2.95280,45.98,,16.10
2.95290,45.93,,16.10
2.95300,46.79,,16.31
2.95310,47.05,,16.31
2.95320,46.91,,16.32
2.95330,46.57,,16.31
2.95340,46.27,,16.10
2.95350,46.09,,16.10
2.95360,46.01,,15.88
2.95370,46.31,,16.10
2.95380,45.48,,15.88
2.95390,45.65,,15.88
2.95400,46.36,,16.10
2.95410,46.13,,15.99
2.95420,45.38,,15.99
2.95430,45.55,,16.10
2.95440,45.32,,15.88
2.95450,45.82,,16.10
2.95460,45.65,,15.88
2.95470,45.52,,16.10
2.95480,45.11,,15.88
2.95490,45.17,,16.10
2.95500,45.33,,16.10
2.95510,45.26,,16.31
2.95520,45.49,,16.32
2.95530,46.30,,16.10
2.95540,46.22,,16.32
2.95550,46.62,,16.10
2.95560,46.57,,16.32
2.95570,47.49,,16.31
2.95580,48.24,,16.32
2.95590,48.53,,16.31
2.95600,49.05,,16.31
2.95610,48.32,,16.32
2.95620,48.73,,16.10
2.95630,48.93,,16.10
2.95640,49.06,,15.88
2.95650,49.16,,15.88
2.95660,49.55,,15.88
2.95670,49.29,,15.88
2.95680,50.37,,16.10
2.95690,50.14,,16.32
2.95700,50.89,,16.31
2.95710,51.08,,16.10
2.95720,51.23,,16.32
2.95730,52.20,,16.31
2.95740,52.52,,16.32
2.95750,52.58,,16.31
2.95760,52.17,,16.32
2.95770,51.83,,16.10
2.95780,51.83,,16.32
2.95790,52.05,,16.31
2.95800,52.05,,16.31
2.95810,51.98,,16.32
2.95820,51.86,,16.31
2.95830,52.05,,16.21
2.95840,52.00,,16.20
2.95850,51.57,,16.32
2.95860,51.48,,16.31
2.95870,51.17,,16.32
2.95880,51.48,,16.10
2.95890,51.77,,16.32
2.95900,51.63,,16.10
2.95910,50.42,,16.31
2.95920,51.46,,16.32
2.95930,51.84,,16.31
2.95940,51.52,,16.32
2.95950,51.57,,16.31
2.95960,51.19,,16.32
2.95970,51.07,,16.31
2.95980,51.72,,16.32
2.95990,51.55,,16.31
2.96000,50.89,,16.31
2.96010,51.04,,16.55
2.96020,51.58,,16.31
2.96030,52.05,,16.55
2.96040,51.18,,16.54
2.96050,52.42,,16.32
2.96060,52.82,,16.37
2.96070,53.17,,16.49
2.96080,53.82,,16.48
2.96090,53.53,,16.37
2.96100,53.47,,16.54
2.96110,53.73,,16.54
2.96120,53.99,,16.55
2.96130,54.17,,16.54
2.96140,54.22,,16.32
2.96150,54.56,,16.54
2.96160,54.87,,16.32
2.96170,54.90,,16.54
2.96180,55.05,,16.55
2.96190,55.51,,16.31
2.96200,56.39,,16.54
2.96210,56.36,,16.55
2.96220,55.93,,16.54
2.96230,55.34,,16.55
2.96240,55.60,,16.71
2.96250,55.87,,16.60
2.96260,55.54,,16.54
2.96270,55.11,,16.37
2.96280,55.74,,16.48
2.96290,55.93,,16.66
2.96300,55.92,,16.65
2.96310,55.32,,16.71
2.96320,55.23,,16.60
2.96330,55.18,,16.77
2.96340,55.12,,16.78
2.96350,55.54,,16.65
2.96360,55.21,,16.66
2.96370,55.23,,16.54
2.96380,55.31,,16.55
2.96390,55.54,,16.54
2.96400,55.39,,16.54
2.96410,55.23,,16.55
2.96420,55.39,,16.65
2.96430,55.54,,16.66
2.96440,54.95,,16.54
2.96450,54.27,,16.78
2.96460,53.94,,16.77
2.96470,53.77,,16.78
2.96480,54.23,,16.59
2.96490,54.72,,16.72
2.96500,54.60,,16.77
2.96510,55.02,,16.59
2.96520,55.07,,16.72
2.96530,55.26,,16.77
2.96540,55.07,,16.78
2.96550,55.14,,17.00
2.96560,55.40,,17.02
2.96570,55.00,,17.00
2.96580,55.41,,17.02
2.96590,55.32,,16.77
2.96600,56.04,,16.54
2.96610,56.73,,16.55
2.96620,56.69,,16.54
2.96630,56.58,,16.55
2.96640,57.83,,16.48
2.96650,58.65,,16.60
2.96660,59.05,,16.54
2.96670,59.74,,16.78
2.96680,60.04,,17.00
2.96690,60.02,,17.02
2.96700,60.80,,17.00
2.96710,61.29,,16.77
2.96720,61.84,,16.96
2.96730,62.12,,16.82
2.96740,62.07,,16.55
2.96750,62.26,,16.77
2.96760,62.54,,16.78
2.96770,62.91,,17.00
2.96780,62.85,,17.02
2.96790,62.79,,17.00
2.96800,62.99,,17.26
2.96810,63.17,,17.12
2.96820,63.65,,17.12
2.96830,63.36,,17.02
2.96840,63.75,,16.77
2.96850,63.88,,16.60
2.96860,64.00,,16.71
2.96870,63.93,,16.55
2.96880,63.48,,16.65
2.96890,63.95,,16.66
2.96900,64.50,,16.54
2.96910,63.99,,16.88
2.96920,64.35,,16.90
2.96930,63.88,,16.94
2.96940,63.83,,16.84
2.96950,64.20,,17.00
2.96960,64.72,,17.02
2.96970,64.27,,17.00
2.96980,64.16,,16.78
2.96990,64.79,,16.88
2.97000,64.17,,16.90
2.97010,65.15,,17.00
2.97020,64.51,,17.06
2.97030,64.11,,17.20
2.97040,64.65,,17.25
2.97050,64.66,,17.26
2.97060,64.76,,17.00
2.97070,64.32,,17.02
2.97080,63.93,,17.00
2.97090,63.76,,17.02
2.97100,63.81,,16.77
2.97110,63.79,,16.54
2.97120,63.64,,16.78
2.97130,63.15,,16.77
2.97140,63.39,,16.78
2.97150,63.07,,16.77
2.97160,62.86,,17.02
2.97170,62.41,,17.25
2.97180,62.24,,17.26
2.97190,62.16,,17.25
2.97200,61.84,,17.26
2.97210,61.93,,17.00
2.97220,61.72,,17.00
2.97230,61.79,,17.02
2.97240,61.85,,17.12
2.97250,61.67,,17.14
2.97260,62.02,,17.06
2.97270,62.01,,17.45
2.97280,61.43,,17.25
2.97290,61.42,,17.52
2.97300,60.84,,17.25
2.97310,61.04,,17.25
2.97320,61.04,,17.26
2.97330,61.23,,17.00
2.97340,61.25,,16.96
2.97350,61.36,,16.82
2.97360,60.45,,17.02
2.97370,60.77,,17.00
2.97380,61.66,,17.02
2.97390,61.46,,17.25
2.97400,61.66,,17.14
2.97410,61.34,,17.37
2.97420,61.07,,17.25
2.97430,61.62,,17.45
2.97440,61.36,,17.31
2.97450,61.95,,17.26
2.97460,61.84,,17.25
2.97470,61.67,,17.33
2.97480,61.28,,17.43
2.97490,61.04,,17.26
2.97500,61.27,,17.25
2.97510,61.01,,17.25
2.97520,61.65,,17.45
2.97530,60.86,,17.31
2.97540,61.12,,17.52
2.97550,60.28,,17.43
2.97560,60.22,,17.26
2.97570,59.13,,17.06
2.97580,59.53,,17.26
2.97590,59.87,,17.00
2.97600,59.40,,17.26
2.97610,59.53,,17.00
2.97620,59.21,,17.06
2.97630,59.68,,17.20
2.97640,59.49,,17.18
2.97650,59.49,,17.08
2.97660,59.71,,17.49
2.97670,59.62,,17.45
2.97680,59.41,,17.56
2.97690,59.53,,17.52
2.97700,58.89,,17.56
2.97710,58.46,,17.69
2.97720,58.20,,17.45
2.97730,57.46,,17.31
2.97740,57.96,,17.52
2.97750,58.10,,17.43
2.97760,57.15,,17.33
2.97770,57.22,,17.25
2.97780,57.23,,17.52
2.97790,56.57,,17.25
2.97800,55.53,,17.52
2.97810,55.41,,17.43
2.97820,54.83,,17.31
2.97830,55.13,,17.26
2.97840,54.12,,17.00
2.97850,54.21,,17.26
2.97860,53.13,,17.06
2.97870,52.42,,17.20
2.97880,52.69,,17.18
2.97890,52.19,,17.26
2.97900,52.22,,17.31
2.97910,51.76,,17.49
2.97920,51.48,,17.52
2.97930,51.58,,17.75
2.97940,51.68,,17.78
2.97950,50.92,,17.75
2.97960,50.93,,17.91
2.97970,50.92,,17.88
2.97980,50.87,,17.78
2.97990,50.77,,17.56
2.98000,50.73,,17.71
2.98010,50.75,,17.49
2.98020,50.06,,17.49
2.98030,49.14,,17.52
2.98040,48.48,,17.18
2.98050,48.69,,17.26
2.98060,49.75,,17.06
2.98070,49.63,,17.26
2.98080,49.57,,17.00
2.98090,49.13,,17.26
2.98100,49.53,,17.25
2.98110,49.35,,17.49
2.98120,49.07,,17.52
2.98130,49.16,,17.49
2.98140,49.22,,17.85
2.98150,48.53,,17.88
2.98160,48.26,,17.85
2.98170,47.98,,17.75
2.98180,47.51,,17.78
2.98190,47.43,,17.75
2.98200,46.88,,17.58
2.98210,46.44,,17.69
2.98220,46.50,,17.75
2.98230,45.96,,17.78
2.98240,45.71,,17.88
2.98250,45.21,,17.85
2.98260,44.95,,17.69
2.98270,44.21,,17.65
2.98280,44.61,,17.69
2.98290,43.90,,17.33
2.98300,43.22,,17.49
2.98310,42.86,,17.25
2.98320,42.57,,17.26
2.98330,42.44,,17.49
2.98340,42.11,,17.26
2.98350,42.07,,17.49
2.98360,42.34,,17.65
2.98370,42.19,,17.88
2.98380,41.66,,17.85
2.98390,40.78,,17.95
2.98400,40.18,,18.05
2.98410,40.46,,18.02
2.98420,40.34,,17.88
2.98430,40.18,,17.85
2.98440,40.84,,17.69
2.98450,40.09,,17.65
2.98460,40.16,,17.88
2.98470,39.83,,17.85
2.98480,40.02,,17.82
2.98490,39.78,,17.91
2.98500,39.57,,17.88
2.98510,39.91,,17.75
2.98520,40.05,,17.78
2.98530,39.80,,17.49
2.98540,39.80,,17.52
2.98550,39.35,,17.49
2.98560,38.72,,17.52
2.98570,39.23,,17.56
2.98580,38.53,,17.71
2.98590,38.44,,17.82
2.98600,38.46,,17.71
2.98610,38.53,,17.75
2.98620,39.25,,17.75
2.98630,39.99,,17.85
2.98640,40.17,,18.08
2.98650,39.17,,17.91
2.98660,38.93,,18.02
2.98670,39.15,,17.85
2.98680,39.54,,18.08
2.98690,40.16,,17.91
2.98700,39.95,,18.02
2.98710,39.21,,17.75
2.98720,39.35,,17.78
2.98730,39.14,,17.88
2.98740,39.28,,17.65
2.98750,38.82,,17.75
2.98760,38.38,,17.58
2.98770,38.66,,17.69
2.98780,39.43,,17.52
2.98790,39.32,,17.75
2.98800,38.66,,17.91
2.98810,38.62,,17.88
2.98820,38.73,,18.02
2.98830,38.58,,17.91
2.98840,38.44,,17.88
2.98850,38.76,,17.85
2.98860,38.90,,17.95
2.98870,38.64,,17.78
2.98880,37.91,,17.88
2.98890,37.29,,17.65
2.98900,37.61,,18.02
2.98910,37.36,,17.75
2.98920,36.92,,18.05
2.98930,37.01,,17.75
2.98940,37.00,,17.98
2.98950,36.67,,17.88
2.98960,36.35,,17.98
2.98970,36.40,,17.95
2.98980,36.12,,17.85
2.98990,35.69,,17.88
2.99000,35.73,,17.91
2.99010,36.14,,17.82
2.99020,35.97,,17.95
2.99030,35.98,,18.05
2.99040,36.01,,18.02
2.99050,36.20,,17.78
2.99060,36.29,,17.95
2.99070,36.24,,17.85
2.99080,36.35,,17.88
2.99090,36.39,,17.91
2.99100,36.54,,17.75
2.99110,36.83,,17.75
2.99120,37.03,,18.05
2.99130,37.06,,17.75
2.99140,37.34,,18.05
2.99150,37.46,,18.02
2.99160,37.54,,17.85
2.99170,37.92,,18.22
2.99180,38.28,,18.05
2.99190,38.23,,18.15
2.99200,38.59,,18.19
2.99210,38.61,,18.02
2.99220,38.93,,18.02
2.99230,38.82,,18.05
2.99240,38.74,,17.75
2.99250,39.26,,17.98
2.99260,39.43,,17.82
2.99270,39.59,,17.91
2.99280,39.63,,17.88
2.99290,39.34,,18.05
2.99300,39.36,,18.02
2.99310,38.92,,18.05
2.99320,38.90,,18.02
2.99330,38.98,,18.02
2.99340,38.67,,18.05
2.99350,38.84,,18.08
2.99360,38.76,,17.98
2.99370,38.53,,18.02
2.99380,38.09,,17.78
2.99390,37.85,,18.08
2.99400,37.50,,18.05
2.99410,37.26,,18.22
2.99420,36.95,,18.02
2.99430,36.22,,18.19
2.99440,36.01,,18.15
2.99450,35.32,,18.19
2.99460,35.05,,18.08
2.99470,35.20,,17.85
2.99480,34.99,,18.02
2.99490,35.17,,17.91
2.99500,34.77,,17.88
2.99510,34.85,,18.05
2.99520,34.79,,18.02
2.99530,34.66,,18.02
2.99540,34.52,,18.19
2.99550,34.74,,18.08
2.99560,35.19,,18.05
2.99570,35.51,,18.08
2.99580,35.67,,18.05
2.99590,35.96,,18.02
2.99600,36.28,,17.91
2.99610,36.96,,17.88
2.99620,37.38,,18.08
2.99630,37.79,,18.26
2.99640,37.94,,18.08
2.99650,38.03,,18.47
2.99660,38.58,,18.36
2.99670,39.41,,18.40
2.99680,39.76,,18.50
2.99690,40.00,,18.47
2.99700,40.50,,18.15
2.99710,41.37,,18.19
2.99720,41.52,,18.08
2.99730,41.30,,18.08
2.99740,41.31,,17.85
2.99750,41.59,,17.95
2.99760,42.15,,18.05
2.99770,42.55,,18.22
2.99780,43.54,,17.85
2.99790,44.07,,18.02
2.99800,45.22,,17.91
2.99810,45.79,,18.08
2.99820,46.21,,18.08
2.99830,46.58,,18.05
2.99840,46.60,,18.08
2.99850,47.45,,18.26
2.99860,48.25,,18.29
2.99870,48.90,,18.33
2.99880,49.49,,18.43
2.99890,50.24,,18.26
2.99900,50.70,,18.50
2.99910,51.32,,18.26
2.99920,52.00,,18.29
2.99930,52.89,,18.36
2.99940,52.95,,18.33
2.99950,53.17,,18.36
2.99960,53.55,,18.26
2.99970,54.05,,18.08
2.99980,54.47,,18.05
2.99990,54.15,,18.08
3.00000,54.39,,17.85
3.00010,54.66,,17.82
3.00020,54.85,,17.75
3.00030,54.76,,17.78
3.00040,54.73,,17.75
3.00050,55.26,,17.85
3.00060,55.58,,17.95
3.00070,55.75,,18.05
3.00080,55.72,,18.22
3.00090,55.87,,18.26
3.00100,55.44,,18.29
3.00110,55.05,,18.47
3.00120,54.55,,18.50
3.00130,53.86,,18.50
3.00140,54.07,,18.47
3.00150,55.12,,18.50
3.00160,56.15,,18.12
3.00170,56.07,,18.02
3.00180,54.99,,18.05
3.00190,53.49,,18.02
3.00200,52.70,,18.12
3.00210,52.47,,18.08
3.00220,52.05,,18.08
3.00230,51.90,,18.12
3.00240,51.27,,18.29
3.00250,51.05,,18.33
3.00260,51.03,,18.15
3.00270,50.89,,18.19
3.00280,51.16,,17.95
3.00290,50.81,,18.05
3.00300,51.03,,17.88
3.00310,51.13,,17.98
3.00320,51.73,,18.02
3.00330,51.80,,18.22
3.00340,51.84,,18.12
3.00350,51.55,,18.29
3.00360,51.91,,18.40
3.00370,51.93,,18.50
3.00380,52.25,,18.91
3.00390,52.68,,18.57
3.00400,52.80,,18.61
3.00410,52.86,,18.50
3.00420,53.15,,18.36
3.00430,53.36,,18.19
3.00440,53.66,,18.15
3.00450,54.10,,18.05
3.00460,54.15,,18.02
3.00470,54.47,,18.05
3.00480,55.40,,18.02
3.00490,55.95,,18.12
3.00500,56.16,,18.22
3.00510,56.43,,18.33
3.00520,56.59,,18.29
3.00530,57.00,,18.50
3.00540,57.31,,18.47
3.00550,57.29,,18.50
3.00560,57.58,,18.69
3.00570,57.45,,18.50
3.00580,57.63,,18.61
3.00590,57.99,,18.57
3.00600,57.85,,18.33
3.00610,57.39,,18.43
3.00620,57.58,,18.50
3.00630,57.37,,18.47
3.00640,57.42,,18.29
3.00650,57.32,,18.40
3.00660,56.78,,18.29
3.00670,56.76,,18.33
3.00680,56.89,,18.29
3.00690,57.33,,18.05
3.00700,58.12,,18.08
3.00710,58.62,,18.05
3.00720,59.11,,18.08
3.00730,59.34,,18.08
3.00740,59.80,,18.05
3.00750,60.13,,18.29
3.00760,60.50,,18.26
3.00770,60.41,,18.43
3.00780,60.96,,18.33
3.00790,61.18,,18.50
3.00800,61.94,,18.47
3.00810,62.24,,18.50
3.00820,62.31,,18.29
3.00830,62.43,,18.61
3.00840,62.89,,18.36
3.00850,63.13,,18.47
3.00860,63.47,,18.50
3.00870,63.45,,18.47
3.00880,63.87,,18.72
3.00890,64.19,,18.47
3.00900,64.46,,18.57
3.00910,64.35,,18.40
3.00920,64.15,,18.50
3.00930,64.79,,18.08
3.00940,65.07,,18.26
3.00950,65.08,,18.02
3.00960,64.76,,18.05
3.00970,64.67,,18.02
3.00980,64.59,,18.05
3.00990,64.88,,18.02
3.01000,64.58,,18.26
3.01010,64.80,,18.08
3.01020,65.15,,18.29
3.01030,65.28,,18.47
3.01040,65.48,,18.29
3.01050,65.80,,18.47
3.01060,66.09,,18.29
3.01070,66.56,,18.47
3.01080,67.19,,18.43
3.01090,67.39,,18.54
3.01100,67.58,,18.36
3.01110,67.82,,18.40
3.01120,68.11,,18.50
3.01130,68.28,,18.29
3.01140,68.33,,18.47
3.01150,68.30,,18.15
3.01160,68.31,,18.19
3.01170,68.54,,18.15
3.01180,68.38,,18.05
3.01190,68.16,,18.22
3.01200,67.96,,17.85
3.01210,68.01,,18.08
3.01220,67.89,,17.95
3.01230,67.91,,18.19
3.01240,67.41,,18.15
3.01250,67.19,,18.33
3.01260,66.67,,18.36
3.01270,66.64,,18.47
3.01280,66.56,,18.50
3.01290,66.46,,18.47
3.01300,66.51,,18.57
3.01310,66.39,,18.61
3.01320,66.81,,18.57
3.01330,66.88,,18.64
3.01340,67.13,,18.54
3.01350,67.31,,18.57
3.01360,67.25,,18.54
3.01370,67.27,,18.29
3.01380,67.54,,18.26
3.01390,67.55,,18.15
3.01400,67.85,,18.19
3.01410,68.18,,18.15
3.01420,68.64,,18.02
3.01430,68.86,,18.05
3.01440,69.18,,18.02
3.01450,69.81,,17.91
3.01460,70.46,,17.88
3.01470,69.83,,18.33
3.01480,69.99,,18.22
3.01490,70.33,,18.26
3.01500,70.66,,18.29
3.01510,70.89,,18.47
3.01520,71.29,,18.57
3.01530,71.83,,18.64
3.01540,72.20,,18.69
3.01550,72.23,,18.72
3.01560,72.25,,18.69
3.01570,71.93,,18.79
3.01580,72.38,,18.83
3.01590,72.54,,18.72
3.01600,72.29,,18.83
3.01610,72.38,,18.57
3.01620,72.48,,18.29
3.01630,72.58,,18.33
3.01640,72.79,,18.22
3.01650,72.88,,18.05
3.01660,73.05,,18.08
3.01670,73.05,,17.85
3.01680,73.12,,18.08
3.01690,73.04,,18.05
3.01700,72.74,,18.15
3.01710,72.86,,18.33
3.01720,72.65,,18.29
3.01730,72.94,,18.29
3.01740,72.90,,18.33
3.01750,72.80,,18.50
3.01760,73.03,,18.47
3.01770,72.80,,18.50
3.01780,72.99,,18.61
3.01790,73.40,,18.57
3.01800,74.08,,18.47
3.01810,74.13,,18.72
3.01820,74.28,,18.57
3.01830,74.43,,18.61
3.01840,74.87,,18.57
3.01850,75.22,,18.61
3.01860,75.64,,18.29
3.01870,75.85,,18.47
3.01880,75.99,,18.43
3.01890,76.28,,18.12
3.01900,76.84,,18.22
3.01910,77.14,,18.12
3.01920,77.70,,18.22
3.01930,78.07,,18.02
3.01940,78.37,,18.19
3.01950,78.28,,18.29
3.01960,78.35,,18.19
3.01970,78.48,,18.29
3.01980,79.05,,18.33
3.01990,79.41,,18.50
3.02000,79.68,,18.40
3.02010,80.22,,18.57
3.02020,80.60,,18.47
3.02030,80.93,,18.50
3.02040,81.18,,18.72
3.02050,81.75,,18.47
3.02060,82.08,,18.72
3.02070,82.06,,18.47
3.02080,82.39,,18.72
3.02090,82.41,,18.47
3.02100,82.20,,18.50
3.02110,82.07,,18.61
3.02120,82.63,,18.15
3.02130,82.87,,18.15
3.02140,82.91,,18.05
3.02150,82.68,,18.02
3.02160,82.44,,17.78
3.02170,82.47,,17.75
3.02180,82.09,,18.05
3.02190,81.62,,18.02
3.02200,81.40,,18.33
3.02210,81.05,,18.29
3.02220,80.40,,18.33
3.02230,80.19,,18.57
3.02240,80.34,,18.57
3.02250,79.90,,18.91
3.02260,79.34,,18.57
3.02270,78.92,,18.83
3.02280,78.49,,18.64
3.02290,78.28,,18.61
3.02300,78.28,,18.57
3.02310,78.03,,18.54
3.02320,76.98,,18.50
3.02330,75.90,,18.29
3.02340,75.87,,18.26
3.02350,75.63,,18.22
3.02360,75.44,,18.12
3.02370,75.26,,18.08
3.02380,75.08,,17.91
3.02390,74.97,,18.02
3.02400,74.91,,17.78
3.02410,74.76,,18.02
3.02420,74.25,,18.05
3.02430,73.73,,18.29
3.02440,73.20,,18.57
3.02450,72.87,,18.54
3.02460,72.53,,18.72
3.02470,73.13,,18.54
3.02480,73.48,,18.64
3.02490,74.35,,18.54
3.02500,74.16,,18.64
3.02510,73.55,,18.54
3.02520,73.70,,18.64
3.02530,73.58,,18.72
3.02540,74.38,,18.69
3.02550,74.27,,18.94
3.02560,74.35,,18.69
3.02570,74.18,,18.72
3.02580,74.67,,18.61
3.02590,74.98,,18.29
3.02600,75.19,,18.33
3.02610,75.10,,18.02
3.02620,74.95,,18.05
3.02630,75.27,,18.02
3.02640,75.31,,17.82
3.02650,75.30,,17.98
3.02660,75.28,,18.02
3.02670,74.80,,18.33
3.02680,74.29,,18.29
3.02690,73.75,,18.33
3.02700,73.98,,18.57
3.02710,74.00,,18.61
3.02720,73.82,,18.86
3.02730,73.81,,18.79
3.02740,73.77,,18.69
3.02750,73.79,,18.57
3.02760,73.70,,18.61
3.02770,73.60,,18.72
3.02780,73.23,,18.47
3.02790,73.29,,18.57
3.02800,73.22,,18.61
3.02810,73.05,,18.50
3.02820,72.94,,18.26
3.02830,73.06,,18.29
3.02840,73.13,,18.15
3.02850,72.71,,18.19
3.02860,71.56,,18.15
3.02870,70.56,,18.19
3.02880,70.28,,18.08
3.02890,69.82,,18.26
3.02900,69.35,,18.29
3.02910,69.01,,18.26
3.02920,68.33,,18.50
3.02930,67.68,,18.29
3.02940,66.57,,18.61
3.02950,65.74,,18.57
3.02960,65.02,,18.47
3.02970,64.31,,18.72
3.02980,63.57,,18.61
3.02990,63.23,,18.57
3.03000,62.87,,18.69
3.03010,62.47,,18.50
3.03020,61.86,,18.61
3.03030,61.06,,18.36
3.03040,60.52,,18.50
3.03050,59.56,,18.05
3.03060,59.02,,18.50
3.03070,58.33,,18.26
3.03080,57.65,,18.29
3.03090,56.80,,18.47
3.03100,56.01,,18.29
3.03110,55.37,,18.26
3.03120,54.54,,18.08
3.03130,54.05,,18.29
3.03140,53.16,,18.05
3.03150,52.22,,18.02
3.03160,51.26,,18.33
3.03170,50.02,,18.29
3.03180,48.90,,18.33
3.03190,47.94,,18.43
3.03200,47.37,,18.47
3.03210,46.62,,18.86
3.03220,45.47,,18.76
3.03230,44.23,,18.72
3.03240,43.25,,18.57
3.03250,42.54,,18.61
3.03260,41.58,,18.72
3.03270,40.27,,18.47
3.03280,39.42,,18.57
3.03290,38.55,,18.33
3.03300,37.96,,18.29
3.03310,37.48,,18.12
3.03320,37.01,,18.22
3.03330,36.47,,18.15
3.03340,35.82,,18.19
3.03350,35.37,,18.29
3.03360,35.03,,18.33
3.03370,34.66,,18.29
3.03380,34.57,,18.33
3.03390,34.77,,18.57
3.03400,34.36,,18.54
3.03410,33.39,,18.64
3.03420,33.47,,18.54
3.03430,33.83,,18.50
3.03440,34.26,,18.50
3.03450,33.20,,18.69
3.03460,32.00,,18.72
3.03470,31.09,,18.69
3.03480,30.79,,18.72
3.03490,30.64,,18.69
3.03500,30.17,,18.72
3.03510,29.65,,18.69
3.03520,29.07,,18.50
3.03530,28.90,,18.50
3.03540,28.74,,18.26
3.03550,28.43,,18.29
3.03560,27.89,,18.26
3.03570,27.29,,18.08
3.03580,26.94,,18.33
3.03590,26.67,,18.43
3.03600,26.19,,18.26
3.03610,25.67,,18.50
3.03620,25.05,,18.33
3.03630,24.13,,18.43
3.03640,23.68,,18.50
3.03650,23.11,,18.54
3.03660,22.65,,18.43
3.03670,22.13,,18.47
3.03680,21.56,,18.57
3.03690,21.36,,18.40
3.03700,20.93,,18.50
3.03710,20.60,,18.69
3.03720,20.23,,18.50
3.03730,19.27,,18.72
3.03740,18.74,,18.47
3.03750,18.70,,18.57
3.03760,18.55,,18.61
3.03770,18.23,,18.50
3.03780,17.68,,18.40
3.03790,18.04,,18.36
3.03800,17.90,,18.26
3.03810,17.10,,18.50
3.03820,16.46,,18.47
3.03830,16.02,,18.50
3.03840,15.53,,18.50
3.03850,14.98,,18.40
3.03860,14.88,,18.57
3.03870,14.81,,18.33
3.03880,14.55,,18.43
3.03890,14.80,,18.26
3.03900,15.10,,18.22
3.03910,15.14,,18.33
3.03920,15.33,,18.08
3.03930,15.47,,18.29
3.03940,15.98,,18.47
3.03950,16.40,,18.50
3.03960,16.68,,18.69
3.03970,17.27,,18.94
3.03980,17.58,,18.69
3.03990,18.08,,18.94
3.04000,18.72,,18.69
3.04010,19.18,,18.50
3.04020,19.86,,18.47
3.04030,20.49,,18.29
3.04040,21.06,,18.08
3.04050,22.00,,18.26
3.04060,22.67,,18.29
3.04070,23.18,,18.26
3.04080,23.58,,18.36
3.04090,24.31,,18.33
3.04100,24.68,,18.57
3.04110,25.09,,18.33
3.04120,25.15,,18.57
3.04130,25.57,,18.36
3.04140,25.86,,18.54
3.04150,26.00,,18.43
3.04160,26.04,,18.47
3.04170,26.06,,18.50
3.04180,25.80,,18.40
3.04190,25.82,,18.29
3.04200,25.66,,18.54
3.04210,25.76,,18.36
3.04220,25.66,,18.40
3.04230,25.53,,18.50
3.04240,25.55,,18.29
3.04250,25.26,,18.33
3.04260,24.92,,18.29
3.04270,24.68,,18.33
3.04280,24.48,,18.29
3.04290,24.40,,18.12
3.04300,24.51,,18.29
3.04310,24.19,,18.26
3.04320,24.06,,18.08
3.04330,24.22,,18.29
3.04340,24.26,,18.26
3.04350,24.09,,18.29
3.04360,24.31,,18.47
3.04370,24.30,,18.50
3.04380,24.43,,18.54
3.04390,25.26,,18.57
3.04400,25.57,,18.54
3.04410,25.53,,18.50
3.04420,25.43,,18.47
3.04430,25.34,,18.29
3.04440,25.00,,18.29
3.04450,24.87,,18.33
3.04460,24.91,,18.29
3.04470,24.90,,18.40
3.04480,25.02,,18.29
3.04490,24.88,,18.47
3.04500,25.02,,18.29
3.04510,25.23,,18.26
3.04520,25.23,,18.29
3.04530,24.86,,18.43
3.04540,24.25,,18.33
3.04550,24.20,,18.50
3.04560,24.41,,18.40
3.04570,24.62,,18.57
3.04580,24.89,,18.33
3.04590,25.33,,18.57
3.04600,25.77,,18.33
3.04610,25.90,,18.50
3.04620,25.97,,18.40
3.04630,26.41,,18.36
3.04640,26.62,,18.29
3.04650,26.87,,18.54
3.04660,27.09,,18.57
3.04670,27.21,,18.33
3.04680,27.67,,18.50
3.04690,27.91,,18.40
3.04700,28.33,,18.36
3.04710,28.25,,18.47
3.04720,28.48,,18.29
3.04730,29.13,,18.12
3.04740,29.29,,18.22
3.04750,30.43,,18.29
3.04760,30.85,,18.12
3.04770,30.88,,18.43
3.04780,31.04,,18.47
3.04790,31.20,,18.50
3.04800,32.05,,18.47
3.04810,32.31,,18.50
3.04820,32.81,,18.61
3.04830,32.94,,18.57
3.04840,33.39,,18.57
3.04850,33.56,,18.40
3.04860,34.10,,18.50
3.04870,34.91,,18.33
3.04880,35.33,,18.43
3.04890,35.73,,18.47
3.04900,36.20,,18.29
3.04910,36.85,,18.47
3.04920,37.25,,18.50
3.04930,37.50,,18.47
3.04940,37.92,,18.36
3.04950,38.34,,18.57
3.04960,38.20,,18.33
3.04970,38.38,,18.29
3.04980,38.63,,18.33
3.04990,38.87,,18.29
3.05000,38.98,,18.33
3.05010,39.31,,18.29
3.05020,40.46,,18.12
3.05030,41.62,,18.22
3.05040,42.44,,18.02
3.05050,42.77,,18.33
3.05060,43.12,,18.36
3.05070,42.86,,18.47
3.05080,43.12,,18.64
3.05090,43.42,,18.54
3.05100,43.53,,18.50
3.05110,43.78,,18.47
3.05120,45.05,,18.57
3.05130,45.62,,18.33
3.05140,45.46,,18.29
3.05150,45.63,,18.29
3.05160,45.69,,18.33
3.05170,45.52,,18.29
3.05180,45.73,,18.26
3.05190,45.97,,18.36
3.05200,46.31,,18.61
3.05210,46.50,,18.50
3.05220,46.57,,18.47
3.05230,46.77,,18.50
3.05240,47.15,,18.29
3.05250,46.96,,18.26
3.05260,46.54,,18.08
3.05270,47.63,,18.05
3.05280,47.52,,18.02
3.05290,48.59,,18.05
3.05300,48.75,,18.02
3.05310,49.31,,18.19
3.05320,49.94,,18.29
3.05330,50.20,,18.26
3.05340,50.72,,18.50
3.05350,50.83,,18.57
3.05360,50.74,,18.61
3.05370,51.28,,18.86
3.05380,51.79,,18.61
3.05390,52.38,,18.64
3.05400,52.56,,18.47
3.05410,52.69,,18.29
3.05420,52.96,,18.12
3.05430,53.32,,18.02
3.05440,53.61,,18.02
3.05450,53.84,,18.05
3.05460,53.83,,17.95
3.05470,54.28,,18.05
3.05480,54.30,,18.08
3.05490,54.09,,18.33
3.05500,53.97,,18.29
3.05510,53.80,,18.19
3.05520,53.80,,18.29
3.05530,54.57,,18.26
3.05540,55.10,,18.22
3.05550,55.20,,18.15
3.05560,55.53,,18.26
3.05570,55.61,,18.22
3.05580,55.68,,18.33
3.05590,55.70,,18.29
3.05600,56.10,,18.47
3.05610,56.22,,18.50
3.05620,56.52,,18.69
3.05630,56.99,,18.72
3.05640,57.01,,18.57
3.05650,57.32,,18.61
3.05660,57.52,,18.50
3.05670,57.95,,18.26
3.05680,58.05,,18.29
3.05690,58.51,,18.05
3.05700,58.58,,18.08
3.05710,58.82,,18.05
3.05720,58.89,,18.08
3.05730,59.90,,17.85
3.05740,60.53,,18.22
3.05750,61.01,,18.02
3.05760,60.85,,18.19
3.05770,59.90,,18.15
3.05780,59.78,,18.33
3.05790,60.20,,18.15
3.05800,59.52,,18.26
3.05810,60.08,,18.29
3.05820,60.10,,18.47
3.05830,60.10,,18.36
3.05840,59.33,,18.43
3.05850,58.63,,18.47
3.05860,57.31,,18.72
3.05870,56.88,,18.69
3.05880,55.72,,18.64
3.05890,55.19,,18.61
3.05900,54.99,,18.43
3.05910,54.28,,18.47
3.05920,54.48,,18.02
3.05930,54.41,,17.91
3.05940,54.60,,17.69
3.05950,54.31,,17.69
3.05960,53.93,,17.78
3.05970,52.81,,18.02
3.05980,52.31,,17.98
3.05990,52.19,,18.08
3.06000,52.16,,18.26
3.06010,51.74,,18.36
3.06020,51.86,,18.61
3.06030,50.09,,18.50
3.06040,48.68,,18.50
3.06050,47.76,,18.47
3.06060,47.15,,18.57
3.06070,47.19,,18.40
3.06080,46.88,,18.50
3.06090,46.25,,18.47
3.06100,45.64,,18.50
3.06110,45.08,,18.54
3.06120,43.99,,18.43
3.06130,43.69,,18.47
3.06140,43.55,,18.29
3.06150,43.28,,18.57
3.06160,42.89,,18.40
3.06170,42.69,,18.50
3.06180,41.99,,18.26
3.06190,40.81,,18.08
3.06200,40.25,,18.26
3.06210,40.84,,18.08
3.06220,41.08,,17.78
3.06230,41.18,,17.75
3.06240,41.48,,18.02
3.06250,41.65,,18.05
3.06260,41.53,,18.15
3.06270,41.62,,18.19
3.06280,41.65,,18.36
3.06290,41.84,,18.54
3.06300,42.25,,18.86
3.06310,41.79,,18.69
3.06320,42.15,,18.94
3.06330,42.73,,18.69
3.06340,43.22,,18.72
3.06350,43.34,,18.50
3.06360,43.61,,18.33
3.06370,43.99,,18.29
3.06380,44.31,,18.19
3.06390,43.67,,18.15
3.06400,42.40,,18.19
3.06410,41.51,,18.15
3.06420,41.14,,18.33
3.06430,40.52,,18.36
3.06440,40.56,,18.29
3.06450,40.93,,18.26
3.06460,40.40,,18.02
3.06470,39.83,,17.78
3.06480,38.96,,17.62
3.06490,38.64,,17.65
3.06500,38.40,,17.49
3.06510,38.06,,17.65
3.06520,37.44,,18.08
3.06530,37.61,,18.40
3.06540,37.42,,18.79
3.06550,37.88,,19.16
3.06560,38.56,,19.37
3.06570,38.76,,19.39
3.06580,38.73,,19.53
3.06590,39.57,,19.24
3.06600,39.77,,18.91
3.06610,40.14,,18.50
3.06620,40.22,,18.05
3.06630,40.07,,18.02
3.06640,40.00,,17.75
3.06650,39.04,,17.78
3.06660,37.27,,17.75
3.06670,39.83,,17.65
3.06680,41.86,,17.88
3.06690,42.70,,17.78
3.06700,42.69,,17.95
3.06710,42.23,,17.85
3.06720,41.16,,18.29
3.06730,40.90,,18.05
3.06740,41.09,,18.02
3.06750,41.87,,17.95
3.06760,42.82,,18.12
3.06770,43.16,,18.22
3.06780,43.65,,18.40
3.06790,43.19,,18.36
3.06800,44.55,,18.47
3.06810,45.23,,18.64
3.06820,45.68,,18.98
3.06830,45.78,,19.16
3.06840,46.16,,19.16
3.06850,47.18,,18.91
3.06860,48.05,,18.79
3.06870,48.80,,18.40
3.06880,50.01,,18.22
3.06890,50.59,,17.91
3.06900,50.63,,17.62
3.06910,50.91,,17.52
3.06920,51.11,,17.49
3.06930,51.35,,17.78
3.06940,51.24,,17.75
3.06950,51.75,,17.49
3.06960,52.49,,17.78
3.06970,52.75,,17.75
3.06980,52.77,,18.05
3.06990,52.69,,18.02
3.07000,51.92,,18.33
3.07010,50.78,,18.50
3.07020,49.84,,18.69
3.07030,48.77,,18.94
3.07040,47.74,,19.09
3.07050,47.23,,18.98
3.07060,47.51,,19.09
3.07070,46.90,,18.91
3.07080,46.25,,18.86
3.07090,45.16,,18.61
3.07100,44.73,,18.29
3.07110,45.47,,18.05
3.07120,46.34,,18.08
3.07130,46.59,,17.98
3.07140,46.42,,18.02
3.07150,46.31,,18.02
3.07160,46.00,,18.05
3.07170,46.22,,18.29
3.07180,46.61,,18.26
3.07190,46.79,,18.29
3.07200,46.81,,18.40
3.07210,47.34,,18.15
3.07220,48.31,,18.19
3.07230,49.31,,18.02
3.07240,50.45,,18.02
3.07250,51.18,,18.05
3.07260,51.62,,18.29
3.07270,51.59,,18.26
3.07280,52.56,,18.36
3.07290,53.01,,18.83
3.07300,52.51,,18.94
3.07310,52.58,,19.14
3.07320,52.95,,18.94
3.07330,53.47,,18.91
3.07340,54.33,,18.72
3.07350,54.24,,18.43
3.07360,55.19,,18.05
3.07370,54.93,,18.02
3.07380,55.91,,17.78
3.07390,55.68,,18.02
3.07400,55.28,,17.91
3.07410,55.85,,18.08
3.07420,56.14,,18.26
3.07430,56.71,,18.43
3.07440,57.12,,18.33
3.07450,57.52,,18.57
3.07460,57.80,,18.43
3.07470,58.44,,18.26
3.07480,58.98,,18.50
3.07490,59.46,,18.05
3.07500,60.03,,18.29
3.07510,60.54,,18.33
3.07520,61.13,,18.29
3.07530,61.48,,18.61
3.07540,61.83,,18.57
3.07550,61.99,,18.86
3.07560,62.44,,18.61
3.07570,62.65,,18.57
3.07580,62.18,,18.69
3.07590,62.38,,18.50
3.07600,62.59,,18.47
3.07610,62.72,,18.29
3.07620,62.93,,17.91
3.07630,64.17,,18.02
3.07640,64.69,,17.78
3.07650,64.23,,17.95
3.07660,63.83,,18.08
3.07670,64.00,,18.26
3.07680,64.16,,18.29
3.07690,64.20,,18.40
3.07700,63.99,,18.57
3.07710,64.01,,18.33
3.07720,63.76,,18.57
3.07730,63.48,,18.33
3.07740,63.40,,18.50
3.07750,63.08,,18.29
3.07760,62.86,,18.40
3.07770,62.78,,18.36
3.07780,62.56,,18.54
3.07790,62.14,,18.43
3.07800,61.79,,18.47
3.07810,61.55,,18.57
3.07820,61.56,,18.61
3.07830,61.51,,18.50
3.07840,61.87,,18.40
3.07850,62.24,,18.29
3.07860,61.57,,18.15
3.07870,62.12,,18.19
3.07880,62.36,,17.95
3.07890,62.67,,17.85
3.07900,62.88,,17.75
3.07910,63.61,,17.98
3.07920,63.89,,18.08
3.07930,63.49,,18.26
3.07940,63.42,,18.50
3.07950,63.33,,18.72
3.07960,63.41,,18.47
3.07970,63.79,,18.72
3.07980,63.51,,18.91
3.07990,63.26,,18.72
3.08000,62.63,,18.69
3.08010,61.84,,18.72
3.08020,60.85,,18.54
3.08030,60.14,,18.57
3.08040,59.69,,18.33
3.08050,59.35,,18.50
3.08060,58.73,,18.08
3.08070,58.16,,18.26
3.08080,57.45,,18.08
3.08090,56.96,,18.26
3.08100,56.80,,18.08
3.08110,56.75,,18.33
3.08120,56.66,,18.22
3.08130,56.71,,18.12
3.08140,56.51,,18.29
3.08150,56.04,,18.43
3.08160,56.12,,18.47
3.08170,56.16,,18.50
3.08180,56.43,,18.69
3.08190,56.31,,18.72
3.08200,56.62,,18.69
3.08210,56.61,,18.64
3.08220,56.79,,18.61
3.08230,56.87,,18.57
3.08240,56.16,,18.54
3.08250,55.63,,18.50
3.08260,56.38,,18.72
3.08270,56.31,,18.61
3.08280,56.21,,18.79
3.08290,56.41,,18.69
3.08300,56.47,,18.57
3.08310,56.21,,18.61
3.08320,56.16,,18.50
3.08330,55.94,,18.40
3.08340,55.97,,18.29
3.08350,55.88,,18.15
3.08360,57.15,,18.05
3.08370,58.15,,18.08
3.08380,58.88,,18.12
3.08390,59.23,,18.29
3.08400,59.48,,18.33
3.08410,59.76,,18.57
3.08420,59.92,,18.69
3.08430,60.23,,19.09
3.08440,59.98,,19.21
3.08450,59.97,,18.94
3.08460,59.85,,19.16
3.08470,60.32,,19.14
3.08480,59.94,,18.86
3.08490,60.28,,18.61
3.08500,61.26,,18.57
3.08510,61.98,,18.33
3.08520,62.03,,18.29
3.08530,61.99,,18.33
3.08540,61.51,,18.43
3.08550,61.61,,18.43
3.08560,61.80,,18.54
3.08570,61.84,,18.36
3.08580,61.69,,18.40
3.08590,61.35,,18.50
3.08600,61.27,,18.05
3.08610,61.71,,18.02
3.08620,62.23,,18.05
3.08630,62.80,,17.95
3.08640,62.77,,18.05
3.08650,62.56,,18.08
3.08660,62.12,,18.29
3.08670,61.71,,18.69
3.08680,60.29,,18.94
3.08690,59.64,,19.06
3.08700,60.49,,19.01
3.08710,61.45,,18.91
3.08720,62.20,,18.72
3.08730,62.12,,18.61
3.08740,61.15,,18.29
3.08750,60.06,,18.02
3.08760,60.39,,18.19
3.08770,60.37,,18.29
3.08780,60.27,,18.47
3.08790,60.64,,18.72
3.08800,60.83,,18.91
3.08810,60.87,,18.94
3.08820,60.60,,19.14
3.08830,60.44,,18.94
3.08840,60.39,,18.69
3.08850,60.63,,18.29
3.08860,60.46,,18.29
3.08870,59.85,,18.05
3.08880,59.97,,17.75
3.08890,60.96,,17.78
3.08900,61.45,,17.69
3.08910,61.94,,17.85
3.08920,62.96,,18.02
3.08930,62.91,,18.33
3.08940,63.45,,18.72
3.08950,63.63,,19.16
3.08960,63.36,,19.14
3.08970,62.76,,19.39
3.08980,62.05,,19.53
3.08990,61.61,,19.24
3.09000,61.88,,19.14
3.09010,61.77,,18.57
3.09020,62.08,,18.33
3.09030,62.06,,18.02
3.09040,62.52,,18.05
3.09050,62.91,,18.02
3.09060,63.20,,18.02
3.09070,63.47,,18.12
3.09080,63.55,,18.29
3.09090,63.90,,18.83
3.09100,63.61,,18.86
3.09110,63.92,,18.91
3.09120,64.19,,18.86
3.09130,64.60,,18.91
3.09140,64.60,,18.86
3.09150,63.94,,18.57
3.09160,63.74,,18.61
3.09170,63.60,,18.29
3.09180,63.74,,18.12
3.09190,64.74,,18.29
3.09200,65.87,,18.47
3.09210,66.91,,18.50
3.09220,67.48,,18.69
3.09230,68.37,,18.94
3.09240,69.46,,18.91
3.09250,70.47,,19.16
3.09260,71.63,,18.94
3.09270,72.32,,19.14
3.09280,72.74,,18.72
3.09290,73.45,,18.76
3.09300,74.22,,18.64
3.09310,74.95,,18.47
3.09320,75.34,,18.29
3.09330,75.90,,18.26
3.09340,76.51,,18.29
3.09350,77.37,,18.29
3.09360,77.98,,18.26
3.09370,78.99,,18.50
3.09380,79.19,,18.47
3.09390,79.06,,18.72
3.09400,79.04,,18.91
3.09410,79.20,,19.16
3.09420,79.42,,18.91
3.09430,79.40,,19.16
3.09440,79.38,,18.91
3.09450,79.09,,18.94
3.09460,79.23,,18.79
3.09470,80.11,,18.40
3.09480,81.29,,18.29
3.09490,82.87,,18.26
3.09500,83.56,,18.08
3.09510,83.61,,18.47
3.09520,83.56,,18.36
3.09530,83.75,,18.61
3.09540,84.05,,18.86
3.09550,84.07,,18.79
3.09560,84.14,,18.69
3.09570,84.98,,18.57
3.09580,85.24,,18.61
3.09590,85.65,,18.72
3.09600,85.79,,18.47
3.09610,86.12,,18.29
3.09620,86.43,,18.33
3.09630,86.69,,18.57
3.09640,87.07,,18.54
3.09650,87.19,,18.72
3.09660,87.69,,18.79
3.09670,88.28,,18.91
3.09680,88.63,,19.09
3.09690,88.96,,18.91
3.09700,89.49,,18.94
3.09710,90.18,,18.61
3.09720,91.17,,18.57
3.09730,91.74,,18.33
3.09740,91.79,,18.29
3.09750,91.50,,18.29
3.09760,91.59,,18.33
3.09770,91.51,,18.36
3.09780,91.60,,18.47
3.09790,91.42,,18.64
3.09800,91.13,,18.54
3.09810,91.30,,18.64
3.09820,91.18,,18.33
3.09830,91.04,,18.50
3.09840,91.04,,18.12
3.09850,90.94,,18.29
3.09860,90.48,,18.29
3.09870,89.72,,18.61
3.09880,89.12,,18.72
3.09890,88.73,,18.91
3.09900,89.19,,19.01
3.09910,89.32,,19.21
3.09920,89.19,,19.01
3.09930,89.17,,19.14
3.09940,89.06,,18.94
3.09950,88.79,,18.94
3.09960,88.63,,18.69
3.09970,88.46,,18.72
3.09980,88.30,,18.47
3.09990,88.45,,18.29
3.10000,88.80,,18.33
3.10010,88.99,,18.29
3.10020,88.62,,18.40
3.10030,88.35,,18.50
3.10040,88.14,,18.47
3.10050,87.93,,18.72
3.10060,87.98,,18.72
3.10070,87.89,,18.69
3.10080,87.85,,18.64
3.10090,87.91,,18.54
3.10100,87.60,,18.50
3.10110,87.23,,18.69
3.10120,86.57,,18.72
3.10130,85.93,,18.83
3.10140,85.89,,18.86
3.10150,86.09,,18.91
3.10160,86.03,,18.86
3.10170,86.13,,18.94
3.10180,86.33,,18.69
3.10190,86.62,,18.72
3.10200,86.20,,18.69
3.10210,84.93,,18.79
3.10220,83.44,,18.83
3.10230,82.34,,18.72
3.10240,82.19,,18.69
3.10250,82.24,,18.72
3.10260,82.33,,18.57
3.10270,82.40,,18.61
3.10280,82.03,,18.29
3.10290,81.91,,18.47
3.10300,81.77,,18.43
3.10310,81.47,,18.54
3.10320,81.43,,18.64
3.10330,81.39,,18.98
3.10340,81.00,,19.09
3.10350,80.27,,19.21
3.10360,79.67,,19.16
3.10370,79.60,,19.39
3.10380,79.58,,18.98
3.10390,79.25,,19.09
3.10400,79.01,,18.69
3.10410,78.72,,18.86
3.10420,78.26,,18.33
3.10430,78.19,,18.57
3.10440,77.62,,18.40
3.10450,77.23,,18.50
3.10460,76.70,,18.72
3.10470,76.57,,18.69
3.10480,76.59,,18.72
3.10490,76.80,,18.69
3.10500,77.01,,18.72
3.10510,76.80,,18.69
3.10520,76.60,,18.72
3.10530,76.16,,18.47
3.10540,75.94,,18.50
3.10550,75.50,,18.69
3.10560,74.76,,18.79
3.10570,73.65,,18.86
3.10580,72.22,,19.14
3.10590,71.52,,18.94
3.10600,71.09,,19.14
3.10610,70.71,,19.16
3.10620,70.18,,18.91
3.10630,69.51,,18.94
3.10640,69.09,,18.91
3.10650,68.37,,18.72
3.10660,67.86,,18.72
3.10670,67.04,,18.61
3.10680,66.20,,18.57
3.10690,65.44,,18.69
3.10700,64.63,,18.72
3.10710,63.75,,18.91
3.10720,62.96,,18.94
3.10730,62.37,,18.91
3.10740,61.69,,18.86
3.10750,61.00,,18.61
3.10760,60.67,,18.64
3.10770,59.87,,18.50
3.10780,58.79,,18.47
3.10790,57.61,,18.50
3.10800,56.59,,18.47
3.10810,55.85,,18.64
3.10820,55.35,,18.91
3.10830,54.03,,19.01
3.10840,52.78,,19.14
3.10850,52.55,,19.16
3.10860,52.19,,19.39
3.10870,52.05,,19.14
3.10880,51.62,,18.94
3.10890,50.84,,18.91
3.10900,50.67,,18.86
3.10910,49.78,,18.54
3.10920,48.84,,18.64
3.10930,48.13,,18.54
3.10940,47.74,,18.72
3.10950,46.71,,18.91
3.10960,45.95,,18.94
3.10970,45.35,,19.01
3.10980,44.41,,18.91
3.10990,43.62,,19.09
3.11000,43.04,,18.91
3.11010,42.05,,18.72
3.11020,41.33,,18.69
3.11030,40.29,,18.50
3.11040,39.71,,18.54
3.11050,39.01,,18.64
3.11060,38.63,,18.72
3.11070,37.52,,18.69
3.11080,36.60,,18.94
3.11090,36.18,,19.14
3.11100,35.72,,19.16
3.11110,35.38,,19.37
3.11120,35.22,,19.31
3.11130,34.91,,19.21
3.11140,35.27,,18.94
3.11150,34.53,,19.14
3.11160,33.92,,18.86
3.11170,33.15,,18.79
3.11180,32.65,,18.91
3.11190,31.56,,18.72
3.11200,31.23,,18.91
3.11210,31.21,,18.94
3.11220,30.44,,18.91
3.11230,30.48,,18.72
3.11240,31.07,,18.91
3.11250,31.30,,18.57
3.11260,30.59,,18.64
3.11270,30.65,,18.83
3.11280,30.50,,18.57
3.11290,30.21,,18.91
3.11300,29.82,,18.86
3.11310,29.11,,18.98
3.11320,28.75,,19.09
3.11330,28.51,,19.21
3.11340,28.37,,19.16
3.11350,28.21,,19.14
3.11360,28.05,,19.16
3.11370,27.90,,19.16
3.11380,27.80,,18.91
3.11390,27.80,,18.94
3.11400,27.59,,18.61
3.11410,26.96,,18.79
3.11420,26.52,,18.69
3.11430,25.62,,18.86
3.11440,25.11,,18.91
3.11450,24.14,,19.01
3.11460,23.29,,18.94
3.11470,22.43,,18.91
3.11480,21.87,,18.72
3.11490,21.39,,18.54
3.11500,20.58,,18.64
3.11510,19.52,,18.69
3.11520,18.58,,18.72
3.11530,17.97,,18.69
3.11540,17.13,,19.09
3.11550,16.43,,18.98
3.11560,15.57,,19.39
3.11570,15.40,,19.16
3.11580,14.65,,19.37
3.11590,14.05,,19.63
3.11600,13.44,,19.37
3.11610,12.77,,19.31
3.11620,12.19,,19.21
3.11630,11.53,,18.86
3.11640,11.16,,18.91
3.11650,10.44,,18.57
3.11660,9.63,,18.72
3.11670,9.15,,18.69
3.11680,8.26,,18.50
3.11690,7.80,,18.69
3.11700,6.90,,18.72
3.11710,6.57,,18.91
3.11720,6.35,,18.94
3.11730,6.02,,19.06
3.11740,6.10,,18.86
3.11750,6.33,,18.83
3.11760,6.25,,18.94
3.11770,5.95,,18.94
3.11780,5.46,,19.14
3.11790,5.16,,19.16
3.11800,4.73,,19.21
3.11810,4.68,,19.31
3.11820,4.77,,19.61
3.11830,4.17,,19.39
3.11840,3.32,,19.37
3.11850,2.84,,19.16
3.11860,1.83,,19.16
3.11870,-0.40,,19.21
3.11880,-2.43,,19.09
3.11890,-0.68,,18.98
3.11900,0.17,,18.86
3.11910,0.74,,18.69
3.11920,1.15,,18.72
3.11930,1.13,,18.69
3.11940,0.80,,18.57
3.11950,1.08,,18.61
3.11960,1.95,,18.72
3.11970,2.96,,18.94
3.11980,3.31,,18.98
3.11990,3.37,,19.16
3.12000,3.48,,19.21
3.12010,3.74,,19.24
3.12020,3.66,,19.37
3.12030,3.55,,19.39
3.12040,3.53,,19.37
3.12050,3.53,,19.16
3.12060,3.35,,19.39
3.12070,3.28,,19.29
3.12080,3.69,,19.16
3.12090,4.56,,19.21
3.12100,5.32,,18.94
3.12110,5.44,,19.14
3.12120,5.74,,18.86
3.12130,6.11,,18.91
3.12140,6.36,,19.01
3.12150,6.42,,18.91
3.12160,6.26,,19.01
3.12170,6.16,,19.09
3.12180,6.35,,19.14
3.12190,6.60,,19.01
3.12200,6.79,,19.06
3.12210,6.99,,18.94
3.12220,7.27,,18.69
3.12230,7.08,,18.86
3.12240,7.03,,18.61
3.12250,7.25,,18.86
3.12260,7.50,,18.72
3.12270,7.53,,19.06
3.12280,6.99,,19.01
3.12290,6.63,,19.37
3.12300,6.17,,19.16
3.12310,5.78,,19.37
3.12320,5.91,,19.39
3.12330,5.75,,19.14
3.12340,5.94,,19.16
3.12350,5.76,,19.14
3.12360,5.59,,18.72
3.12370,6.07,,18.72
3.12380,6.35,,18.69
3.12390,7.19,,18.50
3.12400,7.59,,18.40
3.12410,8.21,,18.57
3.12420,8.30,,18.61
3.12430,8.71,,18.57
3.12440,9.24,,18.91
3.12450,9.53,,18.94
3.12460,9.59,,19.16
3.12470,10.18,,19.14
3.12480,10.54,,19.16
3.12490,10.57,,19.37
3.12500,10.98,,19.16
3.12510,11.42,,19.14
3.12520,12.14,,19.16
3.12530,12.80,,19.14
3.12540,13.34,,19.16
3.12550,13.71,,18.91
3.12560,14.55,,18.94
3.12570,15.13,,18.94
3.12580,15.45,,18.91
3.12590,16.14,,19.01
3.12600,16.53,,19.06
3.12610,17.12,,19.01
3.12620,17.85,,19.06
3.12630,18.21,,18.94
3.12640,18.85,,18.91
3.12650,19.47,,18.72
3.12660,19.64,,18.72
3.12670,20.09,,18.47
3.12680,20.79,,18.50
3.12690,21.58,,18.61
3.12700,21.99,,18.57
3.12710,22.42,,18.91
3.12720,22.40,,19.16
3.12730,22.80,,19.14
3.12740,23.22,,19.16
3.12750,23.35,,19.37
3.12760,23.23,,19.63
3.12770,23.28,,19.39
3.12780,23.36,,19.37
3.12790,23.70,,19.16
3.12800,24.61,,19.21
3.12810,25.14,,19.09
3.12820,24.99,,18.69
3.12830,24.84,,18.86
3.12840,25.98,,18.54
3.12850,26.62,,18.50
3.12860,27.28,,18.47
3.12870,27.89,,18.57
3.12880,28.50,,18.64
3.12890,28.87,,18.83
3.12900,29.53,,18.79
3.12910,29.28,,18.91
3.12920,28.93,,18.94
3.12930,27.11,,19.14
3.12940,25.60,,18.94
3.12950,25.09,,18.69
3.12960,26.02,,18.79
3.12970,26.98,,18.86
3.12980,27.63,,18.61
3.12990,27.82,,18.57
3.13000,28.24,,18.61
3.13010,28.42,,18.79
3.13020,27.90,,18.98
3.13030,27.46,,19.31
3.13040,27.13,,19.37
3.13050,28.23,,19.63
3.13060,29.82,,19.37
3.13070,30.92,,19.47
3.13080,29.87,,19.55
3.13090,26.76,,19.37
3.13100,26.19,,18.94
3.13110,26.13,,18.69
3.13120,25.29,,18.29
3.13130,25.63,,18.26
3.13140,26.49,,18.02
3.13150,28.38,,17.71
3.13160,30.49,,17.82
3.13170,32.19,,17.95
3.13180,33.18,,18.12
3.13190,33.84,,18.64
3.13200,33.68,,19.14
3.13210,33.06,,19.63
3.13220,32.88,,19.85
3.13230,33.33,,19.87
3.13240,33.93,,19.85
3.13250,34.35,,19.87
3.13260,35.09,,19.37
3.13270,35.98,,19.01
3.13280,36.65,,18.86
3.13290,37.53,,18.33
3.13300,37.82,,18.43
3.13310,38.34,,18.26
3.13320,38.68,,18.72
3.13330,38.95,,19.14
3.13340,39.38,,19.39
3.13350,39.50,,19.77
3.13360,40.15,,19.71
3.13370,40.42,,19.63
3.13380,40.30,,19.61
3.13390,40.69,,19.16
3.13400,41.35,,18.76
3.13410,42.02,,18.22
3.13420,43.08,,17.85
3.13430,44.32,,17.69
3.13440,45.54,,17.85
3.13450,46.54,,18.02
3.13460,47.43,,18.33
3.13470,48.16,,18.72
3.13480,49.08,,19.16
3.13490,50.04,,19.37
3.13500,51.02,,19.63
3.13510,51.86,,19.61
3.13520,52.46,,19.63
3.13530,53.29,,19.14
3.13540,54.16,,19.16
3.13550,55.19,,18.69
3.13560,55.91,,18.50
3.13570,56.62,,18.50
3.13580,57.27,,18.47
3.13590,57.59,,18.72
3.13600,57.57,,18.69
3.13610,57.91,,19.16
3.13620,58.23,,18.91
3.13630,58.78,,19.16
3.13640,59.03,,19.14
3.13650,58.89,,18.94
3.13660,57.61,,18.91
3.13670,57.15,,18.86
3.13680,57.12,,18.36
3.13690,57.81,,18.47
3.13700,58.43,,18.36
3.13710,59.12,,18.40
3.13720,59.53,,18.50
3.13730,59.29,,18.69
3.13740,58.97,,18.72
3.13750,58.87,,18.91
3.13760,59.06,,18.94
3.13770,59.46,,18.94
3.13780,59.43,,18.91
3.13790,59.69,,19.09
3.13800,59.80,,18.91
3.13810,59.50,,18.79
3.13820,59.03,,18.69
3.13830,59.18,,18.57
3.13840,59.12,,18.40
3.13850,59.09,,18.50
3.13860,58.49,,18.47
3.13870,58.39,,18.43
3.13880,58.65,,18.57
3.13890,58.83,,18.69
3.13900,59.00,,18.72
3.13910,58.94,,18.69
3.13920,58.43,,18.86
3.13930,58.25,,18.76
3.13940,58.22,,18.72
3.13950,58.08,,18.91
3.13960,57.82,,18.86
3.13970,57.71,,18.86
3.13980,57.49,,19.06
3.13990,57.26,,18.94
3.14000,57.09,,18.91
3.14010,57.45,,18.72
3.14020,57.31,,18.83
3.14030,57.13,,18.57
3.14040,56.87,,18.61
3.14050,56.72,,18.57
3.14060,56.88,,18.47
3.14070,57.19,,18.50
3.14080,57.43,,18.50
3.14090,57.46,,18.47
3.14100,57.52,,18.50
3.14110,57.46,,18.54
3.14120,57.47,,18.64
3.14130,57.42,,18.69
3.14140,57.45,,18.72
3.14150,57.03,,18.91
3.14160,56.60,,18.72
3.14170,56.49,,18.94
3.14180,56.38,,18.69
3.14190,56.58,,18.72
3.14200,56.74,,18.76
3.14210,56.70,,18.86
3.14220,56.47,,18.69
3.14230,56.95,,18.79
3.14240,57.45,,18.83
3.14250,57.68,,18.72
3.14260,57.76,,18.83
3.14270,57.94,,18.79
3.14280,58.12,,18.72
3.14290,58.09,,18.83
3.14300,58.27,,18.79
3.14310,58.61,,18.69
3.14320,59.24,,18.57
3.14330,60.35,,18.61
3.14340,61.14,,18.29
3.14350,61.70,,18.61
3.14360,60.81,,18.57
3.14370,59.53,,18.72
3.14380,59.07,,18.69
3.14390,58.83,,18.72
3.14400,58.59,,18.83
3.14410,58.48,,18.79
3.14420,58.49,,18.69
3.14430,57.82,,18.94
3.14440,57.23,,18.91
3.14450,56.47,,18.79
3.14460,56.40,,18.61
3.14470,56.75,,18.86
3.14480,56.71,,18.57
3.14490,56.39,,18.69
3.14500,55.94,,18.79
3.14510,55.43,,18.83
3.14520,55.17,,18.64
3.14530,55.33,,18.61
3.14540,55.32,,18.64
3.14550,54.96,,18.54
3.14560,54.89,,18.43
3.14570,54.97,,18.43
3.14580,55.23,,18.33
3.14590,54.55,,18.50
3.14600,54.11,,18.47
3.14610,53.71,,18.79
3.14620,53.73,,18.83
3.14630,53.34,,18.72
3.14640,53.30,,18.91
3.14650,53.14,,18.94
3.14660,53.03,,18.91
3.14670,52.92,,18.72
3.14680,52.75,,18.86
3.14690,52.80,,18.61
3.14700,52.70,,18.64
3.14710,52.30,,18.54
3.14720,52.19,,18.64
3.14730,51.85,,18.83
3.14740,51.56,,18.79
3.14750,51.12,,18.69
3.14760,51.21,,18.86
3.14770,51.68,,18.57
3.14780,52.54,,18.61
3.14790,53.01,,18.36
3.14800,53.56,,18.26
3.14810,54.09,,18.29
3.14820,54.42,,18.26
3.14830,54.57,,18.36
3.14840,55.02,,18.40
3.14850,55.30,,18.72
3.14860,55.44,,18.69
3.14870,55.42,,18.94
3.14880,55.13,,18.94
3.14890,55.05,,19.06
3.14900,54.98,,19.01
3.14910,55.12,,18.91
3.14920,55.19,,18.72
3.14930,55.52,,18.61
3.14940,55.78,,18.36
3.14950,55.20,,18.47
3.14960,54.30,,18.36
3.14970,53.78,,18.43
3.14980,53.76,,18.47
3.14990,53.75,,18.57
3.15000,54.31,,18.61
3.15010,54.64,,18.86
3.15020,54.82,,18.61
3.15030,54.47,,18.57
3.15040,54.49,,18.33
3.15050,54.92,,18.29
3.15060,55.10,,18.05
3.15070,55.54,,18.29
3.15080,56.12,,18.02
3.15090,56.30,,18.33
3.15100,57.20,,18.50
3.15110,58.20,,18.47
3.15120,58.74,,18.79
3.15130,58.99,,18.91
3.15140,59.15,,19.09
3.15150,59.46,,18.91
3.15160,60.40,,18.94
3.15170,61.67,,18.72
3.15180,62.45,,18.76
3.15190,62.71,,18.57
3.15200,62.87,,18.54
3.15210,63.20,,18.36
3.15220,63.52,,18.40
3.15230,63.53,,18.50
3.15240,63.68,,18.61
3.15250,63.56,,18.57
3.15260,63.21,,18.91
3.15270,63.26,,18.57
3.15280,63.23,,18.57
3.15290,63.03,,18.54
3.15300,62.50,,18.29
3.15310,62.30,,18.12
3.15320,62.06,,18.29
3.15330,61.97,,18.19
3.15340,62.26,,18.29
3.15350,62.37,,18.47
3.15360,62.33,,18.50
3.15370,62.46,,18.72
3.15380,62.66,,18.83
3.15390,62.83,,18.79
3.15400,62.64,,18.91
3.15410,62.63,,18.94
3.15420,62.93,,18.91
3.15430,63.39,,18.86
3.15440,63.51,,18.61
3.15450,63.51,,18.43
3.15460,63.58,,18.47
3.15470,63.72,,18.29
3.15480,63.50,,18.29
3.15490,63.36,,18.26
3.15500,63.19,,18.29
3.15510,62.70,,18.40
3.15520,62.53,,18.29
3.15530,62.41,,18.33
3.15540,62.43,,18.29
3.15550,62.40,,18.33
3.15560,62.40,,18.43
3.15570,62.02,,18.47
3.15580,61.93,,18.50
3.15590,61.89,,18.64
3.15600,62.24,,18.61
3.15610,62.51,,18.86
3.15620,62.60,,18.91
3.15630,62.70,,19.16
3.15640,62.21,,18.91
3.15650,61.53,,19.16
3.15660,61.17,,18.91
3.15670,60.93,,18.94
3.15680,60.94,,18.72
3.15690,61.37,,18.69
3.15700,61.42,,18.29
3.15710,61.27,,18.33
3.15720,60.92,,18.29
3.15730,60.94,,18.19
3.15740,61.29,,18.15
3.15750,61.74,,18.33
3.15760,61.97,,18.29
3.15770,62.06,,18.33
3.15780,62.33,,18.50
3.15790,62.60,,18.50
3.15800,63.03,,18.47
3.15810,63.30,,18.72
3.15820,63.49,,18.47
3.15830,63.54,,18.86
3.15840,63.95,,18.61
3.15850,64.17,,18.86
3.15860,64.50,,18.91
3.15870,64.87,,18.94
3.15880,65.48,,19.09
3.15890,65.68,,18.98
3.15900,66.27,,18.94
3.15910,66.95,,18.91
3.15920,67.29,,18.72
3.15930,67.23,,18.69
3.15940,68.26,,18.50
3.15950,68.52,,18.47
3.15960,69.09,,18.29
3.15970,69.53,,18.19
3.15980,69.72,,18.02
3.15990,69.98,,18.22
3.16000,70.22,,18.12
3.16010,70.21,,18.29
3.16020,70.58,,18.40
3.16030,71.02,,18.50
3.16040,71.70,,18.47
3.16050,71.53,,18.72
3.16060,71.24,,18.61
3.16070,71.26,,18.79
3.16080,71.42,,18.72
3.16090,71.24,,18.91
3.16100,71.25,,19.09
3.16110,70.90,,19.21
3.16120,70.85,,18.94
3.16130,70.51,,18.91
3.16140,70.50,,18.79
3.16150,70.65,,18.61
3.16160,70.64,,18.57
3.16170,69.98,,18.40
3.16180,69.65,,18.29
3.16190,69.24,,18.29
3.16200,68.78,,18.26
3.16210,68.38,,18.08
3.16220,68.54,,18.05
3.16230,68.90,,17.95
3.16240,69.33,,18.19
3.16250,69.35,,18.15
3.16260,67.88,,18.40
3.16270,66.07,,18.50
3.16280,65.18,,18.72
3.16290,64.98,,18.69
3.16300,65.10,,18.94
3.16310,65.32,,18.91
3.16320,65.31,,18.86
3.16330,65.22,,18.91
3.16340,65.23,,18.86
3.16350,65.06,,18.83
3.16360,65.19,,18.72
3.16370,65.18,,18.69
3.16380,65.46,,18.72
3.16390,65.64,,18.57
3.16400,66.26,,18.61
3.16410,67.16,,18.57
3.16420,68.57,,18.40
3.16430,69.59,,18.50
3.16440,69.86,,18.33
3.16450,70.04,,18.29
3.16460,70.20,,18.33
3.16470,70.37,,18.15
3.16480,70.86,,18.29
3.16490,71.02,,18.26
3.16500,71.26,,18.50
3.16510,71.89,,18.47
3.16520,72.32,,18.50
3.16530,72.84,,18.83
3.16540,73.15,,18.57
3.16550,73.36,,18.91
3.16560,73.70,,18.86
3.16570,73.92,,18.76
3.16580,73.79,,19.01
3.16590,73.63,,19.09
3.16600,72.65,,19.14
3.16610,71.68,,19.16
3.16620,71.19,,18.91
3.16630,70.89,,18.72
3.16640,70.97,,18.91
3.16650,71.31,,18.50
3.16660,71.88,,18.26
3.16670,72.06,,18.29
3.16680,71.98,,18.15
3.16690,71.75,,18.19
3.16700,72.30,,18.08
3.16710,73.03,,18.26
3.16720,72.99,,18.29
3.16730,73.06,,18.47
3.16740,73.32,,18.72
3.16750,73.49,,18.91
3.16760,73.72,,18.72
3.16770,72.92,,18.91
3.16780,72.39,,18.86
3.16790,71.57,,18.79
3.16800,71.10,,18.69
3.16810,70.80,,18.72
3.16820,70.59,,18.76
3.16830,70.08,,18.86
3.16840,69.32,,18.91
3.16850,69.31,,18.94
3.16860,69.31,,18.91
3.16870,69.50,,18.94
3.16880,68.57,,18.94
3.16890,68.41,,18.91
3.16900,68.35,,18.64
3.16910,67.90,,18.54
3.16920,67.39,,18.50
3.16930,67.44,,18.26
3.16940,67.40,,18.22
3.16950,67.24,,18.05
3.16960,67.60,,18.15
3.16970,67.29,,18.19
3.16980,66.30,,18.15
3.16990,65.47,,18.43
3.17000,64.53,,18.76
3.17010,63.55,,18.94
3.17020,62.47,,19.14
3.17030,61.24,,19.39
3.17040,61.20,,19.37
3.17050,61.43,,19.24
3.17060,61.33,,19.21
3.17070,61.25,,19.01
3.17080,61.10,,18.72
3.17090,60.79,,18.69
3.17100,60.62,,18.72
3.17110,60.46,,18.69
3.17120,60.15,,18.57
3.17130,59.31,,18.83
3.17140,59.17,,18.94
3.17150,59.02,,18.69
3.17160,58.76,,18.79
3.17170,58.49,,18.83
3.17180,57.94,,18.64
3.17190,58.15,,18.57
3.17200,58.34,,18.33
3.17210,57.99,,18.43
3.17220,57.43,,18.26
3.17230,57.75,,18.50
3.17240,57.94,,18.69
3.17250,58.35,,18.79
3.17260,58.39,,18.91
3.17270,58.44,,19.16
3.17280,58.48,,19.31
3.17290,58.42,,19.37
3.17300,58.15,,19.16
3.17310,58.25,,19.37
3.17320,57.75,,19.01
3.17330,57.57,,19.06
3.17340,57.07,,18.94
3.17350,56.52,,18.69
3.17360,56.07,,18.86
3.17370,55.89,,18.54
3.17380,55.77,,18.50
3.17390,55.45,,18.50
3.17400,55.30,,18.54
3.17410,54.47,,18.57
3.17420,53.92,,18.61
3.17430,53.15,,18.86
3.17440,52.54,,18.69
3.17450,52.05,,18.94
3.17460,51.56,,18.91
3.17470,51.45,,18.72
3.17480,50.96,,19.16
3.17490,50.64,,18.91
3.17500,50.03,,18.86
3.17510,49.73,,18.98
3.17520,49.38,,19.09
3.17530,48.92,,18.98
3.17540,48.51,,19.09
3.17550,48.26,,18.98
3.17560,48.09,,18.94
3.17570,48.28,,19.06
3.17580,48.22,,18.86
3.17590,48.37,,18.86
3.17600,48.47,,18.69
3.17610,48.75,,18.72
3.17620,48.88,,18.69
3.17630,48.92,,18.57
3.17640,48.63,,18.83
3.17650,48.57,,18.72
3.17660,48.60,,18.83
3.17670,48.75,,19.01
3.17680,48.96,,19.01
3.17690,48.81,,19.06
3.17700,49.08,,19.01
3.17710,49.26,,19.06
3.17720,49.51,,18.94
3.17730,49.62,,19.14
3.17740,49.58,,19.16
3.17750,49.28,,19.14
3.17760,49.22,,19.39
3.17770,49.17,,19.14
3.17780,49.33,,19.16
3.17790,49.61,,19.16
3.17800,49.48,,18.91
3.17810,49.23,,18.94
3.17820,49.15,,18.91
3.17830,48.78,,18.72
3.17840,48.39,,18.91
3.17850,48.26,,18.94
3.17860,48.44,,18.91
3.17870,48.65,,18.72
3.17880,48.57,,18.79
3.17890,48.18,,18.83
3.17900,47.61,,18.94
3.17910,47.53,,18.91
3.17920,47.18,,18.94
3.17930,46.91,,19.14
3.17940,46.22,,18.94
3.17950,46.13,,18.91
3.17960,45.64,,19.16
3.17970,45.23,,19.14
3.17980,45.18,,19.16
3.17990,45.20,,19.16
3.18000,44.63,,19.37
3.18010,44.28,,19.16
3.18020,43.95,,19.37
3.18030,43.73,,19.16
3.18040,43.08,,19.21
3.18050,42.69,,19.09
3.18060,42.52,,18.98
3.18070,42.32,,19.09
3.18080,42.10,,18.94
3.18090,41.88,,18.69
3.18100,42.04,,18.79
3.18110,41.89,,18.83
3.18120,41.85,,18.72
3.18130,42.15,,18.83
3.18140,41.88,,19.01
3.18150,40.90,,18.91
3.18160,41.47,,19.16
3.18170,41.91,,19.37
3.18180,42.12,,19.16
3.18190,42.27,,19.39
3.18200,42.31,,19.29
3.18210,42.24,,19.24
3.18220,41.99,,19.37
3.18230,42.05,,19.16
3.18240,41.84,,19.37
3.18250,41.40,,19.16
3.18260,41.35,,19.37
3.18270,41.73,,19.16
3.18280,41.99,,19.14
3.18290,42.06,,19.01
3.18300,42.19,,19.09
3.18310,41.80,,19.14
3.18320,41.94,,19.01
3.18330,42.46,,19.06
3.18340,42.35,,19.01
3.18350,42.36,,19.06
3.18360,42.21,,19.01
3.18370,42.14,,19.21
3.18380,41.82,,19.01
3.18390,41.63,,19.16
3.18400,41.19,,19.37
3.18410,41.15,,19.16
3.18420,40.98,,19.37
3.18430,40.10,,19.39
3.18440,41.55,,19.37
3.18450,41.57,,19.39
3.18460,41.43,,19.37
3.18470,41.00,,19.63
3.18480,40.57,,19.37
3.18490,40.41,,19.63
3.18500,40.12,,19.39
3.18510,39.69,,19.37
3.18520,39.78,,19.39
3.18530,39.53,,19.37
3.18540,39.18,,19.16
3.18550,39.35,,19.14
3.18560,39.47,,18.94
3.18570,39.59,,18.91
3.18580,39.43,,18.94
3.18590,39.35,,18.94
3.18600,38.72,,18.91
3.18610,38.63,,19.01
3.18620,38.53,,19.21
3.18630,38.14,,19.24
3.18640,37.69,,19.37
3.18650,37.45,,19.24
3.18660,37.21,,19.29
3.18670,36.88,,19.39
3.18680,36.54,,19.37
3.18690,36.45,,19.63
3.18700,36.16,,19.47
3.18710,35.96,,19.53
3.18720,35.59,,19.47
3.18730,35.24,,19.53
3.18740,35.38,,19.47
3.18750,35.28,,19.53
3.18760,35.07,,19.63
3.18770,34.73,,19.37
3.18780,34.05,,19.63
3.18790,33.52,,19.39
3.18800,33.09,,19.45
3.18810,33.00,,19.31
3.18820,33.23,,19.06
3.18830,33.50,,19.01
3.18840,33.57,,18.91
3.18850,33.62,,19.01
3.18860,34.37,,19.06
3.18870,35.15,,19.16
3.18880,35.92,,19.14
3.18890,37.53,,19.39
3.18900,38.83,,19.16
3.18910,39.04,,19.37
3.18920,37.98,,19.63
3.18930,36.79,,19.85
3.18940,35.90,,20.12
3.18950,35.43,,20.11
3.18960,35.47,,20.12
3.18970,35.90,,19.85
3.18980,36.50,,19.63
3.18990,36.85,,19.39
3.19000,36.61,,19.21
3.19010,37.28,,19.09
3.19020,37.30,,19.14
3.19030,37.21,,19.31
3.19040,37.55,,19.21
3.19050,37.86,,19.39
3.19060,38.73,,19.29
3.19070,39.41,,19.47
3.19080,40.08,,19.37
3.19090,40.77,,19.39
3.19100,41.30,,19.39
3.19110,41.73,,19.53
3.19120,41.27,,19.47
3.19130,40.61,,19.37
3.19140,40.56,,19.39
3.19150,40.49,,19.37
3.19160,40.32,,19.55
3.19170,40.58,,19.53
3.19180,40.55,,19.79
3.19190,40.77,,19.79
3.19200,40.71,,19.85
3.19210,40.56,,19.71
3.19220,39.96,,19.85
3.19230,39.48,,19.63
3.19240,39.50,,19.77
3.19250,39.75,,19.47
3.19260,40.21,,19.53
3.19270,40.70,,19.24
3.19280,41.02,,19.14
3.19290,41.15,,19.16
3.19300,41.31,,19.16
3.19310,41.77,,19.37
3.19320,41.81,,19.16
3.19330,41.64,,19.37
3.19340,41.48,,19.39
3.19350,41.65,,19.61
3.19360,42.24,,19.39
3.19370,42.90,,19.61
3.19380,43.60,,19.79
3.19390,44.24,,19.47
3.19400,44.70,,19.61
3.19410,44.68,,19.71
3.19420,44.57,,19.77
3.19430,44.37,,19.87
3.19440,44.71,,19.85
3.19450,44.78,,20.12
3.19460,45.24,,19.85
3.19470,45.74,,19.87
3.19480,46.42,,19.85
3.19490,46.68,,19.63
3.19500,46.79,,19.55
3.19510,46.76,,19.45
3.19520,46.80,,19.39
3.19530,46.97,,19.37
3.19540,47.17,,19.16
3.19550,47.20,,19.21
3.19560,47.48,,19.16
3.19570,47.47,,19.21
3.19580,47.48,,19.24
3.19590,47.70,,19.39
3.19600,47.89,,19.37
3.19610,48.44,,19.63
3.19620,48.83,,19.61
3.19630,48.77,,19.87
3.19640,48.84,,19.85
3.19650,48.99,,20.12
3.19660,48.62,,20.11
3.19670,48.52,,20.12
3.19680,48.74,,20.36
3.19690,49.02,,20.12
3.19700,49.47,,20.12
3.19710,49.18,,20.11
3.19720,49.26,,19.87
3.19730,49.06,,19.61
3.19740,48.78,,19.63
3.19750,48.69,,19.61
3.19760,48.31,,19.24
3.19770,47.98,,19.29
3.19780,47.74,,19.39
3.19790,47.65,,19.16
3.19800,47.65,,19.37
3.19810,47.87,,19.16
3.19820,48.14,,19.37
3.19830,48.01,,19.16
3.19840,48.27,,19.37
3.19850,48.38,,19.63
3.19860,48.19,,19.61
3.19870,47.79,,20.04
3.19880,47.94,,19.94
3.19890,47.82,,20.12
3.19900,47.69,,20.37
3.19910,47.40,,20.11
3.19920,47.29,,20.37
3.19930,47.15,,20.11
3.19940,47.30,,20.37
3.19950,47.17,,20.11
3.19960,47.33,,19.87
3.19970,47.48,,20.11
3.19980,47.53,,19.87
3.19990,47.59,,19.79
3.20000,48.02,,19.69
3.20010,47.82,,19.63
3.20020,46.92,,19.61
3.20030,46.61,,19.63
3.20040,45.49,,19.61
3.20050,44.55,,19.63
3.20060,43.65,,19.61
3.20070,42.80,,19.39
3.20080,42.52,,19.37
3.20090,42.85,,19.39
3.20100,43.43,,19.24
3.20110,43.87,,19.29
3.20120,44.23,,19.39
3.20130,44.25,,19.61
3.20140,44.05,,19.87
3.20150,43.96,,20.36
3.20160,43.96,,20.37
3.20170,44.35,,20.63
3.20180,44.25,,20.64
3.20190,44.35,,20.90
3.20200,44.30,,20.90
3.20210,44.57,,20.64
3.20220,44.69,,20.36
3.20230,45.22,,20.12
3.20240,45.54,,19.85
3.20250,45.64,,19.63
3.20260,45.76,,19.61
3.20270,46.01,,19.63
3.20280,46.07,,19.37
3.20290,46.15,,19.39
3.20300,46.18,,19.63
3.20310,46.38,,19.61
3.20320,46.43,,19.87
3.20330,46.15,,19.85
3.20340,45.90,,19.87
3.20350,45.50,,19.85
3.20360,45.50,,19.87
3.20370,45.36,,19.94
3.20380,45.52,,20.04
3.20390,45.69,,19.87
3.20400,45.84,,19.85
3.20410,45.68,,20.12
3.20420,45.84,,20.36
3.20430,46.03,,20.12
3.20440,45.95,,20.36
3.20450,45.71,,20.12
3.20460,45.53,,20.36
3.20470,45.42,,20.37
3.20480,45.04,,20.11
3.20490,45.36,,20.12
3.20500,45.59,,20.12
3.20510,45.57,,19.61
3.20520,45.49,,19.63
3.20530,45.44,,19.61
3.20540,45.25,,19.63
3.20550,45.02,,19.61
3.20560,44.68,,19.63
3.20570,44.23,,19.85
3.20580,43.92,,20.04
3.20590,43.64,,19.95
3.20600,43.44,,20.11
3.20610,43.03,,20.37
3.20620,42.67,,20.36
3.20630,42.23,,20.37
3.20640,41.71,,20.36
3.20650,40.66,,20.37
3.20660,39.85,,20.36
3.20670,39.46,,20.37
3.20680,39.27,,20.11
3.20690,38.61,,20.12
3.20700,38.28,,20.12
3.20710,37.83,,20.11
3.20720,37.76,,19.87
3.20730,37.74,,20.02
3.20740,37.67,,19.79
3.20750,37.34,,19.85
3.20760,37.24,,19.79
3.20770,36.97,,19.85
3.20780,37.12,,19.63
3.20790,37.05,,19.69
3.20800,36.94,,19.79
3.20810,37.24,,19.87
3.20820,37.23,,19.85
3.20830,37.11,,20.12
3.20840,37.09,,20.11
3.20850,37.21,,20.37
3.20860,36.92,,20.63
3.20870,36.95,,20.64
3.20880,37.10,,20.63
3.20890,37.17,,20.64
3.20900,37.47,,20.37
3.20910,37.34,,20.63
3.20920,37.28,,20.37
3.20930,36.86,,20.36
3.20940,36.60,,20.12
3.20950,36.42,,20.11
3.20960,35.92,,20.04
3.20970,36.01,,19.94
3.20980,35.84,,20.12
3.20990,35.89,,20.11
3.21000,35.65,,19.87
3.21010,35.43,,20.12
3.21020,35.45,,20.11
3.21030,35.14,,19.87
3.21040,34.78,,20.11
3.21050,34.75,,20.12
3.21060,34.47,,20.11
3.21070,34.05,,20.20
3.21080,33.99,,20.28
3.21090,33.84,,20.37
3.21100,33.70,,20.46
3.21110,33.49,,20.54
3.21120,33.27,,20.64
3.21130,33.31,,20.36
3.21140,33.66,,20.64
3.21150,33.58,,20.36
3.21160,33.35,,20.46
3.21170,33.25,,20.28
3.21180,33.30,,20.37
3.21190,33.20,,20.19
3.21200,33.32,,20.29
3.21210,33.19,,20.12
3.21220,33.26,,20.36
3.21230,33.26,,19.87
3.21240,33.61,,20.11
3.21250,33.69,,20.12
3.21260,33.45,,20.11
3.21270,33.04,,20.37
3.21280,33.42,,20.11
3.21290,33.62,,20.12
3.21300,33.67,,20.37
3.21310,33.71,,20.36
3.21320,33.56,,20.37
3.21330,33.56,,20.36
3.21340,33.30,,20.55
3.21350,33.26,,20.54
3.21360,33.12,,20.81
3.21370,33.06,,20.63
3.21380,32.87,,20.64
3.21390,33.15,,20.63
3.21400,33.11,,20.64
3.21410,32.38,,20.64
3.21420,32.32,,20.36
3.21430,32.42,,20.37
3.21440,32.74,,20.11
3.21450,32.74,,20.12
3.21460,32.52,,20.11
3.21470,32.64,,20.12
3.21480,32.48,,20.11
3.21490,32.37,,20.12
3.21500,32.60,,20.12
3.21510,32.29,,20.36
3.21520,32.15,,20.12
3.21530,31.97,,20.36
3.21540,31.76,,20.64
3.21550,31.93,,20.36
3.21560,31.82,,20.64
3.21570,32.00,,20.36
3.21580,32.21,,20.37
3.21590,32.14,,20.36
3.21600,32.41,,20.64
3.21610,32.41,,20.37
3.21620,32.32,,20.63
3.21630,32.33,,20.37
3.21640,32.62,,20.63
3.21650,33.29,,20.64
3.21660,33.62,,20.36
3.21670,33.83,,20.64
3.21680,34.24,,20.63
3.21690,34.44,,20.64
3.21700,34.54,,20.64
3.21710,34.43,,20.19
3.21720,34.71,,20.29
3.21730,34.68,,20.36
3.21740,34.71,,20.12
3.21750,34.82,,20.36
3.21760,34.69,,20.12
3.21770,34.18,,20.36
3.21780,34.57,,20.37
3.21790,34.62,,20.63
3.21800,34.53,,20.37
3.21810,34.64,,20.90
3.21820,34.42,,20.63
3.21830,34.97,,20.90
3.21840,35.11,,20.63
3.21850,35.02,,20.64
3.21860,35.16,,20.63
3.21870,35.50,,20.64
3.21880,35.81,,20.63
3.21890,36.05,,20.37
3.21900,35.93,,20.46
3.21910,35.92,,20.54
3.21920,36.11,,20.37
3.21930,36.58,,20.36
3.21940,36.18,,20.37
3.21950,36.22,,20.11
3.21960,36.71,,20.20
3.21970,37.05,,20.28
3.21980,37.70,,20.12
3.21990,37.60,,20.45
3.22000,38.25,,20.55
3.22010,38.41,,20.64
3.22020,38.68,,20.63
3.22030,38.42,,20.90
3.22040,38.53,,20.90
3.22050,38.69,,20.90
3.22060,38.92,,21.08
3.22070,39.15,,20.99
3.22080,39.21,,20.90
3.22090,39.78,,20.64
3.22100,40.21,,20.90
3.22110,40.19,,20.36
3.22120,40.75,,20.64
3.22130,40.84,,20.11
3.22140,41.20,,20.46
3.22150,41.58,,20.54
3.22160,42.20,,20.37
3.22170,42.88,,20.36
3.22180,43.23,,20.37
3.22190,43.92,,20.63
3.22200,44.10,,20.37
3.22210,44.21,,20.37
3.22220,44.39,,20.36
3.22230,45.07,,20.37
3.22240,45.55,,20.63
3.22250,46.40,,20.37
3.22260,46.85,,20.54
3.22270,47.15,,20.46
3.22280,47.60,,20.63
3.22290,47.92,,20.90
3.22300,48.25,,21.18
3.22310,48.96,,21.18
3.22320,49.69,,21.18
3.22330,50.05,,21.18
3.22340,50.41,,21.18
3.22350,50.71,,20.90
3.22360,50.85,,21.18
3.22370,50.83,,20.63
3.22380,50.86,,20.72
3.22390,50.83,,20.54
3.22400,50.59,,20.64
3.22410,50.34,,20.37
3.22420,50.31,,20.36
3.22430,50.57,,20.12
3.22440,50.71,,20.36
3.22450,51.37,,20.12
3.22460,51.38,,20.11
3.22470,51.44,,20.37
3.22480,51.38,,20.36
3.22490,51.57,,20.37
3.22500,51.54,,20.64
3.22510,51.64,,20.90
3.22520,51.92,,20.64
3.22530,52.09,,20.90
3.22540,52.28,,21.18
3.22550,52.85,,20.90
3.22560,52.75,,21.18
3.22570,53.37,,20.90
3.22580,54.09,,21.18
3.22590,54.58,,20.90
3.22600,55.67,,20.90
3.22610,56.13,,20.64
3.22620,56.83,,20.63
3.22630,56.95,,20.64
3.22640,57.36,,20.63
3.22650,57.58,,20.64
3.22660,57.67,,20.63
3.22670,58.19,,20.37
3.22680,58.57,,20.63
3.22690,58.81,,20.64
3.22700,58.56,,20.64
3.22710,58.32,,20.63
3.22720,58.71,,20.64
3.22730,59.05,,20.63
3.22740,59.39,,20.64
3.22750,59.49,,20.63
3.22760,59.60,,20.90
3.22770,59.88,,20.90
3.22780,60.12,,20.90
3.22790,60.55,,20.63
3.22800,60.20,,20.90
3.22810,60.39,,20.90
3.22820,60.59,,21.18
3.22830,60.98,,20.90
3.22840,61.53,,20.90
3.22850,61.78,,20.64
3.22860,61.95,,20.63
3.22870,61.73,,20.64
3.22880,61.74,,20.36
3.22890,61.69,,20.37
3.22900,62.38,,20.12
3.22910,62.81,,20.36
3.22920,62.92,,20.29
3.22930,62.35,,20.45
3.22940,62.51,,20.37
3.22950,62.43,,20.63
3.22960,62.13,,20.64
3.22970,61.83,,20.90
3.22980,61.19,,20.90
3.22990,60.53,,21.18
3.23000,59.07,,20.90
3.23010,58.20,,20.90
3.23020,58.27,,21.18
3.23030,58.28,,20.64
3.23040,58.11,,20.63
3.23050,57.07,,20.90
3.23060,55.27,,20.63
3.23070,53.66,,20.90
3.23080,53.81,,20.90
3.23090,54.07,,20.64
3.23100,54.46,,20.64
3.23110,55.33,,20.90
3.23120,56.71,,20.37
3.23130,57.89,,20.63
3.23140,58.54,,20.64
3.23150,58.00,,20.63
3.23160,57.55,,20.64
3.23170,57.33,,20.63
3.23180,57.21,,20.64
3.23190,57.50,,20.90
3.23200,57.53,,20.64
3.23210,57.94,,20.90
3.23220,57.63,,20.90
3.23230,57.78,,20.90
3.23240,57.57,,20.63
3.23250,57.93,,20.90
3.23260,58.09,,20.90
3.23270,58.35,,20.90
3.23280,58.44,,20.90
3.23290,58.27,,20.64
3.23300,58.50,,21.18
3.23310,58.54,,20.90
3.23320,58.59,,20.90
3.23330,58.52,,20.90
3.23340,58.94,,20.90
3.23350,58.64,,20.90
3.23360,58.79,,20.64
3.23370,58.50,,20.90
3.23380,58.60,,20.64
3.23390,58.89,,20.63
3.23400,58.73,,20.46
3.23410,58.62,,20.55
3.23420,57.75,,20.63
3.23430,57.07,,20.64
3.23440,57.00,,20.90
3.23450,57.26,,20.90
3.23460,57.03,,20.90
3.23470,57.06,,20.90
3.23480,56.58,,21.18
3.23490,56.38,,21.18
3.23500,56.33,,21.18
3.23510,56.23,,20.90
3.23520,56.17,,21.18
3.23530,56.33,,20.90
3.23540,56.44,,20.72
3.23550,56.62,,20.81
3.23560,56.68,,20.64
3.23570,56.43,,20.63
3.23580,56.03,,20.64
3.23590,55.62,,20.63
3.23600,55.37,,20.90
3.23610,55.02,,20.64
3.23620,54.66,,20.63
3.23630,54.58,,20.64
3.23640,54.65,,20.63
3.23650,54.79,,20.64
3.23660,54.89,,20.63
3.23670,54.45,,20.64
3.23680,53.49,,20.90
3.23690,53.31,,20.72
3.23700,53.21,,21.08
3.23710,53.22,,20.90
3.23720,53.61,,21.18
3.23730,53.42,,21.46
3.23740,53.82,,21.18
3.23750,54.03,,21.46
3.23760,54.35,,21.18
3.23770,54.95,,21.18
3.23780,54.68,,20.90
3.23790,55.02,,20.90
3.23800,55.24,,20.90
3.23810,55.59,,20.64
3.23820,55.87,,20.63
3.23830,56.15,,20.37
3.23840,56.15,,20.63
3.23850,55.70,,20.37
3.23860,55.42,,20.63
3.23870,55.26,,20.64
3.23880,54.87,,20.63
3.23890,54.71,,20.64
3.23900,54.56,,20.63
3.23910,54.23,,20.90
3.23920,54.26,,20.64
3.23930,53.98,,20.90
3.23940,53.83,,20.90
3.23950,53.65,,20.90
3.23960,53.38,,20.90
3.23970,52.85,,20.90
3.23980,52.47,,21.18
3.23990,52.11,,20.90
3.24000,52.03,,20.90
3.24010,51.88,,21.18
3.24020,51.54,,20.90
3.24030,51.53,,21.18
3.24040,51.32,,20.90
3.24050,51.07,,20.64
3.24060,50.84,,20.90
3.24070,50.58,,20.64
3.24080,50.50,,20.90
3.24090,50.34,,20.55
3.24100,50.19,,20.45
3.24110,50.67,,20.64
3.24120,50.77,,20.37
3.24130,50.79,,20.63
3.24140,50.34,,20.37
3.24150,50.18,,20.63
3.24160,50.03,,20.72
3.24170,49.61,,20.81
3.24180,49.42,,20.90
3.24190,49.12,,20.90
3.24200,48.65,,20.90
3.24210,48.56,,20.90
3.24220,48.79,,21.18
3.24230,48.31,,20.90
3.24240,47.69,,21.18
3.24250,47.69,,20.90
3.24260,47.57,,21.18
3.24270,47.59,,21.18
3.24280,47.23,,20.90
3.24290,46.97,,21.18
3.24300,46.61,,20.90
3.24310,46.17,,20.90
3.24320,45.91,,20.90
3.24330,45.66,,20.63
3.24340,45.29,,20.64
3.24350,45.16,,20.63
3.24360,45.07,,20.37
3.24370,45.15,,20.36
3.24380,44.96,,20.37
3.24390,44.56,,20.36
3.24400,44.37,,20.64
3.24410,43.92,,20.37
3.24420,43.84,,20.63
3.24430,43.54,,20.90
3.24440,43.01,,20.90
3.24450,42.51,,20.90
3.24460,42.22,,21.18
3.24470,42.27,,21.18
3.24480,42.29,,20.90
3.24490,42.01,,21.18
3.24500,41.92,,20.90
3.24510,41.47,,20.90
3.24520,40.91,,20.90
3.24530,40.40,,20.63
3.24540,39.86,,20.90
3.24550,39.44,,20.63
3.24560,39.10,,20.90
3.24570,38.80,,20.90
3.24580,38.57,,20.90
3.24590,38.24,,20.63
3.24600,37.93,,20.90
3.24610,37.55,,20.64
3.24620,37.23,,20.63
3.24630,37.06,,20.81
3.24640,36.98,,20.72
3.24650,36.80,,20.64
3.24660,36.47,,20.63
3.24670,35.95,,20.90
3.24680,35.59,,20.90
3.24690,35.47,,20.64
3.24700,35.34,,21.18
3.24710,35.12,,20.90
3.24720,34.93,,21.18
3.24730,34.85,,20.90
3.24740,35.03,,20.90
3.24750,34.72,,20.90
3.24760,34.64,,20.90
3.24770,34.42,,20.90
3.24780,34.00,,20.64
3.24790,33.72,,20.63
3.24800,33.72,,20.64
3.24810,33.22,,20.90
3.24820,32.82,,20.63
3.24830,32.77,,20.72
3.24840,32.54,,20.81
3.24850,31.87,,20.64
3.24860,31.64,,20.90
3.24870,31.62,,20.90
3.24880,31.17,,20.63
3.24890,31.11,,20.90
3.24900,31.31,,20.90
3.24910,31.25,,20.81
3.24920,31.76,,20.72
3.24930,31.61,,20.90
3.24940,31.39,,20.64
3.24950,31.02,,20.90
3.24960,30.73,,20.90
3.24970,30.58,,21.18
3.24980,30.54,,21.18
3.24990,30.47,,20.90
3.25000,30.40,,20.90
3.25010,30.54,,20.90
3.25020,30.61,,20.90
3.25030,30.85,,20.90
3.25040,30.98,,20.90
3.25050,31.33,,20.37
3.25060,31.21,,20.63
3.25070,31.08,,20.37
3.25080,31.63,,20.36
3.25090,32.04,,20.64
3.25100,32.45,,20.63
3.25110,32.55,,20.81
3.25120,32.57,,20.72
3.25130,33.11,,20.90
3.25140,33.90,,20.90
3.25150,34.23,,21.18
3.25160,34.71,,21.18
3.25170,35.14,,20.90
3.25180,35.49,,20.90
3.25190,35.84,,20.90
3.25200,36.00,,20.64
3.25210,36.31,,20.64
3.25220,36.85,,20.63
3.25230,36.96,,20.64
3.25240,37.29,,20.36
3.25250,37.28,,20.64
3.25260,37.53,,20.63
3.25270,37.81,,20.64
3.25280,38.68,,20.63
3.25290,39.52,,20.64
3.25300,40.11,,20.81
3.25310,40.42,,20.72
3.25320,40.32,,20.64
3.25330,40.77,,20.90
3.25340,41.25,,20.90
3.25350,41.46,,20.90
3.25360,41.50,,20.90
3.25370,41.37,,20.63
3.25380,41.57,,20.90
3.25390,41.69,,20.90
3.25400,41.90,,20.90
3.25410,41.88,,20.64
3.25420,42.31,,20.63
3.25430,42.88,,20.64
3.25440,42.81,,20.36
3.25450,42.51,,20.64
3.25460,42.41,,20.36
3.25470,42.37,,20.64
3.25480,42.18,,20.36
3.25490,42.46,,20.64
3.25500,42.81,,20.63
3.25510,43.20,,20.90
3.25520,42.66,,20.64
3.25530,42.35,,20.90
3.25540,42.15,,20.90
3.25550,42.22,,20.63
3.25560,42.19,,20.90
3.25570,41.52,,20.63
3.25580,41.94,,20.64
3.25590,42.29,,20.63
3.25600,42.94,,20.37
3.25610,43.22,,20.64
3.25620,43.16,,20.63
3.25630,42.87,,20.37
3.25640,42.24,,20.63
3.25650,41.08,,20.64
3.25660,38.54,,20.63
3.25670,37.21,,20.90
3.25680,36.91,,20.63
3.25690,37.19,,20.64
3.25700,37.69,,20.63
3.25710,37.34,,20.64
3.25720,37.77,,20.64
3.25730,37.60,,20.54
3.25740,37.25,,20.20
3.25750,37.10,,20.36
3.25760,37.31,,20.37
3.25770,37.41,,20.36
3.25780,37.42,,20.37
3.25790,37.39,,20.63
3.25800,37.39,,20.90
3.25810,37.69,,20.64
3.25820,38.28,,20.90
3.25830,38.04,,21.18
3.25840,37.61,,20.90
3.25850,37.35,,20.90
3.25860,37.74,,21.18
3.25870,37.25,,20.90
3.25880,37.18,,20.63
3.25890,37.20,,20.90
3.25900,37.52,,20.63
3.25910,38.01,,20.55
3.25920,37.66,,20.46
3.25930,38.15,,20.36
3.25940,38.83,,20.37
3.25950,39.05,,20.36
3.25960,38.95,,20.55
3.25970,38.86,,20.45
3.25980,39.19,,20.64
3.25990,39.63,,20.63
3.26000,40.47,,20.64
3.26010,40.94,,20.64
3.26020,40.87,,20.63
3.26030,40.72,,20.37
3.26040,40.91,,20.63
3.26050,40.98,,20.37
3.26060,41.02,,20.63
3.26070,41.80,,20.37
3.26080,43.02,,20.63
3.26090,43.43,,20.64
3.26100,42.87,,20.90
3.26110,41.20,,20.90
3.26120,40.44,,21.18
3.26130,40.72,,20.90
3.26140,41.51,,21.18
3.26150,41.95,,20.90
3.26160,42.15,,21.18
3.26170,42.31,,20.90
3.26180,42.31,,20.64
3.26190,42.35,,20.36
3.26200,42.41,,20.37
3.26210,42.10,,20.11
3.26220,42.04,,20.12
3.26230,42.37,,20.12
3.26240,43.01,,20.11
3.26250,42.73,,20.12
3.26260,42.96,,20.36
3.26270,42.83,,20.37
3.26280,42.89,,20.63
3.26290,42.52,,20.64
3.26300,42.78,,20.90
3.26310,42.27,,20.64
3.26320,41.56,,20.64
3.26330,41.55,,20.90
3.26340,41.43,,20.64
3.26350,40.77,,20.90
3.26360,40.62,,20.64
3.26370,40.13,,20.90
3.26380,40.01,,20.90
3.26390,39.70,,20.90
3.26400,39.27,,20.90
3.26410,38.70,,20.63
3.26420,38.65,,20.90
3.26430,39.00,,20.64
3.26440,38.49,,20.36
3.26450,38.64,,20.64
3.26460,38.13,,20.36
3.26470,38.00,,20.12
3.26480,37.76,,20.11
3.26490,37.86,,19.95
3.26500,37.93,,20.02
3.26510,37.76,,20.12
3.26520,38.16,,20.12
3.26530,37.95,,20.11
3.26540,38.21,,20.37
3.26550,38.36,,20.63
3.26560,38.35,,20.64
3.26570,38.49,,20.90
3.26580,38.74,,20.64
3.26590,38.88,,20.90
3.26600,39.05,,20.90
3.26610,38.84,,20.90
3.26620,39.07,,20.64
3.26630,38.96,,20.90
3.26640,39.05,,20.63
3.26650,39.65,,20.64
3.26660,39.72,,20.54
3.26670,39.75,,20.46
3.26680,39.66,,20.36
3.26690,38.78,,20.64
3.26700,39.12,,20.36
3.26710,38.81,,20.37
3.26720,38.72,,20.37
3.26730,38.65,,20.36
3.26740,38.16,,20.37
3.26750,38.06,,20.36
3.26760,38.19,,20.12
3.26770,38.15,,20.36
3.26780,38.09,,20.12
3.26790,38.01,,20.36
3.26800,38.12,,20.12
3.26810,37.94,,20.36
3.26820,37.45,,20.64
3.26830,37.14,,20.64
3.26840,37.35,,20.90
3.26850,36.92,,20.64
3.26860,36.77,,20.90
3.26870,36.35,,20.90
3.26880,36.28,,20.90
3.26890,36.05,,20.90
3.26900,35.85,,20.45
3.26910,35.70,,20.55
3.26920,35.64,,20.37
3.26930,35.80,,20.36
3.26940,36.22,,20.29
3.26950,36.12,,20.19
3.26960,36.18,,20.12
3.26970,36.30,,20.19
3.26980,36.47,,20.29
3.26990,36.92,,20.36
3.27000,37.73,,20.12
3.27010,38.30,,20.54
3.27020,38.58,,20.46
3.27030,39.36,,20.37
3.27040,40.51,,20.63
3.27050,41.20,,20.37
3.27060,42.10,,20.63
3.27070,42.83,,20.64
3.27080,43.66,,20.36
3.27090,44.57,,20.64
3.27100,45.10,,20.36
3.27110,45.35,,20.64
3.27120,45.83,,20.64
3.27130,46.36,,20.63
3.27140,46.85,,20.64
3.27150,47.01,,20.63
3.27160,46.95,,20.37
3.27170,46.96,,20.63
3.27180,47.41,,20.37
3.27190,47.64,,20.36
3.27200,47.64,,20.12
3.27210,47.76,,20.36
3.27220,48.08,,20.12
3.27230,48.23,,20.12
3.27240,48.53,,20.11
3.27250,48.16,,20.29
3.27260,47.90,,20.19
3.27270,47.94,,20.37
3.27280,48.08,,20.36
3.27290,48.07,,20.64
3.27300,48.46,,20.36
3.27310,47.97,,20.64
3.27320,47.60,,20.37
3.27330,47.38,,20.63
3.27340,47.03,,20.37
3.27350,46.49,,20.63
3.27360,46.07,,20.20
3.27370,46.43,,20.28
3.27380,46.21,,20.37
3.27390,46.55,,20.36
3.27400,46.07,,20.64
3.27410,46.29,,20.36
3.27420,46.14,,20.37
3.27430,46.19,,20.37
3.27440,46.06,,20.36
3.27450,46.47,,20.37
3.27460,46.23,,20.36
3.27470,46.38,,20.12
3.27480,46.15,,20.11
3.27490,46.09,,20.37
3.27500,45.86,,20.11
3.27510,45.85,,20.37
3.27520,45.62,,20.37
3.27530,45.23,,20.36
3.27540,45.14,,20.37
3.27550,44.88,,20.63
3.27560,45.13,,20.37
3.27570,45.06,,20.63
3.27580,45.27,,20.37
3.27590,45.43,,20.36
3.27600,45.53,,20.37
3.27610,45.59,,20.11
3.27620,45.27,,20.37
3.27630,44.85,,20.12
3.27640,44.88,,20.11
3.27650,44.80,,20.37
3.27660,44.20,,20.11
3.27670,43.90,,20.37
3.27680,43.25,,20.36
3.27690,42.65,,20.37
3.27700,42.01,,20.36
3.27710,41.97,,20.37
3.27720,42.32,,20.12
3.27730,42.15,,20.36
3.27740,41.39,,20.12
3.27750,40.94,,20.36
3.27760,40.35,,20.37
3.27770,39.74,,20.36
3.27780,39.51,,20.64
3.27790,39.26,,20.36
3.27800,39.56,,20.90
3.27810,39.67,,20.63
3.27820,39.34,,20.90
3.27830,40.06,,20.64
3.27840,41.00,,20.72
3.27850,41.87,,20.55
3.27860,42.99,,20.36
3.27870,43.75,,20.12
3.27880,44.68,,20.11
3.27890,45.59,,19.87
3.27900,47.08,,19.85
3.27910,48.63,,19.63
3.27920,49.88,,20.04
3.27930,50.91,,19.94
3.27940,51.52,,20.12
3.27950,52.59,,20.36
3.27960,53.37,,20.55
3.27970,54.42,,20.45
3.27980,55.67,,20.64
3.27990,57.33,,20.63
3.28000,58.23,,20.64
3.28010,59.11,,20.63
3.28020,60.18,,20.37
3.28030,61.26,,20.64
3.28040,62.37,,20.36
3.28050,63.26,,20.37
3.28060,63.55,,20.36
3.28070,64.80,,20.37
3.28080,66.25,,20.36
3.28090,66.79,,20.37
3.28100,67.88,,20.36
3.28110,68.58,,20.20
3.28120,68.81,,20.29
3.28130,69.14,,20.02
3.28140,69.03,,19.95
3.28150,69.29,,19.85
3.28160,69.00,,19.95
3.28170,68.41,,20.02
3.28180,68.22,,19.87
3.28190,67.91,,20.11
3.28200,68.26,,19.95
3.28210,68.17,,20.28
3.28220,67.61,,20.12
3.28230,67.37,,20.37
3.28240,67.22,,20.36
3.28250,66.74,,20.37
3.28260,67.20,,20.36
3.28270,66.38,,20.37
3.28280,66.47,,20.11
3.28290,65.75,,20.37
3.28300,65.34,,20.11
3.28310,64.92,,19.87
3.28320,64.68,,20.12
3.28330,63.84,,19.85
3.28340,64.02,,20.12
3.28350,63.59,,19.85
3.28360,64.20,,19.87
3.28370,63.65,,20.11
3.28380,62.27,,19.87
3.28390,62.75,,20.11
3.28400,62.60,,20.12
3.28410,63.13,,19.85
3.28420,62.64,,20.12
3.28430,62.80,,20.12
3.28440,62.94,,20.11
3.28450,62.25,,20.12
3.28460,62.15,,20.11
3.28470,62.55,,20.29
3.28480,62.86,,20.19
3.28490,62.50,,20.37
3.28500,62.47,,20.63
3.28510,62.67,,20.37
3.28520,62.91,,20.64
3.28530,62.45,,20.63
3.28540,62.17,,20.37
3.28550,62.30,,20.36
3.28560,62.52,,20.12
3.28570,62.70,,19.85
3.28580,62.33,,19.87
3.28590,61.26,,19.85
3.28600,60.54,,19.87
3.28610,60.66,,19.61
3.28620,60.08,,19.87
3.28630,60.16,,19.87
3.28640,60.21,,19.85
3.28650,60.35,,20.12
3.28660,60.34,,20.11
3.28670,60.48,,20.12
3.28680,60.12,,20.36
3.28690,60.51,,20.37
3.28700,61.52,,20.19
3.28710,61.70,,20.29
3.28720,62.31,,20.37
3.28730,62.39,,20.36
3.28740,62.73,,20.37
3.28750,63.00,,20.36
3.28760,62.55,,20.64
3.28770,62.37,,20.36
3.28780,62.42,,20.64
3.28790,62.28,,20.36
3.28800,62.28,,20.37
3.28810,62.14,,20.36
3.28820,62.40,,20.37
3.28830,61.83,,20.12
3.28840,61.34,,19.85
3.28850,60.72,,19.87
3.28860,60.30,,19.85
3.28870,59.65,,19.87
3.28880,59.23,,19.85
3.28890,59.04,,19.87
3.28900,58.94,,19.61
3.28910,58.28,,19.87
3.28920,58.22,,20.11
3.28930,58.25,,19.87
3.28940,58.71,,20.37
3.28950,58.20,,20.11
3.28960,58.23,,20.37
3.28970,58.21,,20.36
3.28980,57.75,,20.46
3.28990,57.36,,20.54
3.29000,57.34,,20.37
3.29010,57.21,,20.36
3.29020,57.10,,20.37
3.29030,56.79,,20.37
3.29040,56.94,,20.36
3.29050,57.17,,20.37
3.29060,57.08,,20.19
3.29070,57.14,,20.29
3.29080,57.52,,20.11
3.29090,57.52,,20.12
3.29100,57.57,,19.85
3.29110,57.53,,19.87
3.29120,57.30,,19.85
3.29130,57.14,,19.87
3.29140,56.97,,19.87
3.29150,57.02,,19.85
3.29160,57.29,,20.12
3.29170,57.46,,20.11
3.29180,57.16,,20.12
3.29190,56.93,,20.11
3.29200,57.09,,20.12
3.29210,57.18,,20.11
3.29220,57.13,,20.37
3.29230,57.03,,20.46
3.29240,57.51,,20.54
3.29250,57.16,,20.64
3.29260,56.79,,20.63
3.29270,56.82,,20.55
3.29280,56.47,,20.45
3.29290,56.34,,20.64
3.29300,56.43,,20.36
3.29310,56.26,,20.37
3.29320,56.05,,20.11
3.29330,55.66,,19.87
3.29340,55.74,,19.87
3.29350,55.51,,19.61
3.29360,55.30,,19.63
3.29370,55.88,,19.61
3.29380,55.88,,19.63
3.29390,55.93,,19.61
3.29400,55.94,,19.87
3.29410,55.90,,19.85
3.29420,55.60,,20.12
3.29430,55.94,,20.12
3.29440,55.69,,20.11
3.29450,55.68,,20.37
3.29460,55.78,,20.36
3.29470,55.53,,20.37
3.29480,55.35,,20.36
3.29490,55.07,,20.12
3.29500,55.44,,20.36
3.29510,55.11,,20.37
3.29520,54.88,,20.11
3.29530,54.60,,20.12
3.29540,55.18,,20.12
3.29550,55.44,,20.36
3.29560,54.93,,20.12
3.29570,54.85,,20.02
3.29580,54.82,,20.12
3.29590,54.65,,19.94
3.29600,54.52,,20.12
3.29610,54.29,,20.11
3.29620,54.61,,19.87
3.29630,54.31,,20.12
3.29640,53.64,,20.11
3.29650,53.39,,20.12
3.29660,53.25,,20.11
3.29670,53.03,,20.12
3.29680,52.81,,20.11
3.29690,52.16,,20.12
3.29700,51.76,,20.36
3.29710,51.73,,20.12
3.29720,51.82,,20.36
3.29730,51.65,,20.29
3.29740,51.49,,20.20
3.29750,51.16,,20.36
3.29760,51.22,,20.12
3.29770,51.03,,19.94
3.29780,50.55,,20.04
3.29790,50.68,,20.11
3.29800,50.40,,19.95
3.29810,50.21,,20.02
3.29820,49.53,,19.87
3.29830,49.23,,19.87
3.29840,49.04,,19.85
3.29850,48.85,,20.12
3.29860,48.49,,20.11
3.29870,47.99,,20.20
3.29880,47.62,,20.28
3.29890,47.66,,20.12
3.29900,47.79,,20.36
3.29910,47.47,,20.12
3.29920,46.57,,20.36
3.29930,45.92,,20.37
3.29940,45.63,,20.37
3.29950,45.46,,20.36
3.29960,45.64,,20.37
3.29970,45.48,,20.36
3.29980,45.30,,20.29
3.29990,45.21,,20.19
3.30000,44.73,,20.12
3.30010,44.05,,20.11
3.30020,44.01,,20.12
3.30030,44.31,,20.12
3.30040,44.40,,19.94
3.30050,43.99,,20.04
3.30060,43.81,,20.11
3.30070,43.65,,20.12
3.30080,43.67,,20.11
3.30090,43.27,,20.12
3.30100,43.01,,20.36
3.30110,42.91,,20.37
3.30120,42.21,,20.36
3.30130,41.53,,20.37
3.30140,41.54,,20.55
3.30150,41.14,,20.45
3.30160,41.61,,20.37
3.30170,41.48,,20.36
3.30180,40.99,,20.37
3.30190,40.96,,20.11
3.30200,41.09,,20.12
3.30210,41.50,,20.36
3.30220,40.63,,20.12
3.30230,39.31,,20.12
3.30240,39.22,,20.36
3.30250,39.00,,20.29
3.30260,38.78,,20.19
3.30270,38.45,,20.37
3.30280,38.27,,20.36
3.30290,37.77,,20.12
3.30300,37.85,,20.11
3.30310,37.66,,20.12
3.30320,37.25,,19.85
3.30330,37.27,,20.12
3.30340,37.02,,19.87
3.30350,36.63,,20.11
3.30360,36.42,,20.12
3.30370,36.19,,20.36
3.30380,35.84,,20.37
3.30390,35.66,,20.63
3.30400,35.34,,20.64
3.30410,34.87,,20.36
3.30420,34.94,,20.64
3.30430,34.99,,20.64
3.30440,34.52,,20.36
3.30450,34.30,,20.37
3.30460,34.28,,20.28
3.30470,34.18,,20.12
3.30480,33.86,,20.19
3.30490,33.38,,19.87
3.30500,33.27,,20.11
3.30510,32.97,,20.12
3.30520,32.74,,20.11
3.30530,32.23,,19.87
3.30540,31.67,,20.12
3.30550,31.38,,20.11
3.30560,30.97,,20.12
3.30570,30.67,,20.11
3.30580,29.63,,20.12
3.30590,29.08,,20.11
3.30600,28.54,,20.12
3.30610,28.11,,20.36
3.30620,27.35,,20.37
3.30630,26.85,,20.64
3.30640,26.44,,20.63
3.30650,26.27,,20.64
3.30660,26.20,,20.63
3.30670,26.39,,20.64
3.30680,26.36,,20.63
3.30690,25.93,,20.64
3.30700,25.84,,20.36
3.30710,25.81,,20.37
3.30720,25.81,,20.11
3.30730,25.66,,20.37
3.30740,25.12,,20.12
3.30750,24.81,,20.11
3.30760,25.14,,19.87
3.30770,25.51,,20.11
3.30780,25.72,,19.63
3.30790,26.11,,19.85
3.30800,26.51,,19.87
3.30810,26.59,,19.85
3.30820,26.69,,19.87
3.30830,26.91,,20.12
3.30840,27.12,,20.11
3.30850,27.16,,20.12
3.30860,27.63,,20.63
3.30870,27.70,,20.55
3.30880,27.77,,20.72
3.30890,27.42,,20.90
3.30900,27.40,,20.63
3.30910,27.21,,20.90
3.30920,27.44,,20.63
3.30930,27.55,,20.64
3.30940,28.02,,20.64
3.30950,28.40,,20.36
3.30960,28.75,,20.12
3.30970,28.53,,20.19
3.30980,28.54,,20.04
3.30990,28.76,,19.94
3.31000,28.70,,20.04
3.31010,28.69,,19.85
3.31020,28.60,,20.12
3.31030,28.60,,20.12
3.31040,29.07,,20.11
3.31050,28.62,,20.12
3.31060,28.82,,20.11
3.31070,28.75,,20.37
3.31080,28.55,,20.11
3.31090,28.33,,20.20
3.31100,28.26,,20.28
3.31110,28.45,,20.37
3.31120,28.41,,20.63
3.31130,28.22,,20.64
3.31140,28.62,,20.37
3.31150,28.85,,20.63
3.31160,29.00,,20.37
3.31170,28.90,,20.36
3.31180,29.02,,20.64
3.31190,29.03,,20.36
3.31200,28.99,,20.12
3.31210,29.13,,20.11
3.31220,29.13,,20.12
3.31230,28.85,,20.20
3.31240,28.65,,20.28
3.31250,28.51,,20.12
3.31260,28.67,,20.36
3.31270,28.91,,20.12
3.31280,29.31,,20.36
3.31290,29.33,,20.37
3.31300,29.59,,20.19
3.31310,29.78,,20.29
3.31320,29.64,,20.36
3.31330,29.40,,20.12
3.31340,29.26,,20.37
3.31350,29.33,,20.11
3.31360,29.00,,20.37
3.31370,28.80,,20.36
3.31380,28.30,,20.37
3.31390,28.32,,20.36
3.31400,28.25,,20.37
3.31410,29.66,,20.36
3.31420,29.41,,20.37
3.31430,29.35,,20.37
3.31440,28.75,,20.36
3.31450,28.18,,20.64
3.31460,28.32,,20.36
3.31470,28.56,,20.64
3.31480,27.89,,20.36
3.31490,28.29,,20.37
3.31500,28.49,,20.11
3.31510,28.90,,20.12
3.31520,29.48,,19.85
3.31530,30.59,,19.87
3.31540,31.36,,19.79
3.31550,32.45,,19.94
3.31560,33.00,,20.04
3.31570,32.73,,20.19
3.31580,32.91,,20.37
3.31590,33.39,,20.63
3.31600,33.81,,20.64
3.31610,34.10,,20.72
3.31620,34.33,,20.81
3.31630,34.18,,20.90
3.31640,34.11,,20.64
3.31650,33.85,,20.64
3.31660,33.85,,20.63
3.31670,34.29,,20.12
3.31680,34.98,,20.36
3.31690,35.49,,19.87
3.31700,35.53,,20.11
3.31710,35.96,,19.87
3.31720,36.03,,20.19
3.31730,35.75,,20.29
3.31740,35.63,,20.29
3.31750,35.22,,20.45
3.31760,35.33,,20.37
3.31770,35.25,,20.63
3.31780,35.76,,20.37
3.31790,36.34,,20.36
3.31800,37.31,,20.37
3.31810,37.71,,20.11
3.31820,37.70,,20.12
3.31830,38.28,,20.11
3.31840,38.38,,19.87
3.31850,38.98,,20.29
3.31860,39.35,,20.19
3.31870,39.74,,20.37
3.31880,40.00,,20.63
3.31890,39.90,,20.64
3.31900,40.20,,20.63
3.31910,40.53,,20.64
3.31920,41.17,,20.36
3.31930,41.17,,20.64
3.31940,41.20,,20.37
3.31950,41.02,,20.11
3.31960,41.38,,19.87
3.31970,41.28,,20.11
3.31980,41.08,,19.87
3.31990,40.50,,20.11
3.32000,39.95,,19.87
3.32010,39.17,,20.19
3.32020,38.48,,20.29
3.32030,38.17,,20.36
3.32040,37.89,,20.64
3.32050,38.44,,20.37
3.32060,38.01,,20.63
3.32070,36.88,,20.64
3.32080,35.72,,20.63
3.32090,35.15,,20.64
3.32100,34.84,,20.63
3.32110,34.32,,20.64
3.32120,33.86,,20.72
3.32130,33.00,,20.55
3.32140,32.28,,20.64
3.32150,32.11,,20.36
3.32160,32.16,,20.37
3.32170,32.00,,20.19
3.32180,31.58,,20.12
3.32190,31.62,,20.02
3.32200,31.86,,19.95
3.32210,31.45,,19.77
3.32220,31.15,,19.87
3.32230,31.43,,19.85
3.32240,31.10,,19.87
3.32250,30.76,,20.37
3.32260,30.57,,20.36
3.32270,30.73,,20.64
3.32280,30.74,,20.63
3.32290,31.17,,20.64
3.32300,30.99,,20.90
3.32310,30.86,,20.90
3.32320,30.72,,20.63
3.32330,30.55,,20.64
3.32340,30.77,,20.37
3.32350,30.87,,20.63
3.32360,30.84,,20.37
3.32370,31.13,,20.63
3.32380,31.29,,20.64
3.32390,30.63,,20.63
3.32400,30.48,,20.64
3.32410,30.42,,20.63
3.32420,30.57,,20.37
3.32430,30.18,,20.63
3.32440,30.74,,20.64
3.32450,30.75,,20.37
3.32460,30.72,,20.36
3.32470,31.04,,20.12
3.32480,31.18,,20.19
3.32490,32.23,,20.12
3.32500,32.54,,20.19
3.32510,33.46,,20.20
3.32520,34.47,,20.36
3.32530,34.99,,20.37
3.32540,35.34,,20.90
3.32550,36.00,,20.63
3.32560,36.24,,21.18
3.32570,36.92,,20.90
3.32580,37.32,,20.90
3.32590,37.51,,20.63
3.32600,37.76,,20.64
3.32610,38.40,,20.63
3.32620,38.17,,20.37
3.32630,38.03,,20.19
3.32640,37.25,,20.29
3.32650,36.36,,20.12
3.32660,36.50,,20.11
3.32670,37.07,,20.12
3.32680,37.43,,20.11
3.32690,37.56,,20.12
3.32700,37.36,,20.36
3.32710,36.84,,20.37
3.32720,36.77,,20.36
3.32730,36.57,,20.37
3.32740,37.15,,20.64
3.32750,37.12,,20.63
3.32760,37.07,,20.64
3.32770,36.69,,20.63
3.32780,36.47,,20.90
3.32790,36.25,,20.90
3.32800,36.25,,20.90
3.32810,35.91,,20.90
3.32820,36.27,,20.90
3.32830,36.43,,20.90
3.32840,36.48,,20.64
3.32850,36.74,,20.64
3.32860,36.72,,20.36
3.32870,36.40,,20.37
3.32880,36.35,,20.36
3.32890,36.49,,20.12
3.32900,36.89,,20.11
3.32910,36.87,,20.12
3.32920,37.27,,20.11
3.32930,37.00,,20.12
3.32940,37.23,,20.12
3.32950,37.05,,20.19
3.32960,37.17,,20.29
3.32970,37.14,,20.36
3.32980,37.44,,20.37
3.32990,37.83,,20.63
3.33000,37.78,,20.64
3.33010,37.80,,20.63
3.33020,37.73,,20.64
3.33030,37.13,,20.63
3.33040,38.01,,20.90
3.33050,38.08,,20.55
3.33060,38.47,,20.45
3.33070,38.85,,20.64
3.33080,38.51,,20.63
3.33090,38.33,,20.64
3.33100,37.31,,20.63
3.33110,37.10,,20.64
3.33120,37.21,,20.63
3.33130,36.64,,20.64
3.33140,36.58,,20.64
3.33150,36.68,,20.36
3.33160,36.83,,20.37
3.33170,36.21,,20.36
3.33180,36.43,,20.20
3.33190,36.78,,20.28
3.33200,36.36,,20.12
3.33210,35.64,,20.36
3.33220,35.17,,20.37
3.33230,34.99,,20.36
3.33240,35.27,,20.64
3.33250,35.40,,20.90
3.33260,35.43,,20.90
3.33270,34.89,,20.90
3.33280,34.43,,20.90
3.33290,35.14,,20.90
3.33300,33.72,,20.90
3.33310,33.66,,20.90
3.33320,33.83,,20.90
3.33330,33.83,,20.37
3.33340,32.41,,20.64
3.33350,31.75,,20.36
3.33360,31.51,,20.37
3.33370,32.03,,20.36
3.33380,32.04,,20.37
3.33390,32.06,,20.11
3.33400,31.82,,20.37
3.33410,32.29,,20.36
3.33420,32.34,,20.64
3.33430,31.68,,20.36
3.33440,32.01,,20.64
3.33450,32.49,,20.37
3.33460,31.99,,20.36
3.33470,31.62,,20.90
3.33480,31.27,,20.90
3.33490,30.66,,21.18
3.33500,30.24,,21.46
3.33510,30.12,,21.18
3.33520,29.80,,21.18
3.33530,29.35,,21.18
3.33540,29.13,,21.18
3.33550,29.08,,20.90
3.33560,28.76,,20.64
3.33570,28.93,,20.36
3.33580,29.29,,20.29
3.33590,29.08,,20.19
3.33600,30.14,,19.87
3.33610,30.01,,20.11
3.33620,30.53,,20.37
3.33630,30.32,,20.36
3.33640,30.36,,20.64
3.33650,31.03,,20.64
3.33660,31.65,,21.18
3.33670,31.39,,20.90
3.33680,31.51,,20.90
3.33690,31.01,,20.90
3.33700,30.79,,20.90
3.33710,31.14,,20.90
3.33720,31.71,,20.63
3.33730,32.59,,20.37
3.33740,32.87,,20.37
3.33750,32.69,,20.36
3.33760,33.20,,20.46
3.33770,33.52,,20.81
3.33780,33.42,,20.64
3.33790,33.47,,20.90
3.33800,34.13,,21.18
3.33810,34.22,,21.18
3.33820,34.53,,21.18
3.33830,35.21,,21.18
3.33840,35.79,,20.90
3.33850,36.52,,20.90
3.33860,37.46,,20.36
3.33870,38.03,,20.55
3.33880,37.48,,20.19
3.33890,38.45,,20.37
3.33900,39.25,,19.94
3.33910,38.87,,20.12
3.33920,39.72,,20.28
3.33930,40.58,,20.64
3.33940,40.53,,20.64
3.33950,41.22,,20.90
3.33960,41.30,,20.90
3.33970,41.97,,20.90
3.33980,42.47,,20.90
3.33990,43.15,,21.18
3.34000,43.77,,20.90
3.34010,44.17,,20.99
3.34020,44.48,,20.81
3.34030,44.42,,20.63
3.34040,44.91,,20.64
3.34050,44.77,,20.64
3.34060,44.15,,20.63
3.34070,44.32,,20.64
3.34080,44.26,,20.63
3.34090,45.12,,20.64
3.34100,45.76,,20.63
3.34110,46.27,,20.46
3.34120,46.33,,20.54
3.34130,46.46,,20.46
3.34140,46.45,,20.55
3.34150,46.72,,20.63
3.34160,46.87,,20.37
3.34170,47.47,,20.63
3.34180,48.33,,20.64
3.34190,48.67,,20.90
3.34200,48.56,,20.90
3.34210,48.72,,20.90
3.34220,49.42,,20.72
3.34230,50.02,,20.81
3.34240,50.15,,20.90
3.34250,49.72,,20.64
3.34260,50.18,,20.90
3.34270,50.51,,20.64
3.34280,50.27,,20.54
3.34290,49.43,,20.46
3.34300,48.87,,20.11
3.34310,48.71,,20.37
3.34320,48.09,,20.11
3.34330,46.51,,20.37
3.34340,45.15,,20.63
3.34350,45.58,,20.37
3.34360,44.97,,20.64
3.34370,45.44,,20.90
3.34380,45.04,,21.18
3.34390,43.70,,20.90
3.34400,42.40,,21.18
3.34410,42.30,,20.90
3.34420,42.16,,20.90
3.34430,42.28,,20.90
3.34440,41.31,,20.64
3.34450,41.12,,20.64
3.34460,40.77,,20.90
3.34470,40.75,,20.64
3.34480,39.92,,20.90
3.34490,38.30,,20.90
3.34500,38.14,,20.90
3.34510,38.23,,20.64
3.34520,38.56,,20.90
3.34530,39.22,,20.64
3.34540,39.62,,20.63
3.34550,39.88,,20.64
3.34560,40.00,,20.64
3.34570,39.88,,20.63
3.34580,39.93,,20.37
3.34590,40.31,,20.63
3.34600,40.03,,20.37
3.34610,39.93,,20.63
3.34620,39.91,,20.64
3.34630,40.36,,20.63
3.34640,40.71,,20.90
3.34650,40.62,,21.18
3.34660,40.54,,21.18
3.34670,40.97,,21.18
3.34680,40.76,,21.18
3.34690,40.13,,21.18
3.34700,39.92,,21.18
3.34710,39.30,,21.18
3.34720,38.60,,21.18
3.34730,38.53,,21.18
3.34740,38.16,,20.90
3.34750,37.81,,20.90
3.34760,37.51,,20.72
3.34770,36.95,,20.81
3.34780,35.73,,20.64
3.34790,34.43,,20.63
3.34800,34.09,,20.64
3.34810,33.44,,20.63
3.34820,33.10,,20.37
3.34830,32.82,,20.63
3.34840,32.72,,20.64
3.34850,31.68,,20.64
3.34860,30.80,,20.45
3.34870,30.36,,20.55
3.34880,30.01,,20.90
3.34890,29.06,,20.90
3.34900,28.55,,20.90
3.34910,28.50,,21.46
3.34920,28.25,,21.41
3.34930,27.68,,21.52
3.34940,27.13,,21.46
3.34950,26.91,,21.46
3.34960,26.92,,21.46
3.34970,26.44,,21.18
3.34980,26.78,,21.18
3.34990,26.99,,21.18
3.35000,27.00,,20.64
3.35010,27.01,,20.72
3.35020,26.85,,20.55
3.35030,27.27,,20.63
3.35040,27.32,,20.64
3.35050,27.26,,20.37
3.35060,27.41,,20.63
3.35070,27.50,,20.64
3.35080,27.84,,20.90
3.35090,27.94,,20.64
3.35100,27.94,,20.90
3.35110,27.92,,20.90
3.35120,28.11,,20.90
3.35130,27.89,,20.90
3.35140,27.79,,20.90
3.35150,27.77,,21.18
3.35160,27.54,,20.90
3.35170,27.62,,20.90
3.35180,26.94,,21.18
3.35190,26.31,,21.18
3.35200,25.53,,21.18
3.35210,24.99,,20.90
3.35220,25.58,,21.18
3.35230,25.74,,21.18
3.35240,25.61,,21.09
3.35250,25.98,,20.99
3.35260,27.16,,20.63
3.35270,26.39,,20.90
3.35280,26.56,,20.63
3.35290,27.37,,20.90
3.35300,26.92,,20.63
3.35310,27.14,,20.64
3.35320,27.39,,20.90
3.35330,27.95,,21.09
3.35340,28.16,,20.99
3.35350,28.48,,20.90
3.35360,28.62,,20.90
3.35370,28.33,,20.90
3.35380,28.95,,21.18
3.35390,28.25,,20.90
3.35400,28.78,,20.90
3.35410,28.86,,20.63
3.35420,29.22,,20.90
3.35430,29.60,,20.72
3.35440,29.76,,20.81
3.35450,30.30,,20.90
3.35460,30.01,,20.90
3.35470,29.87,,21.18
3.35480,29.83,,21.18
3.35490,29.67,,21.18
3.35500,29.41,,21.46
3.35510,29.85,,21.18
3.35520,29.90,,21.18
3.35530,30.65,,21.18
3.35540,31.51,,20.63
3.35550,31.80,,20.64
3.35560,32.01,,20.64
3.35570,31.97,,20.36
3.35580,31.94,,20.64
3.35590,31.73,,20.63
3.35600,31.51,,20.90
3.35610,31.16,,20.90
3.35620,31.11,,21.18
3.35630,31.20,,21.46
3.35640,31.21,,21.46
3.35650,30.89,,21.46
3.35660,30.41,,21.76
3.35670,30.02,,21.18
3.35680,30.26,,21.18
3.35690,30.56,,21.18
3.35700,30.54,,20.63
3.35710,30.40,,20.64
3.35720,30.13,,20.63
3.35730,29.78,,20.37
3.35740,29.57,,20.63
3.35750,29.05,,20.64
3.35760,29.28,,20.90
3.35770,29.68,,20.90
3.35780,29.32,,20.90
3.35790,29.04,,20.63
3.35800,29.05,,20.90
3.35810,28.53,,20.90
3.35820,28.48,,21.18
3.35830,28.51,,20.90
3.35840,28.59,,20.90
3.35850,28.42,,20.90
3.35860,28.60,,21.18
3.35870,28.77,,21.18
3.35880,28.90,,21.46
3.35890,28.85,,21.46
3.35900,28.74,,21.46
3.35910,28.72,,21.75
3.35920,28.43,,21.76
3.35930,29.22,,21.46
3.35940,29.54,,21.46
3.35950,29.61,,21.18
3.35960,29.84,,20.90
3.35970,28.93,,20.90
3.35980,28.24,,20.64
3.35990,28.23,,20.45
3.36000,27.70,,20.55
3.36010,27.87,,20.45
3.36020,28.18,,20.55
3.36030,27.91,,20.63
3.36040,28.16,,20.64
3.36050,28.32,,20.90
3.36060,28.17,,20.90
3.36070,28.41,,20.90
3.36080,28.67,,21.18
3.36090,28.45,,21.46
3.36100,28.43,,21.46
3.36110,28.70,,21.46
3.36120,29.32,,21.46
3.36130,29.55,,21.46
3.36140,29.50,,21.46
3.36150,29.82,,21.46
3.36160,29.80,,21.46
3.36170,30.24,,21.23
3.36180,30.42,,21.40
3.36190,30.59,,21.46
3.36200,30.82,,21.18
3.36210,31.01,,21.18
3.36220,31.01,,20.90
3.36230,30.87,,21.18
3.36240,31.15,,20.90
3.36250,31.13,,20.90
3.36260,31.47,,20.90
3.36270,31.92,,20.90
3.36280,32.41,,20.90
3.36290,32.56,,20.90
3.36300,32.94,,20.90
3.36310,33.18,,20.64
3.36320,33.19,,20.90
3.36330,33.48,,20.90
3.36340,33.61,,21.18
3.36350,33.96,,21.18
3.36360,33.93,,21.18
3.36370,34.16,,21.18
3.36380,34.62,,21.46
3.36390,34.84,,21.46
3.36400,34.80,,21.75
3.36410,34.79,,21.46
3.36420,34.71,,21.75
3.36430,34.72,,21.41
3.36440,34.81,,21.23
3.36450,34.95,,21.18
3.36460,34.90,,21.18
3.36470,35.21,,20.90
3.36480,35.28,,20.63
3.36490,35.36,,20.64
3.36500,35.53,,20.63
3.36510,35.39,,20.64
3.36520,35.13,,20.90
3.36530,35.15,,20.64
3.36540,35.06,,21.18
3.36550,35.05,,21.18
3.36560,34.70,,21.46
3.36570,34.46,,21.41
3.36580,34.71,,21.23
3.36590,34.99,,21.46
3.36600,34.79,,21.46
3.36610,34.54,,21.18
3.36620,34.07,,21.27
3.36630,33.78,,21.08
3.36640,33.20,,21.18
3.36650,32.87,,21.18
3.36660,32.71,,21.18
3.36670,32.69,,21.18
3.36680,32.51,,21.18
3.36690,32.47,,21.18
3.36700,32.52,,21.46
3.36710,32.78,,21.18
3.36720,32.63,,21.18
3.36730,33.01,,21.18
3.36740,32.85,,20.90
3.36750,32.61,,20.90
3.36760,32.35,,20.90
3.36770,32.67,,20.90
3.36780,33.29,,20.90
3.36790,32.99,,21.18
3.36800,32.64,,20.90
3.36810,32.89,,21.18
3.36820,32.87,,21.46
3.36830,33.76,,21.46
3.36840,35.03,,21.46
3.36850,36.00,,21.46
3.36860,36.55,,21.46
3.36870,36.73,,21.46
3.36880,36.74,,21.46
3.36890,36.96,,21.46
3.36900,37.30,,21.18
3.36910,37.56,,21.18
3.36920,37.47,,21.18
3.36930,37.69,,21.18
3.36940,37.71,,21.18
3.36950,37.79,,21.18
3.36960,38.07,,21.18
3.36970,38.22,,21.18
3.36980,38.72,,21.18
3.36990,39.37,,21.18
3.37000,40.56,,21.18
3.37010,41.65,,21.18
3.37020,41.93,,21.18
3.37030,42.14,,21.18
3.37040,42.46,,20.90
3.37050,42.41,,21.18
3.37060,43.11,,21.18
3.37070,43.47,,21.18
3.37080,43.85,,21.46
3.37090,44.41,,21.46
3.37100,44.97,,21.46
3.37110,45.18,,21.40
3.37120,45.42,,21.23
3.37130,45.71,,21.46
3.37140,45.94,,21.46
3.37150,46.47,,21.18
3.37160,46.49,,21.18
3.37170,46.85,,21.18
3.37180,46.99,,20.90
3.37190,47.51,,21.18
3.37200,47.79,,21.18
3.37210,47.67,,21.18
3.37220,48.38,,21.18
3.37230,49.65,,21.18
3.37240,51.09,,21.18
3.37250,51.63,,21.46
3.37260,52.06,,21.18
3.37270,52.44,,21.46
3.37280,52.61,,21.46
3.37290,52.77,,21.46
3.37300,53.06,,21.46
3.37310,53.28,,21.75
3.37320,53.25,,21.46
3.37330,53.39,,21.46
3.37340,53.95,,21.46
3.37350,54.17,,21.18
3.37360,54.46,,21.18
3.37370,54.72,,21.18
3.37380,55.08,,21.18
3.37390,55.62,,20.90
3.37400,56.08,,21.18
3.37410,56.62,,21.18
3.37420,57.05,,21.18
3.37430,57.29,,21.18
3.37440,57.97,,21.18
3.37450,57.69,,21.46
3.37460,58.20,,21.18
3.37470,58.70,,21.46
3.37480,58.34,,21.46
3.37490,58.50,,21.46
3.37500,58.77,,21.46
3.37510,59.16,,21.46
3.37520,59.48,,21.46
3.37530,59.62,,21.46
3.37540,59.99,,21.18
3.37550,60.18,,21.46
3.37560,60.42,,21.18
3.37570,60.84,,21.46
3.37580,61.68,,21.18
3.37590,63.48,,21.46
3.37600,64.22,,21.46
3.37610,65.18,,21.46
3.37620,65.57,,21.23
3.37630,66.71,,21.41
3.37640,67.51,,21.46
3.37650,67.74,,21.46
3.37660,68.57,,21.18
3.37670,69.40,,21.46
3.37680,70.15,,20.90
3.37690,71.00,,21.18
3.37700,71.76,,21.18
3.37710,72.24,,21.18
3.37720,72.56,,20.90
3.37730,73.03,,21.18
3.37740,73.18,,21.18
3.37750,73.40,,21.46
3.37760,72.92,,21.46
3.37770,71.83,,21.76
3.37780,70.61,,21.46
3.37790,69.44,,21.76
3.37800,68.65,,21.75
3.37810,67.68,,21.76
3.37820,66.84,,21.75
3.37830,66.38,,21.46
3.37840,66.57,,21.46
3.37850,66.64,,21.18
3.37860,66.00,,20.90
3.37870,66.01,,20.90
3.37880,65.68,,21.18
3.37890,66.22,,20.90
3.37900,66.01,,20.99
3.37910,65.72,,21.09
3.37920,65.27,,21.18
3.37930,65.74,,21.18
3.37940,65.65,,21.18
3.37950,65.11,,21.46
3.37960,63.87,,21.18
3.37970,62.42,,20.90
3.37980,63.02,,20.90
3.37990,63.65,,21.18
3.38000,63.67,,20.90
3.38010,62.22,,20.90
3.38020,59.97,,21.18
3.38030,58.71,,21.18
3.38040,56.30,,21.75
3.38050,54.91,,22.06
3.38060,54.38,,22.23
3.38070,54.57,,22.48
3.38080,54.51,,22.37
3.38090,55.20,,22.35
3.38100,55.11,,22.37
3.38110,54.99,,21.87
3.38120,55.50,,21.64
3.38130,56.65,,21.18
3.38140,56.90,,21.18
3.38150,57.62,,20.90
3.38160,57.86,,20.64
3.38170,57.99,,20.63
3.38180,58.02,,20.64
3.38190,57.46,,21.18
3.38200,57.83,,20.90
3.38210,58.29,,21.18
3.38220,58.74,,21.46
3.38230,59.16,,21.46
3.38240,59.21,,21.75
3.38250,59.37,,21.76
3.38260,59.68,,21.58
3.38270,59.99,,21.63
3.38280,59.76,,21.46
3.38290,59.98,,21.46
3.38300,59.33,,21.46
3.38310,58.56,,21.46
3.38320,57.59,,21.76
3.38330,56.88,,21.46
3.38340,56.07,,21.76
3.38350,54.70,,21.75
3.38360,54.05,,21.75
3.38370,53.70,,21.76
3.38380,52.46,,21.75
3.38390,51.45,,21.76
3.38400,51.37,,21.46
3.38410,51.94,,21.46
3.38420,52.09,,21.46
3.38430,51.04,,21.18
3.38440,50.92,,21.18
3.38450,52.73,,21.18
3.38460,53.84,,21.46
3.38470,54.54,,21.18
3.38480,55.33,,21.18
3.38490,56.29,,21.18
3.38500,56.65,,21.46
3.38510,56.59,,21.75
3.38520,56.40,,21.76
3.38530,56.06,,21.87
3.38540,55.28,,21.94
3.38550,54.33,,22.05
3.38560,53.89,,22.05
3.38570,53.42,,21.76
3.38580,53.14,,22.05
3.38590,53.00,,21.76
3.38600,52.79,,21.46
3.38610,52.46,,21.46
3.38620,53.19,,21.46
3.38630,53.39,,21.18
3.38640,53.64,,21.18
3.38650,53.70,,21.18
3.38660,53.51,,21.18
3.38670,53.24,,21.46
3.38680,53.25,,21.46
3.38690,53.55,,21.75
3.38700,53.04,,21.76
3.38710,52.75,,21.75
3.38720,52.68,,22.06
3.38730,52.41,,21.75
3.38740,52.41,,21.88
3.38750,52.06,,21.87
3.38760,51.54,,21.52
3.38770,51.15,,21.76
3.38780,51.03,,21.46
3.38790,50.55,,21.76
3.38800,50.37,,21.46
3.38810,50.41,,21.46
3.38820,50.66,,21.46
3.38830,51.15,,21.46
3.38840,51.28,,21.46
3.38850,51.59,,21.46
3.38860,51.80,,21.46
3.38870,51.88,,21.46
3.38880,52.31,,21.46
3.38890,52.85,,21.46
3.38900,53.43,,21.76
3.38910,53.74,,21.46
3.38920,53.81,,21.76
3.38930,53.82,,21.52
3.38940,52.88,,21.70
3.38950,52.45,,21.75
3.38960,52.35,,21.46
3.38970,52.57,,21.46
3.38980,52.37,,21.18
3.38990,52.40,,21.46
3.39000,51.53,,21.18
3.39010,51.20,,21.46
3.39020,51.03,,21.18
3.39030,51.23,,21.46
3.39040,50.91,,21.46
3.39050,50.97,,21.76
3.39060,50.17,,21.75
3.39070,50.25,,21.75
3.39080,49.99,,22.06
3.39090,49.89,,22.05
3.39100,49.88,,21.76
3.39110,49.97,,22.05
3.39120,50.33,,21.76
3.39130,50.38,,21.75
3.39140,50.77,,21.76
3.39150,51.11,,21.46
3.39160,51.53,,21.18
3.39170,51.59,,21.46
3.39180,51.31,,21.46
3.39190,50.58,,21.18
3.39200,50.61,,21.18
3.39210,50.45,,21.46
3.39220,49.74,,21.46
3.39230,49.35,,21.46
3.39240,48.85,,21.46
3.39250,48.77,,21.46
3.39260,48.77,,21.46
3.39270,48.10,,21.46
3.39280,47.95,,21.29
3.39290,47.79,,21.35
3.39300,47.68,,21.18
3.39310,47.38,,21.18
3.39320,47.39,,21.18
3.39330,47.48,,21.46
3.39340,47.13,,21.46
3.39350,46.83,,21.18
3.39360,46.70,,21.75
3.39370,46.75,,21.76
3.39380,46.51,,21.75
3.39390,46.63,,22.06
3.39400,45.72,,22.17
3.39410,45.56,,22.06
3.39420,45.30,,21.93
3.39430,45.67,,21.76
3.39440,45.57,,21.75
3.39450,45.67,,21.46
3.39460,45.16,,21.75
3.39470,44.27,,21.46
3.39480,43.93,,21.18
3.39490,43.51,,21.46
3.39500,43.47,,21.18
3.39510,43.80,,21.46
3.39520,43.86,,21.46
3.39530,44.05,,21.46
3.39540,44.23,,21.18
3.39550,44.43,,21.46
3.39560,44.74,,21.46
3.39570,44.42,,21.52
3.39580,44.54,,21.63
3.39590,44.45,,21.23
3.39600,44.31,,21.75
3.39610,44.46,,21.46
3.39620,44.26,,21.46
3.39630,44.03,,21.76
3.39640,43.77,,21.46
3.39650,43.50,,21.76
3.39660,44.04,,21.46
3.39670,44.21,,21.46
3.39680,43.56,,21.76
3.39690,43.50,,21.46
3.39700,43.24,,21.76
3.39710,42.98,,21.75
3.39720,42.90,,21.76
3.39730,42.10,,22.05
3.39740,41.49,,21.88
3.39750,40.59,,22.11
3.39760,40.07,,21.88
3.39770,40.14,,22.05
3.39780,39.94,,21.75
3.39790,40.11,,21.76
3.39800,40.24,,21.46
3.39810,40.29,,21.46
3.39820,40.02,,21.18
3.39830,39.67,,20.90
3.39840,39.04,,21.18
3.39850,39.20,,21.18
3.39860,38.90,,21.18
3.39870,39.20,,21.18
3.39880,39.56,,21.46
3.39890,38.89,,21.75
3.39900,39.35,,21.76
3.39910,39.28,,22.05
3.39920,39.93,,21.76
3.39930,40.23,,21.75
3.39940,40.00,,22.06
3.39950,39.94,,21.75
3.39960,40.21,,21.76
3.39970,40.50,,21.75
3.39980,40.28,,21.46
3.39990,40.75,,21.76
3.40000,40.31,,21.75
3.40010,40.41,,21.52
3.40020,39.98,,21.69
3.40030,40.07,,21.76
3.40040,40.24,,21.75
3.40050,40.00,,21.46
3.40060,39.73,,21.46
3.40070,39.43,,21.46
3.40080,38.94,,21.46
3.40090,38.61,,21.18
3.40100,37.96,,21.46
3.40110,38.07,,21.46
3.40120,37.22,,21.46
3.40130,36.92,,21.46
3.40140,37.00,,21.46
3.40150,36.36,,21.75
3.40160,36.34,,21.76
3.40170,36.68,,21.46
3.40180,36.76,,21.75
3.40190,36.55,,21.46
3.40200,36.62,,21.75
3.40210,36.09,,21.46
3.40220,36.18,,21.75
3.40230,36.60,,21.46
3.40240,36.90,,21.75
3.40250,36.85,,21.46
3.40260,37.24,,21.46
3.40270,37.59,,21.46
3.40280,37.48,,21.46
3.40290,37.31,,21.46
3.40300,37.76,,21.18
3.40310,37.82,,21.46
3.40320,37.90,,21.46
3.40330,37.59,,21.18
3.40340,37.30,,21.46
3.40350,37.43,,21.75
3.40360,37.81,,21.46
3.40370,38.02,,21.75
3.40380,37.80,,21.75
3.40390,37.56,,21.76
3.40400,37.59,,21.63
3.40410,37.73,,21.58
3.40420,37.45,,21.75
3.40430,37.73,,21.76
3.40440,37.50,,21.46
3.40450,37.81,,21.46
3.40460,37.85,,21.46
3.40470,38.42,,21.46
3.40480,38.33,,21.46
3.40490,38.65,,21.40
3.40500,38.82,,21.23
3.40510,38.96,,21.46
3.40520,39.35,,21.46
3.40530,39.12,,21.46
3.40540,39.39,,21.46
3.40550,38.56,,21.46
3.40560,38.65,,21.18
3.40570,38.45,,21.46
3.40580,38.39,,21.18
3.40590,38.34,,21.18
3.40600,38.23,,21.18
3.40610,38.09,,21.18
3.40620,38.08,,21.46
3.40630,37.94,,21.18
3.40640,37.98,,21.75
3.40650,37.71,,21.46
3.40660,37.54,,21.75
3.40670,37.48,,22.05
3.40680,37.52,,21.76
3.40690,37.31,,22.05
3.40700,37.33,,22.06
3.40710,37.20,,21.75
3.40720,37.24,,21.76
3.40730,37.14,,21.46
3.40740,37.22,,21.46
3.40750,36.83,,21.46
3.40760,36.53,,21.18
3.40770,36.23,,20.90
3.40780,36.03,,21.18
3.40790,35.87,,20.90
3.40800,35.61,,20.90
3.40810,35.63,,21.18
3.40820,35.47,,21.18
3.40830,35.23,,21.18
3.40840,35.34,,21.46
3.40850,35.38,,21.46
3.40860,35.41,,21.46
3.40870,35.77,,21.46
3.40880,35.76,,21.46
3.40890,35.83,,21.75
3.40900,35.26,,21.46
3.40910,35.28,,21.75
3.40920,34.96,,21.46
3.40930,35.23,,21.46
3.40940,35.13,,21.76
3.40950,34.60,,21.75
3.40960,34.81,,21.46
3.40970,34.55,,21.75
3.40980,34.24,,21.46
3.40990,33.98,,21.46
3.41000,33.80,,21.46
3.41010,33.31,,21.46
3.41020,33.77,,21.18
3.41030,33.21,,21.18
3.41040,33.31,,21.18
3.41050,33.27,,20.90
3.41060,33.18,,21.18
3.41070,32.97,,21.18
3.41080,32.89,,21.46
3.41090,32.53,,21.46
3.41100,32.45,,21.46
3.41110,32.09,,21.75
3.41120,32.02,,21.46
3.41130,31.43,,21.75
3.41140,31.50,,21.76
3.41150,31.26,,21.75
3.41160,31.65,,21.76
3.41170,31.18,,21.46
3.41180,31.38,,21.46
3.41190,31.53,,21.46
3.41200,31.67,,21.46
3.41210,31.79,,21.18
3.41220,31.59,,21.18
3.41230,31.99,,21.18
3.41240,32.52,,21.18
3.41250,32.69,,21.18
3.41260,32.80,,21.18
3.41270,32.99,,21.46
3.41280,32.78,,21.46
3.41290,32.80,,21.46
3.41300,33.34,,21.76
3.41310,33.55,,21.46
3.41320,33.96,,21.46
3.41330,34.11,,21.75
3.41340,34.45,,21.46
3.41350,34.63,,21.46
3.41360,34.79,,21.76
3.41370,35.05,,21.46
3.41380,35.25,,21.46
3.41390,35.33,,21.46
3.41400,35.59,,21.58
3.41410,36.05,,21.64
3.41420,36.16,,21.46
3.41430,35.82,,21.70
3.41440,36.51,,21.52
3.41450,36.25,,21.46
3.41460,36.06,,21.18
3.41470,36.26,,21.46
3.41480,36.57,,21.18
3.41490,36.45,,21.18
3.41500,36.47,,21.18
3.41510,35.84,,21.18
3.41520,35.95,,21.18
3.41530,36.87,,21.18
3.41540,35.25,,21.18
3.41550,35.69,,21.35
3.41560,35.65,,21.29
3.41570,35.87,,21.46
3.41580,35.82,,21.46
3.41590,35.31,,21.76
3.41600,35.68,,21.46
3.41610,35.26,,21.46
3.41620,35.74,,21.46
3.41630,35.66,,21.46
3.41640,36.35,,21.46
3.41650,36.59,,21.46
3.41660,36.49,,21.46
3.41670,36.81,,21.46
3.41680,37.28,,21.46
3.41690,37.24,,21.46
3.41700,37.64,,21.23
3.41710,37.80,,21.40
3.41720,38.34,,21.46
3.41730,37.67,,21.46
3.41740,37.79,,21.46
3.41750,38.39,,21.18
3.41760,38.50,,21.46
3.41770,38.73,,21.46
3.41780,38.63,,21.46
3.41790,38.85,,21.18
3.41800,39.04,,21.46
3.41810,39.20,,21.46
3.41820,39.71,,21.18
3.41830,39.66,,21.46
3.41840,39.91,,21.46
3.41850,40.39,,21.18
3.41860,39.95,,21.46
3.41870,39.87,,21.46
3.41880,40.03,,21.46
3.41890,40.28,,21.46
3.41900,40.18,,21.46
3.41910,40.79,,21.46
3.41920,40.99,,21.18
3.41930,41.08,,21.46
3.41940,41.33,,21.18
3.41950,41.22,,21.18
3.41960,41.48,,21.18
3.41970,41.64,,21.18
3.41980,41.90,,21.18
3.41990,42.06,,21.18
3.42000,42.06,,21.18
3.42010,42.39,,21.18
3.42020,42.77,,21.46
3.42030,43.06,,21.46
3.42040,43.56,,21.46
3.42050,43.82,,21.46
3.42060,43.88,,21.46
3.42070,43.95,,21.46
3.42080,44.10,,21.46
3.42090,44.17,,21.75
3.42100,44.28,,21.46
3.42110,44.63,,21.46
3.42120,44.75,,21.18
3.42130,45.12,,21.46
3.42140,45.57,,21.46
3.42150,46.19,,21.18
3.42160,46.67,,21.18
3.42170,47.14,,21.18
3.42180,47.82,,21.18
3.42190,48.46,,21.46
3.42200,49.24,,21.18
3.42210,50.19,,21.18
3.42220,50.40,,21.18
3.42230,50.92,,21.18
3.42240,51.50,,21.18
3.42250,52.12,,21.18
3.42260,52.36,,21.18
3.42270,53.14,,21.18
3.42280,53.11,,21.35
3.42290,53.51,,21.29
3.42300,53.55,,21.46
3.42310,53.79,,21.46
3.42320,54.27,,21.46
3.42330,54.56,,21.46
3.42340,54.68,,21.76
3.42350,54.92,,21.46
3.42360,54.81,,21.76
3.42370,54.77,,21.46
3.42380,54.55,,21.46
3.42390,54.62,,21.18
3.42400,54.75,,21.18
3.42410,54.79,,21.18
3.42420,54.83,,20.90
3.42430,54.98,,20.90
3.42440,55.05,,20.90
3.42450,55.44,,20.90
3.42460,55.73,,20.90
3.42470,56.03,,20.90
3.42480,56.56,,20.90
3.42490,56.65,,21.18
3.42500,56.87,,21.46
3.42510,56.86,,21.46
3.42520,56.71,,21.46
3.42530,56.61,,21.46
3.42540,56.60,,21.76
3.42550,56.24,,21.46
3.42560,55.89,,21.46
3.42570,55.51,,21.46
3.42580,54.79,,21.46
3.42590,54.14,,21.18
3.42600,52.98,,21.46
3.42610,52.67,,21.18
3.42620,53.06,,21.18
3.42630,52.80,,20.90
3.42640,52.45,,21.18
3.42650,52.18,,21.18
3.42660,51.79,,20.90
3.42670,51.12,,21.18
3.42680,51.01,,20.90
3.42690,50.44,,21.18
3.42700,50.25,,21.18
3.42710,49.99,,21.18
3.42720,49.72,,21.18
3.42730,49.53,,21.18
3.42740,49.24,,21.18
3.42750,48.71,,21.18
3.42760,48.67,,21.46
3.42770,48.56,,21.18
3.42780,48.58,,21.18
3.42790,48.41,,21.18
3.42800,48.27,,21.46
3.42810,47.76,,21.18
3.42820,47.48,,21.46
3.42830,46.78,,21.46
3.42840,46.25,,21.46
3.42850,45.63,,21.46
3.42860,45.69,,21.18
3.42870,45.43,,21.46
3.42880,45.04,,21.18
3.42890,44.90,,21.18
3.42900,44.74,,21.18
3.42910,44.62,,21.18
3.42920,44.31,,20.90
3.42930,44.07,,20.90
3.42940,43.87,,20.90
3.42950,43.53,,20.90
3.42960,42.91,,21.18
3.42970,42.59,,21.18
3.42980,42.30,,21.18
3.42990,41.99,,21.46
3.43000,41.55,,21.46
3.43010,40.92,,21.46
3.43020,40.24,,21.75
3.43030,39.78,,21.46
3.43040,39.86,,21.58
3.43050,39.57,,21.35
3.43060,39.66,,21.46
3.43070,39.73,,21.46
3.43080,39.75,,21.18
3.43090,39.62,,21.18
3.43100,39.02,,21.18
3.43110,38.32,,21.18
3.43120,37.95,,21.18
3.43130,37.45,,21.18
3.43140,37.39,,21.46
3.43150,37.49,,21.18
3.43160,37.74,,21.18
3.43170,37.88,,21.18
3.43180,37.70,,21.18
3.43190,38.23,,21.18
3.43200,38.65,,20.90
3.43210,38.33,,20.90
3.43220,38.34,,21.18
3.43230,38.43,,21.18
3.43240,38.78,,21.18
3.43250,38.96,,21.46
3.43260,39.19,,21.69
3.43270,39.16,,21.58
3.43280,39.79,,21.87
3.43290,40.32,,21.87
3.43300,41.03,,21.76
3.43310,41.39,,21.75
3.43320,42.23,,21.46
3.43330,42.78,,21.75
3.43340,43.35,,21.18
3.43350,43.98,,21.46
3.43360,44.61,,21.18
3.43370,45.44,,21.18
3.43380,46.47,,20.90
3.43390,47.74,,21.18
3.43400,48.92,,20.90
3.43410,49.76,,21.18
3.43420,50.31,,20.90
3.43430,51.44,,21.18
3.43440,52.96,,20.90
3.43450,53.44,,20.90
3.43460,54.57,,20.90
3.43470,55.31,,21.18
3.43480,56.20,,21.18
3.43490,57.09,,21.18
3.43500,58.15,,21.18
3.43510,58.92,,21.46
3.43520,59.43,,21.46
3.43530,59.91,,21.46
3.43540,61.12,,21.46
3.43550,62.33,,21.46
3.43560,63.08,,21.46
3.43570,63.59,,21.18
3.43580,64.13,,21.18
3.43590,64.38,,21.18
3.43600,64.62,,21.18
3.43610,64.60,,20.90
3.43620,64.82,,21.18
3.43630,64.78,,20.90
3.43640,64.81,,20.90
3.43650,64.43,,20.90
3.43660,63.89,,20.90
3.43670,63.33,,20.90
3.43680,62.45,,20.90
3.43690,61.35,,20.90
3.43700,60.35,,20.90
3.43710,59.45,,20.90
3.43720,58.48,,20.90
3.43730,57.28,,21.18
3.43740,55.46,,21.18
3.43750,54.25,,20.90
3.43760,53.88,,21.18
3.43770,54.04,,20.90
3.43780,53.86,,20.90
3.43790,53.50,,20.90
3.43800,53.32,,20.90
3.43810,52.94,,20.90
3.43820,52.45,,21.18
3.43830,51.96,,20.90
3.43840,51.90,,20.90
3.43850,51.90,,20.90
3.43860,51.34,,21.18
3.43870,51.00,,21.46
3.43880,50.57,,21.18
3.43890,49.92,,20.90
3.43900,49.28,,20.90
3.43910,49.19,,20.64
3.43920,49.44,,20.28
3.43930,49.79,,19.95
3.43940,50.25,,20.02
3.43950,49.74,,19.95
3.43960,46.81,,20.11
3.43970,46.38,,20.37
3.43980,46.23,,20.90
3.43990,45.52,,21.18
3.44000,43.98,,22.05
3.44010,41.67,,22.06
3.44020,39.24,,22.67
3.44030,38.98,,22.69
3.44040,38.94,,22.99
3.44050,38.50,,22.69
3.44060,38.46,,22.67
3.44070,40.67,,21.76
3.44080,42.27,,21.75
3.44090,42.80,,20.90
3.44100,42.77,,20.36
3.44110,43.43,,20.12
3.44120,42.39,,20.11
3.44130,41.06,,19.87
3.44140,41.15,,19.85
3.44150,41.63,,20.20
3.44160,40.32,,20.54
3.44170,37.99,,21.18
3.44180,35.62,,21.18
3.44190,34.53,,21.46
3.44200,34.89,,21.46
3.44210,34.14,,21.18
3.44220,33.66,,21.18
3.44230,34.39,,20.90
3.44240,34.39,,20.64
3.44250,33.86,,20.36
3.44260,32.75,,20.37
3.44270,31.58,,20.36
3.44280,30.95,,20.64
3.44290,30.74,,20.90
3.44300,31.16,,21.18
3.44310,31.30,,21.75
3.44320,30.39,,22.12
3.44330,28.80,,22.61
3.44340,28.17,,22.69
3.44350,28.60,,22.67
3.44360,29.33,,22.37
3.44370,29.75,,22.35
3.44380,30.87,,21.75
3.44390,31.00,,21.18
3.44400,30.68,,20.90
3.44410,30.02,,20.36
3.44420,29.76,,20.12
3.44430,29.79,,20.36
3.44440,28.32,,20.37
3.44450,27.61,,20.63
3.44460,27.32,,21.18
3.44470,27.14,,21.46
3.44480,27.33,,21.46
3.44490,26.65,,21.81
3.44500,26.13,,21.70
3.44510,26.23,,21.75
3.44520,26.50,,21.18
3.44530,26.83,,21.18
3.44540,26.68,,20.63
3.44550,26.53,,20.64
3.44560,26.67,,20.36
3.44570,26.54,,20.37
3.44580,26.48,,20.37
3.44590,27.45,,20.90
3.44600,27.32,,20.90
3.44610,27.50,,21.18
3.44620,27.97,,21.46
3.44630,28.03,,21.76
3.44640,28.69,,21.75
3.44650,28.76,,21.46
3.44660,29.32,,21.75
3.44670,29.69,,21.46
3.44680,29.80,,21.18
3.44690,30.17,,21.18
3.44700,30.61,,21.18
3.44710,30.72,,20.90
3.44720,30.62,,20.90
3.44730,30.99,,21.18
3.44740,31.50,,21.18
3.44750,32.07,,21.69
3.44760,32.78,,21.52
3.44770,33.60,,21.46
3.44780,34.46,,21.63
3.44790,34.61,,21.29
3.44800,35.26,,21.18
3.44810,35.63,,20.90
3.44820,36.39,,20.90
3.44830,36.42,,20.36
3.44840,37.06,,20.37
3.44850,37.78,,20.28
3.44860,37.05,,20.20
3.44870,36.53,,20.36
3.44880,36.30,,20.64
3.44890,36.07,,20.90
3.44900,35.49,,21.18
3.44910,35.36,,21.18
3.44920,36.03,,21.46
3.44930,36.83,,21.46
3.44940,36.75,,21.18
3.44950,36.90,,21.46
3.44960,36.32,,21.46
3.44970,35.57,,21.18
3.44980,35.77,,21.18
3.44990,36.18,,20.90
3.45000,37.32,,20.64
3.45010,37.51,,20.63
3.45020,36.91,,20.64
3.45030,36.39,,20.63
3.45040,35.96,,20.64
3.45050,36.26,,20.63
3.45060,35.93,,20.64
3.45070,35.65,,20.63
3.45080,35.74,,20.64
3.45090,35.14,,20.90
3.45100,34.80,,20.90
3.45110,34.68,,21.18
3.45120,34.86,,20.90
3.45130,35.49,,21.18
3.45140,34.84,,20.90
3.45150,35.89,,20.90
3.45160,35.98,,20.90
3.45170,36.67,,21.18
3.45180,36.80,,20.90
3.45190,36.95,,20.90
3.45200,38.09,,20.90
3.45210,38.40,,21.18
3.45220,39.89,,21.18
3.45230,39.11,,20.90
3.45240,39.91,,21.18
3.45250,39.53,,21.18
3.45260,39.55,,20.90
3.45270,40.44,,21.18
3.45280,41.04,,20.64
3.45290,41.78,,20.81
3.45300,42.98,,20.45
3.45310,44.17,,20.55
3.45320,45.27,,20.19
3.45330,46.11,,20.64
3.45340,46.35,,20.36
3.45350,46.87,,20.64
3.45360,48.70,,20.63
3.45370,50.97,,20.64
3.45380,52.54,,20.81
3.45390,53.19,,20.99
3.45400,53.21,,20.90
3.45410,52.65,,21.46
3.45420,51.69,,21.18
3.45430,51.63,,21.46
3.45440,51.77,,21.18
3.45450,52.11,,21.18
3.45460,52.03,,21.46
3.45470,52.18,,21.18
3.45480,52.28,,20.90
3.45490,52.13,,21.18
3.45500,51.92,,20.63
3.45510,51.09,,20.90
3.45520,50.25,,20.63
3.45530,49.10,,20.64
3.45540,48.08,,20.90
3.45550,48.03,,20.64
3.45560,48.33,,20.90
3.45570,48.48,,20.90
3.45580,48.49,,20.90
3.45590,47.85,,20.90
3.45600,47.36,,20.90
3.45610,47.51,,20.63
3.45620,47.12,,20.81
3.45630,46.42,,20.45
3.45640,45.85,,20.64
3.45650,45.07,,20.63
3.45660,44.39,,20.90
3.45670,43.93,,20.90
3.45680,43.77,,20.90
3.45690,43.10,,21.18
3.45700,43.13,,21.18
3.45710,42.56,,21.46
3.45720,42.35,,21.18
3.45730,41.51,,21.18
3.45740,41.90,,21.18
3.45750,42.13,,21.18
3.45760,43.31,,20.90
3.45770,43.73,,20.64
3.45780,42.94,,20.90
3.45790,42.67,,20.64
3.45800,43.77,,20.64
3.45810,44.27,,20.63
3.45820,44.64,,20.90
3.45830,45.16,,20.63
3.45840,46.36,,20.90
3.45850,45.86,,20.90
3.45860,46.03,,20.90
3.45870,46.68,,21.18
3.45880,46.89,,21.18
3.45890,47.56,,20.99
3.45900,48.23,,21.08
3.45910,48.43,,21.18
3.45920,48.56,,21.18
3.45930,48.83,,21.18
3.45940,49.22,,20.90
3.45950,49.76,,20.90
3.45960,50.83,,20.90
3.45970,50.69,,20.64
3.45980,50.79,,20.90
3.45990,50.86,,20.64
3.46000,51.17,,20.90
3.46010,51.52,,20.63
3.46020,51.62,,20.64
3.46030,51.50,,20.63
3.46040,51.11,,20.90
3.46050,51.32,,20.90
3.46060,51.42,,20.90
3.46070,51.60,,20.90
3.46080,52.36,,20.90
3.46090,53.44,,20.64
3.46100,53.93,,20.63
3.46110,53.85,,20.90
3.46120,53.60,,20.90
3.46130,53.52,,20.90
3.46140,52.73,,21.18
3.46150,52.87,,21.18
3.46160,53.32,,21.18
3.46170,53.81,,21.18
3.46180,54.43,,21.18
3.46190,55.49,,21.18
3.46200,56.53,,20.90
3.46210,55.80,,20.90
3.46220,55.73,,20.64
3.46230,55.73,,20.36
3.46240,55.73,,20.37
3.46250,55.42,,20.11
3.46260,54.72,,20.12
3.46270,54.17,,20.28
3.46280,53.08,,20.46
3.46290,51.27,,20.64
3.46300,49.78,,21.18
3.46310,47.89,,20.90
3.46320,46.72,,21.18
3.46330,46.63,,21.46
3.46340,46.36,,21.18
3.46350,46.82,,21.18
3.46360,47.68,,20.90
3.46370,48.73,,20.64
3.46380,49.09,,20.36
3.46390,49.41,,20.37
3.46400,48.70,,20.37
3.46410,47.96,,20.36
3.46420,48.00,,20.64
3.46430,48.28,,20.36
3.46440,48.59,,20.64
3.46450,48.60,,20.90
3.46460,47.96,,20.90
3.46470,47.14,,20.90
3.46480,46.84,,20.90
3.46490,46.41,,21.18
3.46500,46.44,,20.63
3.46510,46.15,,20.64
3.46520,46.20,,20.63
3.46530,46.54,,20.64
3.46540,46.41,,20.36
3.46550,46.77,,20.64
3.46560,47.19,,20.63
3.46570,47.74,,20.90
3.46580,48.38,,20.63
3.46590,48.73,,20.90
3.46600,49.10,,21.18
3.46610,49.06,,21.18
3.46620,49.32,,20.90
3.46630,49.42,,21.18
3.46640,49.23,,20.90
3.46650,48.87,,20.90
3.46660,48.43,,20.90
3.46670,47.91,,20.90
3.46680,47.19,,20.64
3.46690,47.05,,20.64
3.46700,46.51,,20.63
3.46710,46.65,,20.64
3.46720,46.64,,20.36
3.46730,47.14,,20.55
3.46740,47.55,,20.19
3.46750,47.64,,20.37
3.46760,47.40,,20.36
3.46770,46.76,,20.64
3.46780,46.11,,20.63
3.46790,45.44,,20.64
3.46800,45.38,,20.64
3.46810,46.31,,20.90
3.46820,45.56,,20.90
3.46830,44.87,,21.18
3.46840,44.76,,20.90
3.46850,44.09,,21.18
3.46860,43.56,,20.90
3.46870,43.30,,20.90
3.46880,42.73,,20.90
3.46890,42.18,,20.90
3.46900,41.89,,20.63
3.46910,41.41,,20.90
3.46920,40.72,,20.90
3.46930,40.50,,20.64
3.46940,40.18,,20.90
3.46950,40.12,,20.64
3.46960,39.84,,20.63
3.46970,39.76,,20.64
3.46980,39.50,,20.36
3.46990,39.35,,20.64
3.47000,38.66,,20.37
3.47010,38.23,,20.63
3.47020,37.81,,20.37
3.47030,37.91,,20.36
3.47040,38.74,,20.37
3.47050,39.05,,20.63
3.47060,39.04,,20.64
3.47070,38.53,,20.63
3.47080,38.50,,20.90
3.47090,38.53,,20.64
3.47100,38.65,,20.90
3.47110,38.48,,20.90
3.47120,38.30,,20.90
3.47130,38.08,,20.90
3.47140,37.90,,21.18
3.47150,37.71,,20.90
3.47160,37.81,,20.90
3.47170,37.82,,20.64
3.47180,38.21,,20.90
3.47190,38.29,,20.64
3.47200,37.92,,20.64
3.47210,37.49,,20.63
3.47220,38.04,,20.37
3.47230,38.82,,20.63
3.47240,39.53,,20.64
3.47250,40.19,,20.36
3.47260,40.89,,20.64
3.47270,41.76,,20.36
3.47280,42.01,,20.64
3.47290,42.45,,20.64
3.47300,42.92,,20.36
3.47310,43.22,,20.64
3.47320,43.65,,20.90
3.47330,43.58,,20.64
3.47340,43.63,,20.90
3.47350,43.64,,21.18
3.47360,43.19,,20.90
3.47370,42.95,,20.90
3.47380,42.85,,20.90
3.47390,42.59,,20.90
3.47400,42.15,,20.46
3.47410,41.59,,20.54
3.47420,41.28,,20.37
3.47430,41.03,,20.36
3.47440,40.94,,20.12
3.47450,40.63,,20.11
3.47460,40.59,,20.37
3.47470,40.74,,20.11
3.47480,39.95,,20.37
3.47490,38.78,,20.64
3.47500,37.81,,20.63
3.47510,37.11,,20.64
3.47520,36.34,,20.63
3.47530,35.61,,20.90
3.47540,35.18,,20.90
3.47550,35.22,,20.64
3.47560,34.88,,20.72
3.47570,34.67,,20.81
3.47580,34.55,,20.54
3.47590,34.25,,20.46
3.47600,34.26,,20.37
3.47610,33.99,,20.36
3.47620,34.29,,20.37
3.47630,34.19,,20.36
3.47640,34.15,,20.37
3.47650,34.67,,20.36
3.47660,34.82,,20.37
3.47670,34.79,,20.36
3.47680,34.87,,20.37
3.47690,34.89,,20.36
3.47700,34.94,,20.37
3.47710,35.08,,20.37
3.47720,35.74,,20.36
3.47730,36.35,,20.37
3.47740,36.09,,20.36
3.47750,36.09,,20.37
3.47760,36.07,,20.36
3.47770,36.71,,20.64
3.47780,37.45,,20.36
3.47790,38.39,,20.64
3.47800,39.14,,20.37
3.47810,40.17,,20.63
3.47820,40.87,,20.64
3.47830,41.46,,20.63
3.47840,41.91,,20.64
3.47850,42.44,,20.63
3.47860,42.75,,20.64
3.47870,43.52,,20.36
3.47880,43.61,,20.64
3.47890,43.68,,20.36
3.47900,44.15,,20.20
3.47910,44.42,,20.12
3.47920,44.27,,20.02
3.47930,43.89,,20.12
3.47940,43.50,,20.11
3.47950,42.85,,20.12
3.47960,42.40,,20.36
3.47970,41.67,,20.12
3.47980,40.98,,20.36
3.47990,40.90,,20.64
3.48000,40.72,,20.37
3.48010,41.01,,20.63
3.48020,41.24,,20.37
3.48030,41.75,,20.36
3.48040,42.61,,20.12
3.48050,43.08,,20.11
3.48060,43.30,,20.12
3.48070,42.23,,20.11
3.48080,41.63,,20.12
3.48090,41.22,,20.36
3.48100,40.63,,20.12
3.48110,40.31,,20.37
3.48120,40.01,,20.36
3.48130,40.17,,20.37
3.48140,40.19,,20.36
3.48150,40.21,,19.95
3.48160,40.14,,20.02
3.48170,40.19,,19.87
3.48180,40.15,,19.85
3.48190,40.32,,19.87
3.48200,40.10,,19.87
3.48210,39.55,,19.85
3.48220,39.15,,20.12
3.48230,38.55,,20.36
3.48240,38.06,,20.64
3.48250,37.74,,20.45
3.48260,38.04,,20.81
3.48270,37.60,,20.63
3.48280,37.69,,20.37
3.48290,37.87,,20.54
3.48300,38.06,,20.20
3.48310,38.36,,19.87
3.48320,38.25,,20.02
3.48330,38.28,,19.71
3.48340,38.24,,19.85
3.48350,38.17,,19.87
3.48360,38.42,,19.85
3.48370,38.30,,19.79
3.48380,38.26,,19.94
3.48390,37.95,,20.12
3.48400,37.87,,20.37
3.48410,38.21,,20.11
3.48420,38.63,,20.37
3.48430,39.00,,20.36
3.48440,39.29,,20.12
3.48450,39.67,,19.85
3.48460,40.06,,19.79
3.48470,40.25,,19.69
3.48480,40.32,,19.63
3.48490,40.21,,19.61
3.48500,40.07,,19.87
3.48510,39.72,,19.87
3.48520,39.53,,19.94
3.48530,39.03,,20.12
3.48540,38.71,,20.28
3.48550,38.42,,20.12
3.48560,37.59,,20.11
3.48570,37.30,,20.12
3.48580,37.03,,20.11
3.48590,36.69,,19.87
3.48600,37.09,,19.87
3.48610,37.18,,19.61
3.48620,37.07,,19.63
3.48630,36.18,,19.61
3.48640,35.00,,19.63
3.48650,33.96,,19.85
3.48660,33.21,,19.87
3.48670,32.34,,20.11
3.48680,32.04,,20.12
3.48690,31.47,,20.11
3.48700,31.39,,20.12
3.48710,31.07,,19.87
3.48720,30.82,,19.94
3.48730,31.11,,19.79
3.48740,31.24,,19.37
3.48750,31.41,,19.63
3.48760,31.64,,19.21
3.48770,31.68,,19.47
3.48780,31.74,,19.45
3.48790,32.04,,19.63
3.48800,31.99,,19.71
3.48810,31.45,,20.02
3.48820,31.17,,19.87
3.48830,30.93,,20.11
3.48840,31.05,,19.87
3.48850,30.68,,19.94
3.48860,30.48,,19.79
3.48870,30.35,,19.61
3.48880,30.58,,19.63
3.48890,30.43,,19.37
3.48900,30.42,,19.63
3.48910,30.22,,19.55
3.48920,30.33,,19.45
3.48930,30.54,,19.55
3.48940,30.90,,19.69
3.48950,31.27,,19.63
3.48960,31.52,,19.61
3.48970,31.66,,19.87
3.48980,31.75,,19.69
3.48990,32.12,,19.79
3.49000,32.29,,19.63
3.49010,32.48,,19.61
3.49020,32.54,,19.39
3.49030,32.62,,19.37
3.49040,32.50,,19.39
3.49050,32.67,,19.37
3.49060,33.21,,19.39
3.49070,32.74,,19.61
3.49080,32.57,,19.39
3.49090,32.02,,19.61
3.49100,31.65,,19.63
3.49110,31.38,,19.63
3.49120,30.59,,19.61
3.49130,29.79,,19.63
3.49140,29.33,,19.61
3.49150,29.05,,19.39
3.49160,28.60,,19.37
3.49170,29.08,,19.31
3.49180,29.45,,19.21
3.49190,30.01,,19.16
3.49200,29.96,,19.16
3.49210,29.34,,19.14
3.49220,28.61,,19.24
3.49230,27.97,,19.29
3.49240,27.30,,19.39
3.49250,27.02,,19.14
3.49260,26.79,,19.39
3.49270,26.93,,19.61
3.49280,27.11,,19.39
3.49290,27.18,,19.37
3.49300,27.63,,19.39
3.49310,27.86,,19.24
3.49320,27.81,,19.06
3.49330,28.45,,19.01
3.49340,29.14,,18.91
3.49350,29.95,,19.09
3.49360,30.59,,18.98
3.49370,31.53,,19.16
3.49380,31.88,,19.29
3.49390,31.85,,19.39
3.49400,31.86,,19.39
3.49410,31.86,,19.37
3.49420,31.68,,19.16
3.49430,31.67,,19.14
3.49440,32.07,,19.16
3.49450,32.17,,19.21
3.49460,32.02,,19.09
3.49470,31.99,,18.91
3.49480,31.32,,18.94
3.49490,30.29,,19.14
3.49500,29.88,,19.16
3.49510,29.33,,18.94
3.49520,28.68,,19.14
3.49530,28.28,,18.94
3.49540,27.71,,19.21
3.49550,27.27,,19.09
3.49560,26.27,,18.91
3.49570,26.09,,18.64
3.49580,25.90,,18.61
3.49590,25.57,,18.57
3.49600,25.81,,18.57
3.49610,26.10,,18.69
3.49620,26.04,,18.72
3.49630,26.44,,18.69
3.49640,27.42,,18.72
3.49650,28.37,,18.91
3.49660,28.61,,19.01
3.49670,29.43,,19.21
3.49680,30.05,,19.01
3.49690,30.90,,18.91
3.49700,31.89,,18.94
3.49710,32.75,,18.94
3.49720,32.41,,18.91
3.49730,31.87,,18.86
3.49740,32.06,,18.91
3.49750,32.10,,18.86
3.49760,32.25,,18.91
3.49770,32.69,,18.86
3.49780,32.99,,18.91
3.49790,33.35,,18.86
3.49800,33.43,,18.57
3.49810,33.71,,18.47
3.49820,33.88,,18.43
3.49830,34.72,,18.33
3.49840,34.69,,18.29
3.49850,35.06,,18.33
3.49860,35.42,,18.43
3.49870,35.99,,18.26
3.49880,36.78,,18.29
3.49890,37.21,,18.47
3.49900,37.83,,18.50
3.49910,38.01,,18.72
3.49920,37.95,,18.47
3.49930,37.77,,18.72
3.49940,37.25,,18.69
3.49950,36.48,,18.72
3.49960,36.33,,18.69
3.49970,35.50,,18.57
3.49980,35.04,,18.61
3.49990,34.44,,18.57
3.50000,33.59,,18.57
3.50010,33.02,,18.33
3.50020,32.55,,18.29
3.50030,31.96,,18.05
3.50040,31.28,,18.02
3.50050,30.64,,17.78
3.50060,29.85,,17.82
3.50070,28.91,,17.98
3.50080,28.07,,18.02
3.50090,27.98,,18.05
3.50100,27.68,,18.02
3.50110,27.55,,18.29
3.50120,27.83,,18.05
3.50130,27.69,,18.08
3.50140,26.62,,18.26
3.50150,25.77,,18.29
3.50160,25.43,,18.61
3.50170,24.33,,18.57
3.50180,24.05,,18.69
3.50190,23.76,,18.72
3.50200,23.58,,18.64
3.50210,23.55,,18.54
3.50220,23.04,,18.36
3.50230,22.75,,18.40
3.50240,22.57,,18.29
3.50250,22.07,,18.05
3.50260,21.78,,17.95
3.50270,21.78,,17.78
3.50280,20.56,,17.75
3.50290,20.11,,17.58
3.50300,19.95,,17.49
3.50310,20.17,,17.49
3.50320,20.12,,17.65
3.50330,19.51,,17.69
3.50340,18.96,,17.65
3.50350,19.27,,17.75
3.50360,19.77,,17.78
3.50370,20.23,,17.88
3.50380,20.20,,17.91
3.50390,19.79,,18.22
3.50400,19.76,,18.12
3.50410,19.83,,18.22
3.50420,20.37,,18.08
3.50430,20.41,,18.33
3.50440,20.52,,18.02
3.50450,20.75,,18.26
3.50460,21.27,,18.08
3.50470,21.59,,18.26
3.50480,21.78,,18.08
3.50490,21.58,,18.05
3.50500,21.75,,18.02
3.50510,21.15,,17.75
3.50520,20.60,,17.52
3.50530,20.18,,17.43
3.50540,19.79,,17.33
3.50550,19.28,,17.25
3.50560,19.52,,17.26
3.50570,19.34,,17.31
3.50580,19.42,,17.26
3.50590,19.68,,17.18
3.50600,20.29,,17.02
3.50610,21.25,,17.25
3.50620,20.10,,17.49
3.50630,17.31,,17.71
3.50640,15.92,,17.82
3.50650,15.14,,18.05
3.50660,14.69,,18.02
3.50670,14.83,,18.19
3.50680,14.71,,17.88
3.50690,14.25,,17.78
3.50700,13.90,,17.49
3.50710,13.80,,17.49
3.50720,13.58,,17.26
3.50730,13.52,,17.25
3.50740,13.74,,17.26
3.50750,13.51,,17.25
3.50760,13.09,,17.26
3.50770,12.72,,17.25
3.50780,12.81,,17.26
3.50790,12.83,,17.25
3.50800,12.66,,17.26
3.50810,12.19,,17.25
3.50820,11.94,,17.25
3.50830,11.76,,16.96
3.50840,11.44,,16.82
3.50850,11.20,,16.78
3.50860,11.01,,17.00
3.50870,11.02,,17.26
3.50880,10.91,,17.25
3.50890,10.90,,17.52
3.50900,10.72,,17.25
3.50910,10.75,,17.49
3.50920,10.48,,17.26
3.50930,10.90,,17.00
3.50940,10.26,,17.26
3.50950,10.05,,17.25
3.50960,9.60,,17.02
3.50970,9.03,,17.00
3.50980,9.18,,17.02
3.50990,9.50,,17.00
3.51000,9.59,,16.78
3.51010,9.96,,16.77
3.51020,10.26,,17.00
3.51030,10.57,,17.02
3.51040,10.50,,16.77
3.51050,11.01,,17.02
3.51060,11.49,,16.65
3.51070,11.63,,16.66
3.51080,11.43,,16.54
3.51090,11.48,,16.78
3.51100,11.18,,17.00
3.51110,11.23,,16.77
3.51120,10.95,,17.02
3.51130,11.08,,16.77
3.51140,11.46,,16.78
3.51150,11.90,,16.54
3.51160,11.81,,16.55
3.51170,11.61,,16.31
3.51180,11.57,,16.55
3.51190,11.50,,16.54
3.51200,11.73,,16.78
3.51210,10.95,,16.59
3.51220,10.33,,16.71
3.51230,10.34,,16.55
3.51240,10.31,,16.54
3.51250,9.99,,16.32
3.51260,9.43,,16.54
3.51270,8.89,,16.43
3.51280,8.79,,16.42
3.51290,8.65,,16.32
3.51300,8.64,,16.31
3.51310,8.37,,16.31
3.51320,8.29,,16.32
3.51330,8.14,,16.54
3.51340,8.26,,16.55
3.51350,8.67,,16.54
3.51360,8.57,,16.55
3.51370,8.82,,16.54
3.51380,9.24,,16.55
3.51390,9.62,,16.31
3.51400,9.63,,16.32
3.51410,9.58,,16.10
3.51420,9.62,,16.31
3.51430,9.92,,16.10
3.51440,10.08,,16.31
3.51450,10.33,,16.10
3.51460,10.87,,15.88
3.51470,11.24,,15.88
3.51480,11.52,,15.88
3.51490,11.60,,15.88
3.51500,11.82,,15.88
3.51510,12.51,,16.10
3.51520,12.56,,16.32
3.51530,12.58,,16.10
3.51540,12.94,,16.10
3.51550,14.11,,16.10
3.51560,13.93,,16.10
3.51570,13.99,,16.10
3.51580,14.26,,16.32
3.51590,14.70,,16.10
3.51600,15.12,,16.32
3.51610,15.61,,15.94
3.51620,16.07,,16.04
3.51630,16.44,,15.67
3.51640,16.33,,15.88
3.51650,16.46,,15.67
3.51660,16.49,,15.88
3.51670,16.99,,15.88
3.51680,17.25,,15.68
3.51690,17.37,,15.88
3.51700,17.72,,15.48
3.51710,18.01,,15.28
3.51720,18.18,,15.47
3.51730,18.21,,15.28
3.51740,18.37,,15.67
3.51750,18.81,,15.48
3.51760,19.19,,15.67
3.51770,19.07,,15.88
3.51780,19.25,,15.67
3.51790,19.78,,15.68
3.51800,20.24,,15.67
3.51810,20.05,,15.88
3.51820,19.79,,15.68
3.51830,20.34,,15.88
3.51840,20.59,,15.68
3.51850,21.04,,15.47
3.51860,21.75,,15.38
3.51870,22.20,,15.37
3.51880,22.68,,15.09
3.51890,22.91,,15.08
3.51900,22.66,,15.09
3.51910,21.88,,15.28
3.51920,20.69,,15.27
3.51930,19.11,,15.09
3.51940,18.37,,15.27
3.51950,17.97,,15.09
3.51960,17.32,,15.27
3.51970,17.31,,15.09
3.51980,17.73,,15.27
3.51990,18.45,,15.48
3.52000,19.00,,15.27
3.52010,19.88,,15.09
3.52020,21.18,,14.90
3.52030,21.92,,15.27
3.52040,20.99,,15.28
3.52050,20.16,,15.47
3.52060,20.19,,15.68
3.52070,20.06,,15.67
3.52080,20.46,,15.28
3.52090,21.16,,15.08
3.52100,21.77,,14.90
3.52110,21.99,,14.54
3.52120,21.86,,14.53
3.52130,22.09,,14.72
3.52140,22.50,,14.89
3.52150,22.61,,14.90
3.52160,23.23,,14.89
3.52170,23.39,,14.90
3.52180,23.89,,14.89
3.52190,24.11,,14.72
3.52200,24.05,,14.71
3.52210,24.10,,14.72
3.52220,24.68,,14.72
3.52230,25.45,,14.89
3.52240,26.22,,14.90
3.52250,27.04,,14.89
3.52260,27.48,,15.09
3.52270,28.24,,14.89
3.52280,29.10,,14.90
3.52290,29.84,,14.89
3.52300,30.27,,14.90
3.52310,30.84,,14.81
3.52320,30.89,,14.62
3.52330,31.43,,14.54
3.52340,31.30,,14.53
3.52350,30.92,,14.20
3.52360,30.63,,14.18
3.52370,30.59,,14.20
3.52380,30.49,,14.35
3.52390,30.56,,14.20
3.52400,30.67,,14.10
3.52410,31.04,,14.12
3.52420,31.72,,14.12
3.52430,32.09,,14.18
3.52440,31.83,,14.46
3.52450,32.03,,14.53
3.52460,32.42,,14.72
3.52470,32.74,,14.71
3.52480,33.04,,14.54
3.52490,33.75,,14.35
3.52500,34.04,,14.37
3.52510,34.27,,14.29
3.52520,34.53,,14.44
3.52530,34.83,,14.54
3.52540,34.96,,14.53
3.52550,35.25,,14.37
3.52560,35.57,,14.18
3.52570,35.61,,14.20
3.52580,35.44,,13.85
3.52590,34.37,,13.88
3.52600,33.50,,13.69
3.52610,33.16,,13.72
3.52620,33.28,,13.72
3.52630,33.72,,13.77
3.52640,34.41,,13.64
3.52650,35.10,,13.85
3.52660,35.16,,13.72
3.52670,34.35,,13.93
3.52680,33.65,,13.96
3.52690,33.90,,14.01
3.52700,34.04,,14.04
3.52710,34.09,,14.20
3.52720,33.81,,14.01
3.52730,33.99,,13.88
3.52740,33.97,,13.93
3.52750,33.57,,13.96
3.52760,33.27,,14.10
3.52770,33.16,,14.12
3.52780,32.84,,14.01
3.52790,32.77,,13.88
3.52800,32.48,,13.69
3.52810,32.18,,13.34
3.52820,33.11,,13.19
3.52830,33.07,,13.24
3.52840,33.26,,13.27
3.52850,33.47,,13.39
3.52860,33.21,,13.64
3.52870,33.82,,13.77
3.52880,34.27,,13.56
3.52890,35.04,,13.69
3.52900,36.02,,13.27
3.52910,37.41,,13.41
3.52920,38.09,,13.39
3.52930,39.10,,13.64
3.52940,39.92,,13.46
3.52950,40.15,,13.56
3.52960,40.70,,13.54
3.52970,40.74,,13.56
3.52980,39.80,,13.54
3.52990,38.72,,13.56
3.53000,38.85,,13.69
3.53010,39.43,,13.72
3.53020,39.73,,13.56
3.53030,39.54,,13.31
3.53040,39.05,,13.34
3.53050,38.62,,13.09
3.53060,38.47,,13.27
3.53070,37.58,,13.39
3.53080,36.88,,13.27
3.53090,36.44,,13.39
3.53100,35.71,,13.12
3.53110,35.56,,13.09
3.53120,35.73,,12.98
3.53130,36.22,,12.84
3.53140,36.51,,12.95
3.53150,37.16,,13.19
3.53160,37.44,,13.46
3.53170,36.86,,13.64
3.53180,36.09,,13.77
3.53190,35.50,,14.04
3.53200,35.05,,13.69
3.53210,34.77,,13.64
3.53220,34.71,,13.19
3.53230,35.25,,13.02
3.53240,35.53,,13.05
3.53250,34.59,,13.24
3.53260,32.36,,13.34
3.53270,30.79,,13.46
3.53280,29.82,,13.41
3.53290,28.82,,13.46
3.53300,28.18,,12.98
3.53310,27.13,,12.61
3.53320,26.63,,12.77
3.53330,26.95,,12.77
3.53340,26.71,,13.02
3.53350,26.56,,13.49
3.53360,27.10,,13.69
3.53370,26.73,,13.88
3.53380,26.33,,13.69
3.53390,26.62,,13.56
3.53400,27.28,,13.54
3.53410,28.00,,13.27
3.53420,27.71,,13.12
3.53430,27.26,,13.16
3.53440,26.66,,13.19
3.53450,26.19,,13.24
3.53460,26.43,,13.41
3.53470,26.52,,13.39
3.53480,27.03,,13.27
3.53490,27.85,,12.95
3.53500,29.11,,12.84
3.53510,31.39,,13.02
3.53520,33.20,,13.05
3.53530,33.68,,13.34
3.53540,33.19,,13.46
3.53550,32.46,,13.64
3.53560,31.43,,13.31
3.53570,31.28,,13.12
3.53580,31.80,,13.02
3.53590,33.37,,13.19
3.53600,33.71,,13.09
3.53610,32.98,,13.27
3.53620,32.49,,13.27
3.53630,33.24,,13.24
3.53640,35.00,,13.12
3.53650,36.68,,12.88
3.53660,36.19,,12.77
3.53670,34.84,,12.81
3.53680,34.49,,12.98
3.53690,34.85,,13.02
3.53700,35.46,,13.05
3.53710,35.92,,13.39
3.53720,36.42,,13.27
3.53730,36.48,,13.34
3.53740,35.55,,13.46
3.53750,34.78,,13.27
3.53760,34.10,,13.16
3.53770,33.93,,12.98
3.53780,33.66,,12.81
3.53790,33.61,,12.77
3.53800,33.79,,12.61
3.53810,34.10,,12.77
3.53820,34.57,,12.84
3.53830,35.05,,12.95
3.53840,35.43,,12.84
3.53850,35.23,,12.95
3.53860,35.67,,12.84
3.53870,36.31,,12.95
3.53880,37.12,,13.12
3.53890,37.38,,13.24
3.53900,37.82,,13.27
3.53910,37.77,,13.54
3.53920,38.07,,13.56
3.53930,38.40,,13.41
3.53940,38.97,,13.24
3.53950,39.28,,12.84
3.53960,39.40,,12.74
3.53970,39.11,,12.77
3.53980,39.53,,12.67
3.53990,39.90,,12.91
3.54000,39.89,,13.02
3.54010,39.44,,12.98
3.54020,39.50,,12.98
3.54030,39.52,,13.09
3.54040,39.46,,12.98
3.54050,39.24,,12.95
3.54060,38.52,,12.98
3.54070,38.08,,13.02
3.54080,37.91,,13.05
3.54090,37.04,,13.16
3.54100,36.33,,13.19
3.54110,35.54,,13.02
3.54120,34.63,,12.98
3.54130,33.61,,12.91
3.54140,33.14,,12.81
3.54150,32.82,,12.84
3.54160,32.58,,13.02
3.54170,32.10,,13.05
3.54180,31.74,,13.39
3.54190,31.33,,13.41
3.54200,30.87,,13.39
3.54210,30.18,,13.27
3.54220,29.79,,13.12
3.54230,29.60,,12.95
3.54240,28.92,,12.91
3.54250,28.05,,12.88
3.54260,27.33,,12.91
3.54270,26.59,,13.02
3.54280,26.14,,12.98
3.54290,25.71,,13.09
3.54300,24.91,,12.98
3.54310,24.34,,12.95
3.54320,24.29,,12.71
3.54330,24.36,,12.71
3.54340,24.13,,12.95
3.54350,23.87,,12.98
3.54360,23.23,,13.24
3.54370,22.88,,13.41
3.54380,22.68,,13.54
3.54390,22.43,,13.56
3.54400,21.86,,13.24
3.54410,21.16,,12.98
3.54420,20.60,,12.71
3.54430,20.29,,12.67
3.54440,20.67,,12.57
3.54450,20.09,,12.81
3.54460,19.46,,12.98
3.54470,18.67,,13.02
3.54480,17.58,,13.19
3.54490,16.69,,13.24
3.54500,16.08,,13.19
3.54510,15.66,,12.88
3.54520,14.61,,12.98
3.54530,13.74,,12.91
3.54540,12.24,,12.88
3.54550,11.17,,13.12
3.54560,11.16,,13.02
3.54570,11.42,,13.05
3.54580,11.18,,13.09
3.54590,10.37,,12.84
3.54600,9.78,,12.81
3.54610,9.41,,12.84
3.54620,10.07,,12.98
3.54630,10.42,,13.16
3.54640,10.29,,13.19
3.54650,10.18,,13.24
3.54660,10.41,,12.98
3.54670,10.99,,12.95
3.54680,11.20,,12.71
3.54690,11.05,,12.95
3.54700,11.03,,12.98
3.54710,10.51,,13.02
3.54720,9.31,,13.05
3.54730,9.29,,13.12
3.54740,9.79,,12.95
3.54750,9.74,,12.84
3.54760,9.10,,12.81
3.54770,8.50,,12.77
3.54780,9.39,,12.61
3.54790,11.52,,12.71
3.54800,13.89,,12.67
3.54810,16.62,,12.98
3.54820,19.22,,13.19
3.54830,20.38,,13.24
3.54840,20.94,,13.19
3.54850,21.32,,13.24
3.54860,21.91,,12.98
3.54870,22.56,,12.81
3.54880,23.83,,12.71
3.54890,25.38,,12.67
3.54900,26.33,,12.57
3.54910,27.22,,12.81
3.54920,28.39,,12.98
3.54930,29.40,,12.98
3.54940,30.46,,12.95
3.54950,31.59,,12.84
3.54960,32.16,,12.81
3.54970,32.54,,12.57
3.54980,33.33,,12.61
3.54990,34.36,,12.64
3.55000,34.79,,12.81
3.55010,35.59,,12.91
3.55020,36.44,,12.98
3.55030,37.04,,13.16
3.55040,37.45,,12.98
3.55050,37.45,,12.81
3.55060,37.26,,12.84
3.55070,36.39,,13.02
3.55080,35.16,,12.77
3.55090,34.70,,12.81
3.55100,34.95,,12.71
3.55110,34.97,,12.88
3.55120,34.58,,12.91
3.55130,33.82,,13.05
3.55140,33.08,,13.02
3.55150,32.77,,12.98
3.55160,32.73,,12.81
3.55170,32.54,,12.77
3.55180,31.99,,12.88
3.55190,30.49,,12.98
3.55200,29.32,,12.95
3.55210,28.67,,12.98
3.55220,27.69,,12.98
3.55230,26.43,,12.95
3.55240,24.31,,12.98
3.55250,22.60,,12.95
3.55260,21.75,,12.91
3.55270,20.45,,13.16
3.55280,18.18,,13.12
3.55290,16.59,,13.16
3.55300,15.66,,12.91
3.55310,17.16,,12.67
3.55320,17.95,,12.77
3.55330,15.39,,13.05
3.55340,12.06,,13.09
3.55350,10.65,,13.05
3.55360,9.70,,13.24
3.55370,9.26,,13.64
3.55380,9.40,,13.69
3.55390,9.18,,13.72
3.55400,8.79,,13.61
3.55410,7.46,,13.19
3.55420,5.98,,12.57
3.55430,5.54,,12.41
3.55440,6.35,,12.57
3.55450,6.48,,12.67
3.55460,6.04,,12.98
3.55470,6.21,,13.39
3.55480,6.90,,13.72
3.55490,6.26,,14.01
3.55500,4.92,,13.72
3.55510,3.62,,13.24
3.55520,2.76,,12.98
3.55530,4.03,,12.38
3.55540,5.98,,12.41
3.55550,7.39,,12.91
3.55560,8.82,,13.54
3.55570,10.18,,14.12
3.55580,11.11,,14.27
3.55590,11.43,,14.04
3.55600,11.38,,13.46
3.55610,11.47,,12.77
3.55620,12.36,,12.01
3.55630,14.19,,11.85
3.55640,16.01,,12.32
3.55650,17.59,,12.88
3.55660,18.55,,13.64
3.55670,19.19,,14.01
3.55680,20.24,,14.37
3.55690,20.80,,14.18
3.55700,21.01,,13.56
3.55710,20.83,,13.02
3.55720,21.15,,12.57
3.55730,21.68,,12.38
3.55740,22.16,,12.61
3.55750,22.40,,12.91
3.55760,22.65,,13.24
3.55770,22.99,,13.27
3.55780,23.28,,13.24
3.55790,23.79,,12.98
3.55800,24.17,,12.81
3.55810,24.71,,12.57
3.55820,25.22,,12.81
3.55830,25.51,,12.84
3.55840,25.66,,13.34
3.55850,25.73,,13.69
3.55860,25.63,,13.88
3.55870,25.39,,13.77
3.55880,24.72,,13.56
3.55890,25.23,,13.24
3.55900,25.03,,12.77
3.55910,24.86,,12.74
3.55920,24.49,,12.84
3.55930,23.96,,13.19
3.55940,23.49,,13.31
3.55950,22.74,,13.41
3.55960,22.13,,13.39
3.55970,21.31,,13.41
3.55980,20.63,,13.09
3.55990,21.02,,13.12
3.56000,21.44,,12.81
3.56010,21.87,,12.84
3.56020,22.14,,13.16
3.56030,22.28,,13.49
3.56040,22.15,,13.88
3.56050,21.89,,13.85
3.56060,21.91,,13.88
3.56070,21.80,,13.85
3.56080,21.32,,13.56
3.56090,20.77,,13.39
3.56100,20.49,,13.41
3.56110,20.73,,13.24
3.56120,21.51,,13.19
3.56130,22.21,,13.34
3.56140,22.73,,13.39
3.56150,23.10,,13.56
3.56160,23.29,,13.54
3.56170,23.47,,13.41
3.56180,23.77,,13.39
3.56190,23.98,,13.19
3.56200,24.24,,13.24
3.56210,24.37,,13.19
3.56220,24.07,,13.69
3.56230,23.85,,13.64
3.56240,23.80,,13.80
3.56250,23.80,,13.69
3.56260,23.83,,13.72
3.56270,24.03,,13.85
3.56280,24.19,,13.72
3.56290,24.78,,13.69
3.56300,25.20,,13.41
3.56310,25.72,,13.46
3.56320,25.97,,13.41
3.56330,26.58,,13.64
3.56340,26.83,,13.54
3.56350,26.83,,13.56
3.56360,27.63,,13.54
3.56370,28.08,,13.56
3.56380,28.26,,13.39
3.56390,28.58,,13.56
3.56400,29.08,,13.61
3.56410,29.64,,13.49
3.56420,30.15,,13.61
3.56430,30.86,,13.64
3.56440,31.75,,13.41
3.56450,32.55,,13.54
3.56460,33.23,,13.56
3.56470,33.43,,13.69
3.56480,33.50,,13.64
3.56490,33.39,,13.61
3.56500,33.54,,13.49
3.56510,33.69,,13.46
3.56520,33.65,,13.56
3.56530,33.45,,13.41
3.56540,33.84,,13.54
3.56550,34.05,,13.64
3.56560,34.10,,13.61
3.56570,34.29,,13.56
3.56580,34.44,,13.69
3.56590,34.53,,13.80
3.56600,34.92,,13.77
3.56610,35.07,,13.72
3.56620,35.40,,13.54
3.56630,35.71,,13.56
3.56640,35.25,,13.41
3.56650,34.84,,13.39
3.56660,34.61,,13.41
3.56670,34.81,,13.54
3.56680,35.94,,13.72
3.56690,36.82,,13.69
3.56700,37.54,,13.88
3.56710,38.21,,13.69
3.56720,39.29,,13.64
3.56730,39.88,,13.64
3.56740,40.53,,13.54
3.56750,40.57,,13.72
3.56760,40.56,,13.69
3.56770,40.97,,13.72
3.56780,41.20,,13.85
3.56790,41.76,,13.88
3.56800,42.17,,13.85
3.56810,42.34,,13.88
3.56820,41.98,,13.85
3.56830,41.57,,13.88
3.56840,41.35,,13.72
3.56850,41.42,,13.61
3.56860,41.48,,13.64
3.56870,41.31,,13.54
3.56880,41.40,,13.72
3.56890,41.37,,13.77
3.56900,41.48,,13.64
3.56910,41.48,,13.85
3.56920,41.15,,13.72
3.56930,40.85,,13.88
3.56940,40.49,,13.85
3.56950,39.58,,13.96
3.56960,38.94,,13.93
3.56970,37.99,,14.12
3.56980,37.82,,13.93
3.56990,37.97,,13.88
3.57000,38.63,,14.01
3.57010,38.98,,13.88
3.57020,38.94,,13.85
3.57030,38.75,,13.88
3.57040,38.17,,14.04
3.57050,37.92,,14.01
3.57060,37.35,,14.04
3.57070,37.38,,14.01
3.57080,37.17,,14.04
3.57090,36.75,,13.85
3.57100,36.50,,13.88
3.57110,36.46,,13.85
3.57120,35.88,,13.88
3.57130,35.73,,13.88
3.57140,35.81,,14.01
3.57150,35.80,,14.20
3.57160,36.41,,14.01
3.57170,36.71,,14.12
3.57180,37.08,,14.18
3.57190,37.66,,14.12
3.57200,38.06,,13.69
3.57210,38.77,,13.64
3.57220,40.30,,13.69
3.57230,41.59,,13.88
3.57240,41.95,,14.12
3.57250,42.45,,14.18
3.57260,42.71,,14.20
3.57270,42.98,,14.35
3.57280,43.18,,14.37
3.57290,43.65,,14.18
3.57300,44.35,,14.12
3.57310,44.28,,13.93
3.57320,44.10,,14.04
3.57330,43.44,,13.88
3.57340,42.89,,14.01
3.57350,42.77,,14.04
3.57360,43.05,,14.01
3.57370,43.75,,13.72
3.57380,42.83,,14.01
3.57390,42.79,,13.88
3.57400,42.72,,14.01
3.57410,42.35,,14.04
3.57420,41.90,,14.27
3.57430,41.47,,14.12
3.57440,41.13,,14.04
3.57450,41.19,,14.18
3.57460,41.57,,14.20
3.57470,41.98,,14.18
3.57480,42.10,,14.20
3.57490,42.48,,14.35
3.57500,42.60,,14.20
3.57510,43.09,,14.53
3.57520,43.36,,14.46
3.57530,42.53,,14.29
3.57540,41.80,,14.27
3.57550,41.42,,14.12
3.57560,42.20,,13.85
3.57570,43.20,,13.88
3.57580,43.75,,13.85
3.57590,44.33,,14.04
3.57600,44.71,,14.35
3.57610,44.61,,14.20
3.57620,45.05,,14.44
3.57630,45.44,,14.46
3.57640,45.47,,14.54
3.57650,45.47,,14.18
3.57660,45.74,,14.20
3.57670,45.99,,14.10
3.57680,46.37,,14.12
3.57690,46.36,,14.01
3.57700,46.67,,14.04
3.57710,47.18,,14.35
3.57720,47.65,,14.37
3.57730,48.08,,14.37
3.57740,48.31,,14.53
3.57750,48.79,,14.72
3.57760,49.00,,14.53
3.57770,48.73,,14.54
3.57780,47.89,,14.53
3.57790,47.06,,14.37
3.57800,46.69,,14.27
3.57810,46.82,,13.96
3.57820,47.19,,13.85
3.57830,47.78,,14.12
3.57840,48.36,,14.12
3.57850,48.19,,14.35
3.57860,47.95,,14.72
3.57870,48.55,,14.71
3.57880,49.35,,14.72
3.57890,49.80,,14.53
3.57900,50.28,,14.37
3.57910,50.89,,14.01
3.57920,51.54,,14.04
3.57930,52.19,,13.88
3.57940,52.79,,14.18
3.57950,53.33,,14.37
3.57960,53.31,,14.71
3.57970,53.55,,14.90
3.57980,53.60,,14.89
3.57990,53.85,,14.90
3.58000,53.88,,14.71
3.58010,54.24,,14.37
3.58020,54.77,,14.18
3.58030,55.29,,14.04
3.58040,55.72,,14.20
3.58050,55.47,,14.35
3.58060,55.07,,14.54
3.58070,54.83,,14.89
3.58080,54.67,,14.72
3.58090,54.61,,14.71
3.58100,54.44,,14.37
3.58110,54.57,,14.18
3.58120,54.49,,14.04
3.58130,54.30,,14.04
3.58140,54.02,,14.18
3.58150,53.48,,14.37
3.58160,53.14,,14.71
3.58170,52.68,,14.72
3.58180,52.14,,14.89
3.58190,51.85,,14.72
3.58200,51.21,,14.89
3.58210,50.06,,14.72
3.58220,48.50,,14.62
3.58230,47.29,,14.46
3.58240,46.31,,14.54
3.58250,45.90,,14.53
3.58260,45.66,,14.54
3.58270,44.94,,14.71
3.58280,44.09,,14.72
3.58290,43.67,,14.89
3.58300,43.09,,14.72
3.58310,42.68,,14.62
3.58320,42.07,,14.63
3.58330,41.23,,14.37
3.58340,40.37,,14.35
3.58350,39.44,,14.46
3.58360,38.84,,14.62
3.58370,37.99,,14.72
3.58380,36.95,,14.71
3.58390,36.02,,14.72
3.58400,35.01,,14.89
3.58410,33.93,,14.90
3.58420,33.14,,14.71
3.58430,32.55,,14.90
3.58440,32.51,,14.72
3.58450,32.24,,14.71
3.58460,32.24,,14.72
3.58470,32.33,,14.89
3.58480,32.19,,14.90
3.58490,31.99,,15.08
3.58500,31.78,,15.09
3.58510,31.80,,14.89
3.58520,31.70,,14.90
3.58530,31.52,,14.89
3.58540,31.54,,14.72
3.58550,31.64,,14.37
3.58560,31.63,,14.44
3.58570,31.90,,14.46
3.58580,32.34,,14.71
3.58590,32.36,,14.90
3.58600,32.15,,14.89
3.58610,32.02,,14.90
3.58620,32.05,,14.89
3.58630,32.07,,15.00
3.58640,32.29,,15.00
3.58650,32.17,,15.08
3.58660,31.99,,14.90
3.58670,31.74,,14.89
3.58680,31.47,,15.09
3.58690,31.38,,14.89
3.58700,31.42,,15.09
3.58710,31.01,,14.89
3.58720,30.98,,14.90
3.58730,30.71,,14.89
3.58740,31.10,,14.72
3.58750,31.19,,14.72
3.58760,31.21,,14.89
3.58770,31.22,,14.90
3.58780,31.36,,14.89
3.58790,31.41,,14.72
3.58800,31.60,,14.89
3.58810,31.73,,14.72
3.58820,32.00,,14.89
3.58830,32.15,,14.72
3.58840,32.07,,14.90
3.58850,31.93,,14.71
3.58860,31.87,,14.90
3.58870,32.04,,14.89
3.58880,32.23,,14.90
3.58890,32.19,,14.89
3.58900,31.92,,15.09
3.58910,31.56,,15.08
3.58920,31.09,,15.09
3.58930,31.15,,14.89
3.58940,31.09,,15.00
3.58950,31.18,,15.00
3.58960,30.65,,14.89
3.58970,30.60,,15.09
3.58980,30.67,,15.08
3.58990,30.81,,14.90
3.59000,31.09,,15.08
3.59010,31.27,,15.09
3.59020,31.11,,14.98
3.59030,30.64,,15.00
3.59040,30.46,,15.09
3.59050,30.63,,14.89
3.59060,30.80,,14.90
3.59070,31.12,,14.89
3.59080,31.70,,14.81
3.59090,31.87,,14.98
3.59100,32.17,,14.90
3.59110,33.05,,15.08
3.59120,33.51,,15.09
3.59130,34.33,,15.27
3.59140,34.81,,15.28
3.59150,35.39,,15.28
3.59160,35.85,,15.47
3.59170,36.55,,15.48
3.59180,36.91,,15.47
3.59190,37.58,,15.48
3.59200,37.92,,15.27
3.59210,38.70,,15.09
3.59220,39.08,,14.89
3.59230,39.54,,14.90
3.59240,40.49,,14.90
3.59250,40.56,,14.89
3.59260,40.82,,15.09
3.59270,41.39,,15.08
3.59280,42.18,,15.09
3.59290,42.27,,15.27
3.59300,42.78,,15.28
3.59310,43.48,,15.08
3.59320,44.22,,15.28
3.59330,45.18,,15.37
3.59340,45.53,,15.18
3.59350,45.72,,15.18
3.59360,46.17,,15.37
3.59370,45.68,,15.28
3.59380,45.22,,15.47
3.59390,45.20,,15.28
3.59400,45.21,,15.47
3.59410,44.87,,15.28
3.59420,44.78,,15.27
3.59430,44.44,,15.09
3.59440,44.91,,15.09
3.59450,45.12,,15.27
3.59460,45.33,,15.28
3.59470,44.99,,15.27
3.59480,45.28,,15.28
3.59490,45.62,,15.47
3.59500,46.15,,15.28
3.59510,46.30,,15.27
3.59520,45.98,,15.28
3.59530,46.02,,15.27
3.59540,46.67,,15.18
3.59550,46.97,,15.18
3.59560,47.22,,15.27
3.59570,47.20,,15.28
3.59580,46.87,,15.27
3.59590,46.78,,15.48
3.59600,46.89,,15.27
3.59610,47.77,,15.28
3.59620,48.51,,15.27
3.59630,48.50,,15.28
3.59640,48.70,,15.28
3.59650,48.91,,15.47
3.59660,49.71,,15.68
3.59670,49.38,,15.47
3.59680,49.81,,15.28
3.59690,50.15,,15.47
3.59700,50.06,,15.48
3.59710,50.15,,15.47
3.59720,50.17,,15.48
3.59730,50.06,,15.27
3.59740,50.92,,15.48
3.59750,51.20,,15.28
3.59760,51.61,,15.27
3.59770,51.84,,15.28
3.59780,51.95,,15.27
3.59790,52.38,,15.28
3.59800,52.83,,15.27
3.59810,53.68,,15.48
3.59820,54.00,,15.27
3.59830,54.13,,15.48
3.59840,55.09,,15.28
3.59850,55.51,,15.67
3.59860,55.67,,15.48
3.59870,55.81,,15.47
3.59880,56.12,,15.68
3.59890,56.37,,15.47
3.59900,56.19,,15.48
3.59910,56.64,,15.47
3.59920,56.50,,15.48
3.59930,56.42,,15.67
3.59940,56.53,,15.48
3.59950,56.54,,15.48
3.59960,56.89,,15.47
3.59970,57.13,,15.68
3.59980,57.00,,15.47
3.59990,56.81,,15.48
3.60000,57.39,,15.27
3.60010,57.54,,15.28
3.60020,57.87,,15.27
3.60030,58.29,,15.48
3.60040,58.39,,15.28
3.60050,58.64,,15.67
3.60060,58.44,,15.48
3.60070,58.62,,15.88
3.60080,58.65,,15.68
3.60090,58.67,,15.67
3.60100,58.86,,15.68
3.60110,59.11,,15.67
3.60120,59.14,,15.48
3.60130,59.17,,15.67
3.60140,59.18,,15.48
3.60150,58.93,,15.48
3.60160,58.95,,15.88
3.60170,59.01,,15.68
3.60180,59.28,,15.67
3.60190,59.28,,15.68
3.60200,59.52,,15.67
3.60210,59.52,,15.68
3.60220,59.74,,15.47
3.60230,59.79,,15.48
3.60240,59.75,,15.48
3.60250,60.64,,15.47
3.60260,60.83,,15.68
3.60270,60.50,,15.67
3.60280,59.96,,15.68
3.60290,59.92,,15.67
3.60300,59.89,,15.68
3.60310,60.27,,15.67
3.60320,60.80,,15.48
3.60330,61.26,,15.67
3.60340,61.56,,15.48
3.60350,61.53,,15.68
3.60360,61.53,,15.88
3.60370,61.55,,16.10
3.60380,61.08,,16.10
3.60390,60.91,,16.10
3.60400,60.95,,15.88
3.60410,61.30,,15.88
3.60420,61.09,,15.47
3.60430,61.36,,15.68
3.60440,61.22,,15.48
3.60450,60.59,,15.47
3.60460,59.90,,15.68
3.60470,60.31,,15.88
3.60480,60.25,,15.68
3.60490,60.85,,15.67
3.60500,61.13,,15.68
3.60510,61.19,,15.67
3.60520,61.29,,15.68
3.60530,61.39,,15.67
3.60540,61.64,,15.68
3.60550,61.04,,15.88
3.60560,60.67,,15.88
3.60570,60.47,,16.04
3.60580,59.80,,15.94
3.60590,59.60,,16.10
3.60600,59.70,,15.88
3.60610,59.63,,15.88
3.60620,59.45,,15.67
3.60630,59.35,,15.68
3.60640,59.28,,15.68
3.60650,58.97,,15.67
3.60660,58.81,,15.88
3.60670,58.49,,15.88
3.60680,58.14,,16.10
3.60690,57.90,,15.88
3.60700,58.08,,15.68
3.60710,58.11,,15.88
3.60720,57.82,,15.68
3.60730,57.49,,15.67
3.60740,57.14,,15.68
3.60750,56.65,,15.68
3.60760,56.55,,15.88
3.60770,56.82,,15.88
3.60780,57.05,,15.99
3.60790,56.79,,15.99
3.60800,56.50,,15.88
3.60810,56.66,,15.88
3.60820,56.75,,15.88
3.60830,57.03,,15.68
3.60840,57.12,,15.88
3.60850,56.99,,15.88
3.60860,56.06,,16.10
3.60870,55.15,,15.88
3.60880,54.27,,16.10
3.60890,53.68,,16.10
3.60900,52.98,,16.10
3.60910,53.09,,15.88
3.60920,52.96,,15.88
3.60930,52.94,,15.67
3.60940,52.40,,15.68
3.60950,52.83,,15.88
3.60960,52.36,,15.67
3.60970,51.79,,15.88
3.60980,51.55,,16.10
3.60990,51.48,,15.88
3.61000,51.16,,16.10
3.61010,51.24,,16.10
3.61020,51.02,,15.88
3.61030,50.91,,15.88
3.61040,50.70,,15.88
3.61050,50.27,,15.88
3.61060,50.16,,15.88
3.61070,50.06,,16.10
3.61080,49.92,,16.10
3.61090,49.47,,16.10
3.61100,49.17,,16.10
3.61110,48.99,,16.10
3.61120,48.84,,15.88
3.61130,48.67,,16.10
3.61140,48.50,,15.88
3.61150,48.63,,15.88
3.61160,48.84,,15.88
3.61170,48.88,,15.88
3.61180,48.84,,15.88
3.61190,48.93,,15.88
3.61200,48.95,,16.10
3.61210,49.30,,15.88
3.61220,49.36,,16.10
3.61230,48.97,,16.10
3.61240,49.11,,16.10
3.61250,48.95,,16.10
3.61260,48.87,,16.10
3.61270,48.68,,16.10
3.61280,48.62,,16.10
3.61290,48.40,,16.04
3.61300,48.22,,15.94
3.61310,47.83,,16.10
3.61320,47.82,,15.88
3.61330,47.55,,16.10
3.61340,47.37,,16.10
3.61350,47.21,,16.10
3.61360,46.68,,16.10
3.61370,46.38,,16.31
3.61380,45.94,,16.10
3.61390,45.82,,16.10
3.61400,45.54,,15.88
3.61410,45.32,,16.10
3.61420,45.06,,15.88
3.61430,44.71,,16.10
3.61440,44.69,,15.88
3.61450,44.78,,16.10
3.61460,44.94,,15.88
3.61470,45.36,,16.10
3.61480,45.65,,16.10
3.61490,45.40,,16.10
3.61500,45.12,,15.88
3.61510,45.69,,16.10
3.61520,46.16,,16.10
3.61530,46.19,,16.10
3.61540,46.00,,16.10
3.61550,45.97,,16.31
3.61560,45.95,,16.10
3.61570,46.02,,16.31
3.61580,46.94,,16.10
3.61590,46.89,,16.10
3.61600,47.15,,16.32
3.61610,47.52,,16.31
3.61620,48.01,,16.10
3.61630,48.49,,16.10
3.61640,49.39,,16.10
3.61650,49.96,,15.88
3.61660,50.88,,16.10
3.61670,52.11,,15.88
3.61680,53.04,,16.10
3.61690,53.81,,15.88
3.61700,54.88,,16.10
3.61710,55.92,,16.10
3.61720,56.46,,16.10
3.61730,57.14,,15.88
3.61740,57.90,,16.10
3.61750,58.58,,15.88
3.61760,59.38,,16.10
3.61770,59.81,,16.10
3.61780,60.10,,16.10
3.61790,60.43,,16.10
3.61800,60.99,,16.32
3.61810,61.82,,16.10
3.61820,62.48,,16.32
3.61830,63.71,,16.10
3.61840,64.41,,16.10
3.61850,64.79,,15.88
3.61860,64.70,,16.10
3.61870,64.70,,15.94
3.61880,65.13,,16.04
3.61890,65.49,,16.10
3.61900,65.53,,16.10
3.61910,65.82,,15.88
3.61920,66.16,,15.88
3.61930,66.38,,15.67
3.61940,66.57,,15.68
3.61950,66.83,,15.88
3.61960,66.65,,15.67
3.61970,66.49,,15.88
3.61980,66.31,,15.88
3.61990,65.89,,16.10
3.62000,65.63,,16.32
3.62010,65.38,,16.31
3.62020,64.86,,16.32
3.62030,64.59,,16.31
3.62040,63.99,,16.32
3.62050,63.65,,16.10
3.62060,63.34,,16.20
3.62070,62.71,,16.21
3.62080,62.15,,15.94
3.62090,61.47,,16.04
3.62100,60.84,,16.10
3.62110,60.37,,16.10
3.62120,59.55,,15.88
3.62130,58.85,,15.88
3.62140,58.43,,16.10
3.62150,57.71,,15.68
3.62160,57.25,,15.88
3.62170,56.84,,15.88
3.62180,56.33,,15.88
3.62190,55.65,,15.88
3.62200,55.18,,15.88
3.62210,54.92,,16.10
3.62220,54.35,,16.32
3.62230,53.83,,16.31
3.62240,53.43,,16.55
3.62250,52.48,,16.54
3.62260,51.71,,16.54
3.62270,50.99,,16.37
3.62280,50.61,,16.48
3.62290,50.55,,16.49
3.62300,50.17,,16.37
3.62310,49.79,,16.32
3.62320,49.58,,16.31
3.62330,48.91,,16.32
3.62340,48.57,,16.10
3.62350,47.64,,16.10
3.62360,47.49,,16.10
3.62370,47.07,,15.88
3.62380,46.65,,15.88
3.62390,46.23,,15.68
3.62400,45.69,,16.10
3.62410,44.80,,15.88
3.62420,44.15,,16.10
3.62430,44.07,,16.31
3.62440,43.89,,16.15
3.62450,43.81,,16.48
3.62460,43.90,,16.31
3.62470,43.77,,16.32
3.62480,44.07,,16.31
3.62490,44.00,,16.55
3.62500,44.50,,16.31
3.62510,44.58,,16.55
3.62520,44.65,,16.59
3.62530,45.03,,16.49
3.62540,45.14,,16.54
3.62550,45.24,,16.31
3.62560,45.24,,16.43
3.62570,45.14,,16.20
3.62580,45.01,,16.10
3.62590,44.99,,16.10
3.62600,44.97,,16.10
3.62610,44.87,,15.88
3.62620,44.88,,15.88
3.62630,44.77,,16.10
3.62640,44.59,,16.04
3.62650,44.41,,15.94
3.62660,44.17,,16.31
3.62670,44.59,,16.10
3.62680,44.45,,16.31
3.62690,44.35,,16.32
3.62700,44.22,,16.31
3.62710,44.17,,16.32
3.62720,44.30,,16.54
3.62730,44.30,,16.32
3.62740,44.45,,16.31
3.62750,44.53,,16.31
3.62760,44.07,,16.32
3.62770,43.86,,16.31
3.62780,44.79,,16.32
3.62790,43.54,,16.10
3.62800,43.28,,16.32
3.62810,43.12,,16.10
3.62820,42.66,,16.10
3.62830,42.67,,16.10
3.62840,42.58,,15.99
3.62850,42.45,,15.99
3.62860,42.00,,16.10
3.62870,41.57,,15.88
3.62880,41.35,,16.10
3.62890,41.42,,16.10
3.62900,41.69,,16.10
3.62910,42.21,,16.10
3.62920,42.26,,16.10
3.62930,41.87,,16.32
3.62940,41.74,,16.31
3.62950,41.28,,16.31
3.62960,41.21,,16.55
3.62970,40.97,,16.37
3.62980,40.64,,16.49
3.62990,40.52,,16.54
3.63000,40.80,,16.32
3.63010,40.86,,16.31
3.63020,40.35,,16.32
3.63030,40.13,,16.10
3.63040,40.22,,16.10
3.63050,40.23,,16.10
3.63060,40.27,,15.88
3.63070,40.53,,16.10
3.63080,40.33,,15.88
3.63090,40.36,,16.10
3.63100,40.64,,16.10
3.63110,41.20,,16.10
3.63120,41.17,,16.31
3.63130,40.85,,16.32
3.63140,41.03,,16.31
3.63150,41.25,,16.31
3.63160,41.71,,16.32
3.63170,41.61,,16.31
3.63180,42.02,,16.32
3.63190,43.33,,16.31
3.63200,43.23,,16.32
3.63210,42.87,,16.31
3.63220,43.79,,16.32
3.63230,43.27,,16.31
3.63240,43.69,,16.55
3.63250,44.26,,16.31
3.63260,44.77,,16.10
3.63270,45.24,,16.32
3.63280,45.86,,16.31
3.63290,46.56,,16.26
3.63300,47.02,,16.15
3.63310,47.41,,16.32
3.63320,47.60,,16.31
3.63330,47.44,,16.32
3.63340,47.80,,16.31
3.63350,48.20,,16.10
3.63360,48.74,,16.10
3.63370,48.98,,16.31
3.63380,48.85,,16.10
3.63390,48.92,,16.10
3.63400,48.66,,16.32
3.63410,48.69,,16.31
3.63420,48.87,,16.32
3.63430,49.32,,16.54
3.63440,49.64,,16.32
3.63450,49.65,,16.31
3.63460,50.11,,16.31
3.63470,49.90,,16.32
3.63480,50.00,,16.15
3.63490,50.30,,16.26
3.63500,50.86,,16.31
3.63510,50.67,,16.32
3.63520,50.84,,16.31
3.63530,51.08,,16.32
3.63540,50.76,,16.31
3.63550,50.92,,16.31
3.63560,51.37,,16.32
3.63570,51.94,,16.10
3.63580,52.85,,15.88
3.63590,52.86,,15.88
3.63600,53.11,,15.88
3.63610,52.96,,16.10
3.63620,52.79,,16.10
3.63630,52.57,,16.31
3.63640,53.16,,16.10
3.63650,53.49,,16.31
3.63660,53.30,,16.10
3.63670,53.67,,16.32
3.63680,53.79,,16.10
3.63690,53.81,,16.32
3.63700,53.39,,16.10
3.63710,52.94,,16.55
3.63720,52.73,,16.31
3.63730,52.63,,16.55
3.63740,52.49,,16.54
3.63750,52.28,,16.55
3.63760,51.47,,16.31
3.63770,50.63,,16.31
3.63780,49.74,,16.10
3.63790,49.13,,16.10
3.63800,47.87,,15.88
3.63810,46.91,,15.68
3.63820,46.06,,15.88
3.63830,45.41,,15.88
3.63840,44.44,,15.88
3.63850,43.32,,16.10
3.63860,42.85,,15.88
3.63870,42.49,,16.10
3.63880,41.96,,16.10
3.63890,41.63,,16.32
3.63900,41.34,,16.10
3.63910,40.91,,16.10
3.63920,40.28,,16.31
3.63930,40.49,,16.55
3.63940,40.65,,16.54
3.63950,40.14,,16.55
3.63960,39.82,,16.54
3.63970,40.19,,16.65
3.63980,39.91,,16.43
3.63990,40.23,,16.54
3.64000,40.31,,16.10
3.64010,40.12,,16.10
3.64020,39.82,,16.10
3.64030,39.52,,15.88
3.64040,38.21,,16.10
3.64050,38.20,,16.10
3.64060,37.64,,15.88
3.64070,37.33,,16.10
3.64080,37.33,,16.10
3.64090,37.06,,15.88
3.64100,37.04,,15.88
3.64110,36.67,,16.10
3.64120,36.67,,16.10
3.64130,36.35,,16.10
3.64140,36.12,,16.31
3.64150,36.06,,16.32
3.64160,35.69,,16.54
3.64170,35.02,,16.54
3.64180,34.32,,16.55
3.64190,33.93,,16.54
3.64200,33.99,,16.32
3.64210,34.19,,16.31
3.64220,34.51,,16.10
3.64230,34.23,,16.10
3.64240,34.25,,16.32
3.64250,34.12,,16.10
3.64260,34.15,,16.31
3.64270,34.76,,16.32
3.64280,34.45,,16.31
3.64290,33.93,,16.10
3.64300,34.19,,16.10
3.64310,33.95,,16.10
3.64320,34.34,,15.88
3.64330,33.97,,15.88
3.64340,33.92,,15.88
3.64350,34.10,,16.10
3.64360,33.93,,15.88
3.64370,33.68,,16.31
3.64380,33.65,,16.32
3.64390,33.25,,16.31
3.64400,33.08,,16.32
3.64410,32.69,,16.31
3.64420,32.48,,16.43
3.64430,31.86,,16.26
3.64440,30.99,,16.26
3.64450,30.80,,16.10
3.64460,30.20,,16.10
3.64470,29.79,,16.10
3.64480,29.27,,16.10
3.64490,28.86,,16.10
3.64500,28.33,,16.31
3.64510,27.95,,16.10
3.64520,27.54,,16.10
3.64530,26.76,,16.10
3.64540,26.00,,15.88
3.64550,25.71,,15.88
3.64560,25.13,,15.88
3.64570,24.92,,15.88
3.64580,24.85,,15.88
3.64590,24.72,,15.88
3.64600,24.53,,16.10
3.64610,24.71,,16.10
3.64620,24.07,,16.32
3.64630,24.56,,16.31
3.64640,23.86,,16.32
3.64650,23.47,,16.31
3.64660,23.57,,16.10
3.64670,23.66,,16.10
3.64680,23.78,,16.31
3.64690,23.55,,16.32
3.64700,23.05,,16.31
3.64710,22.76,,16.32
3.64720,22.69,,16.31
3.64730,22.38,,16.32
3.64740,21.66,,16.31
3.64750,22.35,,16.10
3.64760,21.04,,15.88
3.64770,20.71,,15.88
3.64780,21.06,,15.67
3.64790,21.43,,15.88
3.64800,21.70,,15.88
3.64810,22.30,,15.88
3.64820,22.95,,15.88
3.64830,23.24,,16.10
3.64840,23.53,,16.10
3.64850,24.00,,16.15
3.64860,24.27,,16.26
3.64870,24.89,,16.10
3.64880,25.19,,16.20
3.64890,25.63,,16.21
3.64900,26.55,,16.10
3.64910,27.05,,16.10
3.64920,27.11,,16.20
3.64930,27.69,,16.21
3.64940,28.10,,16.54
3.64950,28.64,,16.32
3.64960,29.38,,16.31
3.64970,30.26,,16.31
3.64980,31.08,,16.10
3.64990,31.81,,15.88
3.65000,31.53,,15.88
3.65010,32.03,,15.68
3.65020,32.40,,15.67
3.65030,32.87,,15.88
3.65040,33.09,,15.88
3.65050,33.56,,15.88
3.65060,34.30,,15.88
3.65070,34.27,,16.10
3.65080,34.23,,16.10
3.65090,34.33,,16.10
3.65100,34.48,,16.10
3.65110,34.13,,16.32
3.65120,33.66,,16.10
3.65130,33.74,,16.32
3.65140,33.88,,16.10
3.65150,33.48,,16.10
3.65160,33.01,,16.10
3.65170,33.02,,16.10
3.65180,32.59,,16.10
3.65190,32.04,,15.88
3.65200,31.76,,15.88
3.65210,31.61,,15.88
3.65220,31.88,,15.67
3.65230,31.89,,15.88
3.65240,31.78,,15.67
3.65250,31.77,,15.88
3.65260,31.77,,15.88
3.65270,31.77,,15.88
3.65280,31.88,,16.10
3.65290,31.88,,15.88
3.65300,32.14,,16.10
3.65310,32.18,,15.88
3.65320,32.48,,16.10
3.65330,33.05,,15.88
3.65340,33.79,,15.88
3.65350,34.13,,15.88
3.65360,34.52,,16.10
3.65370,34.38,,16.10
3.65380,34.76,,16.32
3.65390,35.11,,16.31
3.65400,35.37,,16.32
3.65410,35.44,,16.31
3.65420,35.56,,16.10
3.65430,35.49,,16.10
3.65440,35.56,,15.88
3.65450,35.88,,15.68
3.65460,36.02,,15.68
3.65470,36.39,,15.67
3.65480,36.59,,15.48
3.65490,36.62,,15.88
3.65500,36.44,,15.88
3.65510,36.03,,15.88
3.65520,36.32,,15.88
3.65530,36.53,,15.88
3.65540,36.92,,16.10
3.65550,37.29,,15.88
3.65560,37.44,,15.68
3.65570,37.58,,15.88
3.65580,37.80,,15.88
3.65590,38.20,,16.10
3.65600,38.40,,16.10
3.65610,38.92,,16.31
3.65620,39.57,,16.32
3.65630,39.96,,16.31
3.65640,40.47,,16.10
3.65650,40.81,,16.10
3.65660,41.57,,16.10
3.65670,42.15,,15.67
3.65680,42.45,,15.68
3.65690,42.98,,15.67
3.65700,43.19,,15.68
3.65710,43.38,,15.88
3.65720,43.61,,15.68
3.65730,44.08,,15.88
3.65740,44.66,,15.68
3.65750,45.58,,15.67
3.65760,46.48,,15.68
3.65770,46.76,,15.68
3.65780,46.99,,15.88
3.65790,47.42,,15.68
3.65800,48.01,,15.88
3.65810,48.16,,15.88
3.65820,48.37,,16.10
3.65830,48.44,,15.88
3.65840,48.61,,15.88
3.65850,48.77,,15.68
3.65860,48.98,,15.88
3.65870,49.02,,15.67
3.65880,49.02,,15.68
3.65890,49.12,,15.67
3.65900,48.92,,15.68
3.65910,48.73,,15.67
3.65920,48.79,,15.68
3.65930,49.05,,15.67
3.65940,49.27,,15.48
3.65950,49.40,,15.67
3.65960,49.74,,15.68
3.65970,50.17,,15.48
3.65980,50.75,,15.47
3.65990,51.08,,15.48
3.66000,51.14,,15.67
3.66010,51.48,,15.68
3.66020,51.94,,15.47
3.66030,52.24,,15.88
3.66040,52.44,,15.67
3.66050,52.57,,15.48
3.66060,52.83,,15.48
3.66070,52.69,,15.47
3.66080,52.71,,15.48
3.66090,52.62,,15.47
3.66100,52.50,,15.68
3.66110,52.07,,15.67
3.66120,51.81,,15.68
3.66130,51.41,,15.67
3.66140,51.28,,15.68
3.66150,51.24,,15.47
3.66160,51.51,,15.48
3.66170,51.85,,15.28
3.66180,51.90,,15.27
3.66190,51.29,,15.28
3.66200,50.17,,15.27
3.66210,48.96,,15.28
3.66220,47.97,,15.27
3.66230,47.47,,15.09
3.66240,46.77,,15.08
3.66250,46.16,,15.09
3.66260,45.83,,15.09
3.66270,45.51,,15.08
3.66280,45.18,,15.28
3.66290,44.88,,15.27
3.66300,44.30,,15.48
3.66310,43.83,,15.67
3.66320,43.43,,15.68
3.66330,43.04,,15.88
3.66340,42.48,,15.88
3.66350,42.61,,15.67
3.66360,42.27,,15.68
3.66370,42.27,,15.28
3.66380,42.47,,15.27
3.66390,43.03,,15.09
3.66400,43.17,,15.08
3.66410,43.08,,14.90
3.66420,43.52,,15.08
3.66430,43.84,,15.09
3.66440,44.68,,15.08
3.66450,44.96,,15.09
3.66460,45.35,,14.89
3.66470,45.74,,14.90
3.66480,46.23,,14.90
3.66490,46.32,,14.71
3.66500,46.24,,14.90
3.66510,46.62,,14.89
3.66520,46.76,,15.09
3.66530,47.14,,15.08
3.66540,47.27,,15.09
3.66550,47.50,,15.27
3.66560,47.50,,15.09
3.66570,47.08,,15.28
3.66580,46.89,,15.08
3.66590,47.12,,15.09
3.66600,47.34,,15.08
3.66610,46.59,,15.09
3.66620,46.46,,14.89
3.66630,46.25,,14.90
3.66640,46.13,,14.89
3.66650,46.14,,14.72
3.66660,46.12,,14.89
3.66670,45.79,,14.90
3.66680,45.26,,14.90
3.66690,44.73,,14.71
3.66700,44.87,,14.63
3.66710,45.10,,14.62
3.66720,45.09,,14.37
3.66730,45.42,,14.53
3.66740,45.56,,14.54
3.66750,45.08,,14.53
3.66760,44.88,,14.54
3.66770,45.04,,14.54
3.66780,45.07,,14.62
3.66790,43.99,,14.81
3.66800,42.95,,14.71
3.66810,42.01,,14.72
3.66820,41.62,,14.71
3.66830,41.28,,14.72
3.66840,40.00,,14.71
3.66850,39.34,,14.72
3.66860,38.88,,14.53
3.66870,38.83,,14.37
3.66880,38.58,,14.54
3.66890,38.76,,14.35
3.66900,38.87,,14.54
3.66910,38.95,,14.35
3.66920,39.07,,14.37
3.66930,38.85,,14.27
3.66940,38.86,,14.29
3.66950,38.17,,14.18
3.66960,37.92,,14.20
3.66970,38.13,,14.04
3.66980,37.56,,14.01
3.66990,37.19,,14.20
3.67000,36.47,,14.18
3.67010,35.98,,14.37
3.67020,35.81,,14.53
3.67030,35.31,,14.72
3.67040,34.50,,14.53
3.67050,34.36,,14.54
3.67060,34.03,,14.53
3.67070,33.86,,14.54
3.67080,33.16,,14.37
3.67090,31.99,,14.18
3.67100,30.38,,14.12
3.67110,29.40,,13.77
3.67120,30.75,,13.56
3.67130,31.82,,13.46
3.67140,32.02,,13.64
3.67150,32.20,,13.69
3.67160,32.29,,13.88
3.67170,32.71,,14.37
3.67180,32.81,,14.53
3.67190,32.97,,14.37
3.67200,32.59,,14.10
3.67210,32.46,,13.64
3.67220,32.79,,13.54
3.67230,33.03,,13.41
3.67240,32.83,,13.54
3.67250,32.09,,13.88
3.67260,32.00,,14.18
3.67270,31.87,,14.54
3.67280,31.22,,14.54
3.67290,30.94,,14.53
3.67300,30.96,,14.20
3.67310,31.57,,13.77
3.67320,31.56,,13.34
3.67330,31.86,,13.24
3.67340,32.05,,13.12
3.67350,32.52,,13.39
3.67360,33.09,,13.72
3.67370,33.48,,13.88
3.67380,33.37,,14.01
3.67390,33.62,,13.96
3.67400,33.65,,13.61
3.67410,33.57,,13.27
3.67420,34.01,,13.09
3.67430,34.49,,12.98
3.67440,34.55,,12.95
3.67450,34.16,,13.12
3.67460,34.13,,13.54
3.67470,34.27,,13.56
3.67480,34.64,,13.72
3.67490,34.85,,13.69
3.67500,34.47,,13.64
3.67510,34.79,,13.31
3.67520,34.86,,13.27
3.67530,35.99,,13.24
3.67540,36.07,,13.41
3.67550,35.40,,13.39
3.67560,34.96,,13.56
3.67570,35.65,,13.27
3.67580,35.95,,12.95
3.67590,36.09,,12.84
3.67600,36.83,,12.67
3.67610,36.73,,12.57
3.67620,37.09,,12.88
3.67630,37.91,,13.19
3.67640,37.88,,13.24
3.67650,37.81,,13.19
3.67660,38.81,,13.31
3.67670,39.71,,13.12
3.67680,39.54,,12.98
3.67690,39.17,,12.81
3.67700,39.40,,12.98
3.67710,40.19,,12.95
3.67720,40.26,,12.98
3.67730,40.21,,13.09
3.67740,40.62,,12.98
3.67750,41.04,,13.02
3.67760,41.68,,12.98
3.67770,41.95,,12.91
3.67780,42.06,,12.88
3.67790,42.58,,12.77
3.67800,43.11,,12.81
3.67810,43.52,,12.77
3.67820,42.95,,12.61
3.67830,43.26,,12.38
3.67840,44.53,,12.22
3.67850,45.39,,12.44
3.67860,45.85,,12.54
3.67870,46.30,,12.57
3.67880,46.38,,12.71
3.67890,46.87,,12.54
3.67900,47.45,,12.51
3.67910,47.68,,12.22
3.67920,47.97,,12.38
3.67930,48.22,,12.41
3.67940,48.93,,12.38
3.67950,49.09,,12.61
3.67960,49.55,,12.77
3.67970,49.58,,12.84
3.67980,49.40,,12.74
3.67990,49.69,,12.57
3.68000,50.03,,12.41
3.68010,50.45,,12.13
3.68020,50.92,,12.09
3.68030,51.44,,12.01
3.68040,51.37,,12.22
3.68050,51.19,,12.26
3.68060,50.94,,12.34
3.68070,50.97,,12.19
3.68080,51.03,,12.01
3.68090,51.09,,12.03
3.68100,50.89,,12.01
3.68110,51.40,,12.03
3.68120,52.10,,12.01
3.68130,52.62,,12.22
3.68140,52.94,,12.19
3.68150,52.30,,12.22
3.68160,52.14,,12.32
3.68170,51.83,,12.26
3.68180,51.79,,12.22
3.68190,52.04,,12.19
3.68200,52.21,,11.85
3.68210,52.64,,12.01
3.68220,52.98,,12.03
3.68230,53.71,,12.19
3.68240,53.32,,12.28
3.68250,52.85,,12.32
3.68260,52.64,,12.03
3.68270,52.54,,12.07
3.68280,53.11,,11.78
3.68290,53.26,,11.68
3.68300,53.64,,11.83
3.68310,53.84,,11.85
3.68320,53.99,,12.07
3.68330,54.03,,12.16
3.68340,54.15,,12.38
3.68350,54.44,,12.09
3.68360,54.58,,12.07
3.68370,54.53,,11.72
3.68380,55.23,,11.85
3.68390,55.79,,11.83
3.68400,56.16,,12.03
3.68410,56.38,,12.01
3.68420,56.19,,12.03
3.68430,55.89,,12.07
3.68440,56.32,,11.97
3.68450,56.36,,11.83
3.68460,56.65,,11.74
3.68470,57.24,,11.78
3.68480,57.70,,11.83
3.68490,58.33,,11.85
3.68500,58.94,,12.19
3.68510,59.37,,12.03
3.68520,59.10,,12.01
3.68530,59.30,,11.74
3.68540,60.18,,11.61
3.68550,60.75,,11.51
3.68560,60.77,,11.78
3.68570,61.00,,11.83
3.68580,60.43,,11.91
3.68590,59.62,,12.07
3.68600,59.74,,11.97
3.68610,59.88,,11.66
3.68620,59.60,,11.35
3.68630,59.91,,11.39
3.68640,59.61,,11.45
3.68650,59.67,,11.72
3.68660,58.74,,11.97
3.68670,58.22,,12.01
3.68680,57.91,,12.19
3.68690,57.94,,12.03
3.68700,57.32,,11.66
3.68710,57.13,,11.51
3.68720,56.71,,11.50
3.68730,56.79,,11.57
3.68740,56.07,,11.78
3.68750,55.30,,12.03
3.68760,54.33,,11.83
3.68770,54.14,,11.66
3.68780,53.10,,11.35
3.68790,52.51,,11.28
3.68800,52.29,,11.40
3.68810,51.91,,11.66
3.68820,50.86,,11.85
3.68830,50.26,,12.01
3.68840,49.39,,12.03
3.68850,48.63,,11.95
3.68860,48.32,,11.74
3.68870,47.34,,11.55
3.68880,46.69,,11.61
3.68890,46.26,,11.68
3.68900,45.35,,11.83
3.68910,44.69,,11.85
3.68920,44.45,,11.78
3.68930,44.23,,11.57
3.68940,43.40,,11.50
3.68950,43.23,,11.68
3.68960,43.28,,11.72
3.68970,43.14,,11.83
3.68980,42.76,,11.97
3.68990,42.98,,11.83
3.69000,43.11,,11.85
3.69010,42.69,,11.72
3.69020,43.01,,11.62
3.69030,42.85,,11.50
3.69040,42.59,,11.51
3.69050,43.44,,11.66
3.69060,43.77,,11.85
3.69070,44.38,,12.01
3.69080,44.53,,12.01
3.69090,44.53,,11.85
3.69100,44.33,,11.50
3.69110,44.55,,11.40
3.69120,45.19,,11.28
3.69130,45.27,,11.45
3.69140,45.59,,11.39
3.69150,45.97,,11.68
3.69160,46.28,,11.95
3.69170,46.52,,11.91
3.69180,46.77,,12.01
3.69190,46.37,,11.83
3.69200,46.59,,11.51
3.69210,47.02,,11.33
3.69220,47.68,,11.40
3.69230,48.04,,11.44
3.69240,47.61,,11.68
3.69250,48.48,,11.66
3.69260,48.49,,11.68
3.69270,48.53,,11.66
3.69280,48.76,,11.50
3.69290,49.29,,11.51
3.69300,49.54,,11.50
3.69310,49.59,,11.35
3.69320,49.40,,11.33
3.69330,49.93,,11.51
3.69340,50.57,,11.39
3.69350,50.97,,11.45
3.69360,51.48,,11.61
3.69370,51.85,,11.57
3.69380,52.22,,11.66
3.69390,52.49,,11.66
3.69400,53.00,,11.68
3.69410,54.35,,11.50
3.69420,54.55,,11.35
3.69430,55.01,,11.39
3.69440,55.39,,11.45
3.69450,55.93,,11.61
3.69460,56.51,,11.57
3.69470,57.16,,11.61
3.69480,57.75,,11.55
3.69490,58.25,,11.62
3.69500,58.65,,11.72
3.69510,59.25,,11.51
3.69520,59.38,,11.50
3.69530,59.61,,11.51
3.69540,60.01,,11.33
3.69550,60.40,,11.51
3.69560,60.87,,11.50
3.69570,61.24,,11.51
3.69580,61.81,,11.50
3.69590,62.04,,11.50
3.69600,62.14,,11.68
3.69610,62.86,,11.78
3.69620,63.27,,11.74
3.69630,63.38,,11.66
3.69640,63.38,,11.68
3.69650,63.87,,11.61
3.69660,64.53,,11.57
3.69670,65.61,,11.50
3.69680,66.46,,11.50
3.69690,67.45,,11.68
3.69700,67.46,,11.95
3.69710,67.66,,11.79
3.69720,67.91,,11.61
3.69730,68.33,,11.51
3.69740,68.81,,11.33
3.69750,69.82,,11.51
3.69760,70.21,,11.66
3.69770,70.61,,11.68
3.69780,70.86,,11.83
3.69790,71.23,,11.83
3.69800,71.37,,11.79
3.69810,71.42,,11.55
3.69820,71.67,,11.51
3.69830,71.87,,11.33
3.69840,72.57,,11.51
3.69850,72.83,,11.83
3.69860,72.62,,11.85
3.69870,72.66,,12.01
3.69880,72.40,,11.66
3.69890,72.49,,11.68
3.69900,72.58,,11.50
3.69910,73.42,,11.51
3.69920,73.64,,11.50
3.69930,74.01,,11.68
3.69940,74.59,,11.95
3.69950,75.56,,11.91
3.69960,75.49,,12.01
3.69970,74.56,,11.74
3.69980,73.35,,11.61
3.69990,72.73,,11.50
3.70000,72.69,,11.51
3.70010,72.16,,11.50
3.70020,71.36,,11.68
3.70030,70.62,,11.83
3.70040,69.81,,11.97
3.70050,69.19,,11.72
3.70060,68.93,,11.68
3.70070,68.52,,11.83
3.70080,67.96,,11.66
3.70090,67.36,,11.68
3.70100,66.69,,11.78
3.70110,66.21,,11.74
3.70120,66.33,,11.78
3.70130,66.32,,11.91
3.70140,66.02,,11.83
3.70150,65.64,,12.03
3.70160,65.37,,11.95
3.70170,64.73,,11.79
3.70180,64.23,,11.83
3.70190,64.08,,11.83
3.70200,63.72,,11.91
3.70210,63.21,,11.83
3.70220,62.55,,11.91
3.70230,61.71,,11.83
3.70240,61.29,,11.68
3.70250,60.73,,12.01
3.70260,59.88,,12.03
3.70270,58.81,,12.01
3.70280,57.22,,11.83
3.70290,56.15,,11.85
3.70300,55.53,,11.83
3.70310,55.05,,12.03
3.70320,53.67,,12.13
3.70330,52.22,,12.09
3.70340,51.20,,12.01
3.70350,50.86,,11.91
3.70360,50.43,,12.07
3.70370,49.70,,12.09
3.70380,48.82,,12.01
3.70390,47.79,,12.07
3.70400,47.71,,11.97
3.70410,47.20,,12.01
3.70420,46.82,,12.22
3.70430,47.06,,12.01
3.70440,47.19,,12.03
3.70450,47.32,,12.19
3.70460,47.25,,12.16
3.70470,46.74,,12.26
3.70480,46.19,,12.38
3.70490,45.45,,12.22
3.70500,44.75,,12.13
3.70510,44.38,,12.09
3.70520,44.36,,12.01
3.70530,43.94,,12.03
3.70540,43.86,,11.72
3.70550,44.64,,11.97
3.70560,45.36,,12.19
3.70570,45.29,,12.22
3.70580,45.05,,12.38
3.70590,44.76,,12.57
3.70600,44.68,,12.61
3.70610,44.53,,12.38
3.70620,44.47,,12.03
3.70630,44.90,,12.01
3.70640,45.13,,11.85
3.70650,45.37,,12.19
3.70660,45.27,,12.41
3.70670,44.76,,12.57
3.70680,43.96,,12.38
3.70690,43.54,,12.22
3.70700,43.75,,12.19
3.70710,43.73,,11.85
3.70720,44.04,,11.83
3.70730,44.47,,12.03
3.70740,44.87,,12.19
3.70750,44.81,,12.61
3.70760,44.67,,12.77
3.70770,44.68,,12.61
3.70780,44.46,,12.19
3.70790,44.86,,12.01
3.70800,45.58,,11.79
3.70810,45.86,,12.07
3.70820,45.55,,12.22
3.70830,44.67,,12.38
3.70840,44.35,,12.61
3.70850,44.92,,12.64
3.70860,45.02,,12.54
3.70870,45.25,,12.38
3.70880,45.56,,12.19
3.70890,45.72,,12.03
3.70900,46.01,,12.19
3.70910,46.11,,12.22
3.70920,46.29,,12.57
3.70930,46.27,,12.54
3.70940,46.43,,12.44
3.70950,46.79,,12.22
3.70960,46.94,,12.19
3.70970,47.24,,12.22
3.70980,47.92,,12.38
3.70990,48.38,,12.51
3.71000,48.56,,12.67
3.71010,48.93,,12.71
3.71020,49.12,,12.67
3.71030,49.11,,12.57
3.71040,49.07,,12.28
3.71050,49.75,,12.32
3.71060,50.38,,12.22
3.71070,51.00,,12.38
3.71080,51.60,,12.57
3.71090,52.24,,12.81
3.71100,52.92,,12.77
3.71110,53.16,,12.74
3.71120,53.53,,12.64
3.71130,53.67,,12.41
3.71140,53.91,,12.38
3.71150,54.97,,12.28
3.71160,55.73,,12.44
3.71170,56.75,,12.47
3.71180,57.23,,12.57
3.71190,57.64,,12.77
3.71200,58.19,,12.67
3.71210,58.63,,12.71
3.71220,59.12,,12.61
3.71230,59.84,,12.38
3.71240,60.88,,12.41
3.71250,61.80,,12.57
3.71260,62.43,,12.67
3.71270,62.58,,12.84
3.71280,62.09,,12.84
3.71290,62.06,,12.61
3.71300,62.25,,12.64
3.71310,62.43,,12.54
3.71320,62.86,,12.44
3.71330,62.96,,12.41
3.71340,63.47,,12.57
3.71350,63.82,,12.74
3.71360,63.84,,12.77
3.71370,64.00,,13.09
3.71380,64.40,,12.91
3.71390,64.40,,12.64
3.71400,64.73,,12.67
3.71410,65.24,,12.57
3.71420,65.43,,12.67
3.71430,64.70,,12.77
3.71440,64.30,,12.81
3.71450,64.43,,12.64
3.71460,64.60,,12.54
3.71470,64.26,,12.71
3.71480,63.89,,12.64
3.71490,63.60,,12.74
3.71500,63.32,,12.71
3.71510,63.27,,12.74
3.71520,63.47,,12.77
3.71530,63.56,,12.81
3.71540,63.58,,12.84
3.71550,63.59,,12.95
3.71560,63.20,,12.98
3.71570,62.85,,12.95
3.71580,62.51,,12.84
3.71590,62.12,,12.84
3.71600,61.80,,12.95
3.71610,61.05,,12.84
3.71620,60.64,,12.74
3.71630,60.63,,12.77
3.71640,60.61,,12.81
3.71650,60.56,,12.77
3.71660,60.69,,13.02
3.71670,60.40,,12.98
3.71680,60.22,,12.98
3.71690,59.96,,12.95
3.71700,59.47,,12.98
3.71710,59.29,,12.95
3.71720,59.19,,12.91
3.71730,58.98,,13.02
3.71740,58.62,,12.84
3.71750,57.97,,12.95
3.71760,57.23,,13.19
3.71770,56.69,,13.02
3.71780,56.24,,12.98
3.71790,55.56,,12.98
3.71800,54.95,,12.95
3.71810,54.18,,13.05
3.71820,52.81,,13.02
3.71830,51.66,,13.12
3.71840,51.13,,12.95
3.71850,50.85,,13.12
3.71860,50.72,,13.02
3.71870,50.45,,13.05
3.71880,49.92,,13.24
3.71890,49.35,,13.12
3.71900,48.78,,13.19
3.71910,47.80,,13.02
3.71920,47.58,,13.12
3.71930,47.76,,13.09
3.71940,48.09,,12.98
3.71950,48.68,,12.95
3.71960,49.02,,13.05
3.71970,49.09,,13.02
3.71980,49.46,,13.19
3.71990,49.56,,13.19
3.72000,49.62,,13.24
3.72010,49.66,,13.12
3.72020,49.82,,13.09
3.72030,49.54,,13.27
3.72040,49.01,,13.39
3.72050,48.65,,13.41
3.72060,48.25,,13.09
3.72070,48.29,,12.98
3.72080,49.32,,12.95
3.72090,50.67,,12.98
3.72100,51.30,,13.19
3.72110,52.45,,13.31
3.72120,53.23,,13.34
3.72130,53.49,,13.31
3.72140,53.90,,13.27
3.72150,54.00,,13.24
3.72160,53.85,,13.12
3.72170,54.12,,12.95
3.72180,54.03,,12.98
3.72190,53.90,,12.98
3.72200,53.94,,13.24
3.72210,54.18,,13.27
3.72220,54.26,,13.39
3.72230,54.59,,13.41
3.72240,54.52,,13.24
3.72250,54.45,,13.27
3.72260,54.23,,13.24
3.72270,54.50,,13.27
3.72280,54.77,,13.31
3.72290,55.14,,13.19
3.72300,55.61,,13.19
3.72310,56.37,,13.24
3.72320,56.87,,13.34
3.72330,57.58,,13.39
3.72340,58.15,,13.34
3.72350,58.39,,13.31
3.72360,58.52,,13.27
3.72370,58.85,,13.31
3.72380,59.00,,13.19
3.72390,59.34,,13.27
3.72400,59.60,,13.16
3.72410,59.89,,13.19
3.72420,60.48,,13.24
3.72430,60.67,,13.41
3.72440,60.90,,13.46
3.72450,61.07,,13.49
3.72460,61.18,,13.54
3.72470,61.10,,13.41
3.72480,60.78,,13.39
3.72490,60.38,,13.34
3.72500,60.03,,13.41
3.72510,59.90,,13.31
3.72520,59.39,,13.34
3.72530,59.34,,13.46
3.72540,58.79,,13.56
3.72550,58.15,,13.54
3.72560,56.88,,13.56
3.72570,55.88,,13.39
3.72580,55.52,,13.41
3.72590,54.73,,13.56
3.72600,53.87,,13.46
3.72610,53.50,,13.64
3.72620,52.20,,13.54
3.72630,51.73,,13.56
3.72640,52.34,,13.46
3.72650,52.86,,13.34
3.72660,53.62,,13.31
3.72670,53.39,,13.41
3.72680,53.20,,13.61
3.72690,52.84,,13.72
3.72700,52.48,,13.88
3.72710,52.02,,13.69
3.72720,51.86,,13.64
3.72730,51.93,,13.46
3.72740,51.35,,13.41
3.72750,51.03,,13.54
3.72760,50.49,,13.72
3.72770,49.46,,13.77
3.72780,48.47,,13.80
3.72790,48.30,,13.88
3.72800,47.97,,13.85
3.72810,47.40,,13.80
3.72820,47.03,,13.77
3.72830,46.70,,13.56
3.72840,46.94,,13.24
3.72850,47.65,,13.41
3.72860,47.31,,13.54
3.72870,46.57,,13.80
3.72880,45.13,,13.93
3.72890,44.25,,13.88
3.72900,44.21,,13.64
3.72910,44.41,,13.61
3.72920,44.53,,13.49
3.72930,44.29,,13.61
3.72940,44.28,,13.56
3.72950,44.78,,13.69
3.72960,45.18,,13.80
3.72970,45.72,,13.93
3.72980,45.53,,14.04
3.72990,45.59,,13.96
3.73000,45.87,,13.93
3.73010,46.18,,13.72
3.73020,46.40,,13.61
3.73030,46.47,,13.64
3.73040,46.36,,13.69
3.73050,46.13,,13.88
3.73060,45.99,,14.01
3.73070,45.34,,13.88
3.73080,44.62,,13.69
3.73090,44.57,,13.56
3.73100,44.76,,13.56
3.73110,44.52,,13.31
3.73120,44.12,,13.49
3.73130,43.41,,13.61
3.73140,42.15,,13.80
3.73150,41.11,,13.85
3.73160,40.50,,13.88
3.73170,39.60,,13.85
3.73180,38.98,,13.88
3.73190,38.42,,13.88
3.73200,37.67,,13.85
3.73210,36.72,,13.72
3.73220,36.45,,13.93
3.73230,35.22,,14.12
3.73240,33.31,,14.18
3.73250,32.86,,14.20
3.73260,32.24,,14.01
3.73270,31.71,,13.72
3.73280,31.14,,13.69
3.73290,31.41,,13.41
3.73300,32.25,,13.41
3.73310,33.78,,13.54
3.73320,35.86,,13.72
3.73330,37.64,,13.77
3.73340,40.40,,13.96
3.73350,41.97,,14.01
3.73360,42.78,,14.20
3.73370,42.63,,14.18
3.73380,43.14,,14.12
3.73390,43.55,,13.88
3.73400,44.19,,13.69
3.73410,44.66,,13.64
3.73420,44.60,,13.85
3.73430,44.85,,14.04
3.73440,45.10,,14.10
3.73450,45.52,,14.12
3.73460,45.86,,14.18
3.73470,46.18,,14.04
3.73480,46.57,,13.85
3.73490,46.46,,13.88
3.73500,46.91,,13.72
3.73510,47.69,,13.54
3.73520,48.54,,13.56
3.73530,48.83,,13.54
3.73540,48.87,,13.88
3.73550,49.02,,13.93
3.73560,49.35,,14.12
3.73570,49.51,,13.93
3.73580,50.28,,13.96
3.73590,50.91,,13.88
3.73600,50.89,,13.69
3.73610,50.98,,13.72
3.73620,51.37,,13.69
3.73630,51.17,,13.72
3.73640,51.50,,13.69
3.73650,52.16,,13.88
3.73660,52.32,,13.93
3.73670,51.95,,14.12
3.73680,51.77,,13.93
3.73690,51.83,,13.96
3.73700,51.73,,13.88
3.73710,51.83,,13.85
3.73720,51.63,,13.56
3.73730,51.86,,13.69
3.73740,52.13,,13.72
3.73750,52.38,,13.69
3.73760,52.80,,13.88
3.73770,53.41,,13.93
3.73780,53.41,,13.96
3.73790,53.56,,13.88
3.73800,53.79,,13.85
3.73810,53.78,,13.72
3.73820,53.68,,13.69
3.73830,53.60,,13.56
3.73840,53.35,,13.69
3.73850,53.80,,13.64
3.73860,53.69,,13.77
3.73870,53.63,,13.88
3.73880,53.58,,14.01
3.73890,53.14,,14.04
3.73900,52.73,,14.04
3.73910,52.75,,13.85
3.73920,52.69,,13.72
3.73930,52.67,,13.69
3.73940,52.44,,13.72
3.73950,52.34,,13.69
3.73960,52.04,,13.88
3.73970,51.57,,13.85
3.73980,51.60,,13.88
3.73990,51.94,,13.88
3.74000,52.01,,13.85
3.74010,52.20,,13.88
3.74020,51.78,,13.77
3.74030,51.27,,13.64
3.74040,51.28,,13.69
3.74050,51.77,,13.64
3.74060,52.27,,13.69
3.74070,52.57,,13.80
3.74080,52.43,,13.77
3.74090,52.30,,13.96
3.74100,52.48,,14.04
3.74110,52.45,,13.93
3.74120,52.68,,13.88
3.74130,52.86,,13.77
3.74140,52.97,,13.72
3.74150,52.85,,13.54
3.74160,53.06,,13.88
3.74170,53.21,,13.69
3.74180,53.70,,13.88
3.74190,54.07,,13.88
3.74200,54.30,,13.85
3.74210,54.65,,13.72
3.74220,54.57,,13.93
3.74230,54.41,,13.80
3.74240,53.63,,13.85
3.74250,53.24,,13.88
3.74260,52.79,,13.85
3.74270,52.95,,13.72
3.74280,53.11,,13.61
3.74290,53.49,,13.64
3.74300,53.76,,13.56
3.74310,53.72,,13.85
3.74320,53.18,,13.80
3.74330,52.23,,13.93
3.74340,51.84,,13.72
3.74350,52.16,,13.85
3.74360,51.15,,13.56
3.74370,50.32,,13.69
3.74380,49.71,,13.56
3.74390,49.61,,13.72
3.74400,50.07,,13.54
3.74410,51.05,,13.72
3.74420,52.42,,13.85
3.74430,52.96,,13.88
3.74440,52.72,,14.01
3.74450,52.50,,14.04
3.74460,52.24,,14.01
3.74470,52.24,,13.80
3.74480,52.52,,13.61
3.74490,52.70,,13.56
3.74500,52.19,,13.56
3.74510,51.77,,13.46
3.74520,51.56,,13.64
3.74530,51.97,,13.69
3.74540,52.06,,13.88
3.74550,51.98,,13.69
3.74560,51.78,,13.88
3.74570,51.63,,13.69
3.74580,51.31,,13.64
3.74590,51.01,,13.61
3.74600,50.68,,13.56
3.74610,49.99,,13.56
3.74620,49.30,,13.54
3.74630,48.42,,13.56
3.74640,48.33,,13.46
3.74650,48.94,,13.49
3.74660,48.15,,13.61
3.74670,47.93,,13.80
3.74680,47.41,,13.85
3.74690,47.38,,14.04
3.74700,47.22,,14.04
3.74710,47.19,,14.01
3.74720,46.77,,13.64
3.74730,46.49,,13.46
3.74740,46.06,,13.27
3.74750,46.15,,13.24
3.74760,46.15,,13.27
3.74770,46.40,,13.39
3.74780,46.66,,13.56
3.74790,46.84,,13.69
3.74800,47.12,,13.64
3.74810,47.11,,13.80
3.74820,46.92,,13.69
3.74830,47.07,,13.56
3.74840,47.00,,13.39
3.74850,47.55,,13.56
3.74860,48.09,,13.54
3.74870,48.12,,13.56
3.74880,47.22,,13.69
3.74890,46.63,,13.72
3.74900,46.60,,13.56
3.74910,46.96,,13.54
3.74920,47.42,,13.41
3.74930,47.41,,13.24
3.74940,47.37,,13.12
3.74950,47.31,,13.24
3.74960,47.39,,13.27
3.74970,47.68,,13.39
3.74980,47.87,,13.49
3.74990,47.87,,13.46
3.75000,48.09,,13.41
3.75010,47.96,,13.41
3.75020,48.20,,13.24
3.75030,48.78,,13.41
3.75040,48.45,,13.39
3.75050,47.85,,13.41
3.75060,47.40,,13.31
3.75070,47.84,,13.34
3.75080,48.20,,13.24
3.75090,48.11,,13.27
3.75100,47.80,,12.98
3.75110,47.68,,13.09
3.75120,47.29,,13.12
3.75130,47.06,,13.09
3.75140,46.78,,13.12
3.75150,46.54,,13.24
3.75160,46.57,,13.19
3.75170,46.20,,13.24
3.75180,45.67,,13.19
3.75190,45.21,,13.24
3.75200,44.87,,12.98
3.75210,44.55,,13.12
3.75220,44.94,,13.09
3.75230,45.08,,13.12
3.75240,44.87,,13.09
3.75250,44.83,,12.98
3.75260,44.61,,13.24
3.75270,44.69,,12.98
3.75280,44.52,,12.81
3.75290,44.56,,12.71
3.75300,44.60,,12.64
3.75310,44.52,,12.61
3.75320,44.79,,12.98
3.75330,45.10,,12.95
3.75340,45.10,,13.05
3.75350,44.77,,13.02
3.75360,44.51,,13.12
3.75370,44.68,,13.09
3.75380,44.99,,12.84
3.75390,44.80,,12.74
3.75400,44.45,,12.64
3.75410,44.95,,12.84
3.75420,45.10,,12.88
3.75430,44.02,,12.91
3.75440,42.65,,12.81
3.75450,42.46,,12.84
3.75460,42.69,,12.61
3.75470,42.79,,12.51
3.75480,42.55,,12.47
3.75490,42.22,,12.51
3.75500,42.30,,12.64
3.75510,42.12,,12.74
3.75520,41.63,,12.64
3.75530,41.65,,12.74
3.75540,41.56,,12.64
3.75550,41.54,,12.61
3.75560,40.86,,12.57
3.75570,40.37,,12.54
3.75580,40.31,,12.57
3.75590,40.63,,12.47
3.75600,40.72,,12.57
3.75610,40.79,,12.57
3.75620,40.64,,12.41
3.75630,40.37,,12.51
3.75640,40.65,,12.47
3.75650,40.35,,12.38
3.75660,39.51,,12.41
3.75670,38.80,,12.38
3.75680,38.43,,12.22
3.75690,38.64,,12.19
3.75700,39.39,,12.19
3.75710,39.88,,12.28
3.75720,39.88,,12.32
3.75730,39.87,,12.41
3.75740,40.15,,12.44
3.75750,40.39,,12.34
3.75760,40.78,,12.26
3.75770,40.77,,12.16
3.75780,40.33,,12.01
3.75790,39.53,,12.03
3.75800,39.45,,12.01
3.75810,39.38,,12.19
3.75820,39.19,,12.03
3.75830,39.36,,12.01
3.75840,39.20,,12.03
3.75850,39.18,,12.01
3.75860,39.21,,12.03
3.75870,39.25,,12.01
3.75880,39.43,,12.03
3.75890,39.34,,11.89
3.75900,39.45,,11.95
3.75910,39.34,,11.91
3.75920,39.15,,11.83
3.75930,38.85,,11.79
3.75940,38.55,,11.72
3.75950,38.46,,11.62
3.75960,38.66,,11.78
3.75970,38.76,,11.74
3.75980,38.92,,11.83
3.75990,38.72,,11.85
3.76000,38.60,,11.66
3.76010,38.31,,11.55
3.76020,37.42,,11.45
3.76030,36.78,,11.50
3.76040,36.57,,11.45
3.76050,35.90,,11.55
3.76060,35.32,,11.68
3.76070,34.90,,11.66
3.76080,34.52,,11.68
3.76090,34.01,,11.61
3.76100,33.85,,11.39
3.76110,33.26,,11.51
3.76120,32.70,,11.33
3.76130,32.18,,11.57
3.76140,31.53,,11.61
3.76150,30.24,,11.51
3.76160,29.22,,11.33
3.76170,28.51,,11.19
3.76180,28.68,,11.02
3.76190,28.50,,11.19
3.76200,27.88,,11.18
3.76210,27.48,,11.33
3.76220,26.87,,11.45
3.76230,26.63,,11.23
3.76240,26.21,,11.03
3.76250,26.03,,11.02
3.76260,25.41,,11.03
3.76270,24.90,,11.18
3.76280,24.46,,11.35
3.76290,23.98,,11.33
3.76300,23.44,,11.33
3.76310,23.30,,11.03
3.76320,23.22,,10.88
3.76330,24.03,,10.88
3.76340,24.51,,10.88
3.76350,24.53,,11.19
3.76360,23.98,,11.18
3.76370,23.46,,11.19
3.76380,23.04,,10.88
3.76390,22.84,,10.45
3.76400,22.46,,10.45
3.76410,22.07,,10.59
3.76420,21.77,,10.73
3.76430,21.52,,11.02
3.76440,21.47,,10.88
3.76450,21.37,,10.88
3.76460,21.39,,10.73
3.76470,21.45,,10.45
3.76480,21.72,,10.31
3.76490,21.47,,10.32
3.76500,21.84,,10.59
3.76510,21.77,,10.73
3.76520,21.64,,10.59
3.76530,21.54,,10.59
3.76540,21.49,,10.32
3.76550,21.29,,10.31
3.76560,20.83,,10.19
3.76570,20.55,,10.31
3.76580,20.05,,10.45
3.76590,19.42,,10.31
3.76600,18.96,,10.32
3.76610,18.85,,10.32
3.76620,18.41,,10.18
3.76630,18.03,,10.19
3.76640,17.56,,10.05
3.76650,17.56,,10.06
3.76660,17.47,,10.05
3.76670,17.27,,10.06
3.76680,16.98,,10.05
3.76690,16.51,,10.06
3.76700,16.15,,10.06
3.76710,15.94,,9.80
3.76720,15.78,,9.81
3.76730,14.54,,9.80
3.76740,13.56,,9.81
3.76750,13.04,,9.93
3.76760,12.46,,9.94
3.76770,12.11,,9.93
3.76780,11.46,,9.94
3.76790,11.07,,9.69
3.76800,10.47,,9.70
3.76810,10.15,,9.70
3.76820,9.88,,9.57
3.76830,9.68,,9.58
3.76840,9.69,,9.80
3.76850,9.65,,9.70
3.76860,9.35,,9.45
3.76870,9.19,,9.36
3.76880,9.36,,9.23
3.76890,9.28,,9.36
3.76900,9.08,,9.58
3.76910,8.95,,9.57
3.76920,9.17,,9.58
3.76930,9.20,,9.34
3.76940,9.30,,9.15
3.76950,9.66,,8.82
3.76960,9.95,,9.04
3.76970,10.12,,9.23
3.76980,10.67,,9.25
3.76990,11.15,,9.34
3.77000,11.62,,9.15
3.77010,12.31,,9.04
3.77020,12.96,,8.92
3.77030,13.72,,8.94
3.77040,13.99,,8.92
3.77050,14.13,,8.94
3.77060,14.27,,8.92
3.77070,14.44,,8.75
3.77080,14.51,,8.73
3.77090,14.01,,8.65
3.77100,13.64,,8.75
3.77110,13.71,,8.63
3.77120,13.90,,8.65
3.77130,14.08,,8.63
3.77140,14.34,,8.65
3.77150,14.83,,8.63
3.77160,15.18,,8.65
3.77170,14.94,,8.36
3.77180,15.15,,8.30
3.77190,15.50,,8.54
3.77200,15.71,,8.65
3.77210,16.04,,8.65
3.77220,16.29,,8.45
3.77230,16.79,,8.21
3.77240,17.27,,8.27
3.77250,17.71,,8.38
3.77260,18.11,,8.45
3.77270,18.72,,8.56
3.77280,18.90,,8.45
3.77290,19.87,,8.21
3.77300,20.44,,8.02
3.77310,21.17,,8.21
3.77320,22.33,,8.47
3.77330,23.24,,8.36
3.77340,23.98,,8.30
3.77350,24.81,,8.10
3.77360,25.44,,8.13
3.77370,26.09,,8.19
3.77380,26.90,,8.38
3.77390,27.89,,8.45
3.77400,28.39,,8.21
3.77410,28.91,,8.13
3.77420,29.40,,7.94
3.77430,30.43,,8.05
3.77440,31.32,,8.10
3.77450,31.62,,8.21
3.77460,32.04,,8.27
3.77470,32.97,,8.21
3.77480,33.73,,8.19
3.77490,34.61,,8.13
3.77500,35.43,,8.02
3.77510,36.27,,7.97
3.77520,37.08,,7.97
3.77530,38.28,,8.10
3.77540,39.22,,8.13
3.77550,40.03,,8.02
3.77560,40.61,,8.05
3.77570,41.26,,7.94
3.77580,42.27,,8.13
3.77590,42.87,,8.02
3.77600,43.32,,7.97
3.77610,43.44,,7.81
3.77620,43.71,,7.79
3.77630,44.21,,8.05
3.77640,44.70,,8.27
3.77650,44.92,,8.21
3.77660,45.03,,7.94
3.77670,44.93,,7.81
3.77680,44.67,,7.86
3.77690,44.83,,7.89
3.77700,44.70,,8.10
3.77710,44.38,,8.05
3.77720,44.60,,8.05
3.77730,44.43,,7.86
3.77740,43.39,,7.97
3.77750,42.88,,8.02
3.77760,42.73,,8.13
3.77770,42.45,,8.10
3.77780,42.41,,7.89
3.77790,41.31,,7.79
3.77800,40.70,,7.89
3.77810,40.34,,8.13
3.77820,40.41,,8.19
3.77830,40.74,,8.13
3.77840,41.17,,8.02
3.77850,41.55,,7.81
3.77860,42.06,,7.86
3.77870,42.18,,7.97
3.77880,42.56,,8.10
3.77890,42.85,,8.21
3.77900,43.09,,8.10
3.77910,43.40,,7.97
3.77920,43.70,,7.89
3.77930,44.13,,7.79
3.77940,44.79,,7.89
3.77950,45.63,,7.94
3.77960,46.06,,8.05
3.77970,46.34,,8.02
3.77980,46.71,,7.89
3.77990,46.77,,8.02
3.78000,47.26,,7.97
3.78010,48.03,,7.97
3.78020,48.60,,7.79
3.78030,49.27,,7.74
3.78040,50.35,,7.94
3.78050,51.03,,8.13
3.78060,51.90,,8.27
3.78070,52.26,,7.89
3.78080,52.58,,7.71
3.78090,53.52,,7.89
3.78100,54.56,,7.94
3.78110,54.99,,7.89
3.78120,55.67,,8.05
3.78130,56.46,,7.86
3.78140,56.85,,7.81
3.78150,57.36,,7.94
3.78160,58.08,,8.05
3.78170,59.20,,8.19
3.78180,60.68,,8.21
3.78190,61.82,,8.10
3.78200,63.02,,7.97
3.78210,63.52,,7.81
3.78220,63.83,,7.94
3.78230,64.58,,8.05
3.78240,65.44,,8.19
3.78250,66.27,,8.21
3.78260,67.27,,8.10
3.78270,68.17,,8.05
3.78280,69.02,,8.10
3.78290,69.86,,8.13
3.78300,70.76,,8.19
3.78310,71.72,,8.21
3.78320,72.97,,8.21
3.78330,73.61,,8.19
3.78340,74.18,,8.13
3.78350,74.48,,8.27
3.78360,75.00,,8.38
3.78370,75.18,,8.27
3.78380,74.96,,8.21
3.78390,74.81,,8.27
3.78400,74.84,,8.30
3.78410,75.16,,8.30
3.78420,75.36,,8.36
3.78430,75.86,,8.30
3.78440,76.33,,8.27
3.78450,77.02,,8.21
3.78460,77.50,,8.45
3.78470,78.09,,8.75
3.78480,78.89,,8.45
3.78490,79.12,,8.21
3.78500,78.97,,8.27
3.78510,79.20,,8.38
3.78520,80.10,,8.65
3.78530,80.19,,8.54
3.78540,79.52,,8.56
3.78550,79.29,,8.45
3.78560,80.05,,8.38
3.78570,80.06,,8.63
3.78580,80.24,,8.65
3.78590,80.05,,8.54
3.78600,79.66,,8.47
3.78610,79.60,,8.56
3.78620,79.75,,8.63
3.78630,79.78,,8.65
3.78640,79.49,,8.63
3.78650,79.40,,8.56
3.78660,79.33,,8.54
3.78670,79.54,,8.65
3.78680,79.42,,8.82
3.78690,79.48,,8.75
3.78700,78.97,,8.73
3.78710,78.58,,8.56
3.78720,78.46,,8.56
3.78730,78.55,,8.82
3.78740,78.75,,8.94
3.78750,78.42,,8.92
3.78760,78.02,,8.65
3.78770,77.86,,8.63
3.78780,77.84,,8.65
3.78790,77.60,,8.82
3.78800,77.30,,8.94
3.78810,77.62,,8.94
3.78820,78.22,,8.92
3.78830,78.52,,8.84
3.78840,78.24,,8.73
3.78850,78.17,,8.84
3.78860,78.28,,9.02
3.78870,78.53,,9.04
3.78880,78.60,,8.92
3.78890,78.17,,8.94
3.78900,77.67,,8.82
3.78910,77.39,,8.84
3.78920,77.42,,8.94
3.78930,77.77,,9.13
3.78940,78.13,,9.36
3.78950,78.06,,9.13
3.78960,77.52,,9.04
3.78970,76.90,,8.82
3.78980,76.36,,8.94
3.78990,76.56,,9.13
3.79000,76.57,,9.36
3.79010,76.53,,9.25
3.79020,75.85,,9.23
3.79030,74.92,,8.94
3.79040,74.49,,8.92
3.79050,74.42,,9.04
3.79060,74.32,,9.23
3.79070,74.30,,9.47
3.79080,73.99,,9.45
3.79090,73.39,,9.15
3.79100,73.12,,9.13
3.79110,72.96,,9.04
3.79120,72.72,,9.25
3.79130,72.61,,9.34
3.79140,72.68,,9.25
3.79150,73.12,,9.23
3.79160,73.36,,9.36
3.79170,73.82,,9.23
3.79180,73.71,,9.36
3.79190,73.70,,9.13
3.79200,73.73,,9.15
3.79210,73.79,,9.25
3.79220,74.20,,9.23
3.79230,74.57,,9.36
3.79240,75.02,,9.45
3.79250,75.32,,9.47
3.79260,75.37,,9.34
3.79270,75.44,,8.94
3.79280,76.28,,9.02
3.79290,77.38,,9.36
3.79300,78.09,,9.57
3.79310,77.92,,9.47
3.79320,76.99,,9.47
3.79330,76.95,,9.13
3.79340,76.64,,9.15
3.79350,76.38,,9.23
3.79360,76.47,,9.47
3.79370,76.45,,9.57
3.79380,76.20,,9.47
3.79390,75.53,,9.34
3.79400,74.98,,9.25
3.79410,74.47,,9.25
3.79420,73.94,,9.34
3.79430,73.58,,9.58
3.79440,73.17,,9.57
3.79450,72.49,,9.47
3.79460,71.82,,9.34
3.79470,71.25,,9.25
3.79480,70.86,,9.34
3.79490,70.07,,9.58
3.79500,69.37,,9.69
3.79510,68.53,,9.47
3.79520,67.83,,9.36
3.79530,66.95,,9.34
3.79540,65.93,,9.47
3.79550,65.12,,9.57
3.79560,64.60,,9.81
3.79570,63.83,,9.80
3.79580,63.09,,9.58
3.79590,62.05,,9.45
3.79600,60.73,,9.36
3.79610,59.90,,9.47
3.79620,59.69,,9.69
3.79630,57.64,,9.81
3.79640,56.44,,9.80
3.79650,55.78,,9.58
3.79660,55.56,,9.57
3.79670,55.36,,9.47
3.79680,54.97,,9.57
3.79690,55.08,,9.70
3.79700,55.23,,9.80
3.79710,55.09,,9.81
3.79720,54.92,,9.70
3.79730,54.62,,9.57
3.79740,54.24,,9.36
3.79750,54.23,,9.57
3.79760,54.41,,9.58
3.79770,55.01,,9.80
3.79780,55.16,,9.81
3.79790,55.43,,9.69
3.79800,55.49,,9.58
3.79810,55.41,,9.58
3.79820,55.45,,9.69
3.79830,55.15,,9.70
3.79840,54.65,,9.69
3.79850,54.01,,9.81
3.79860,53.84,,9.57
3.79870,53.59,,9.70
3.79880,53.11,,9.69
3.79890,52.58,,9.70
3.79900,51.77,,9.69
3.79910,51.19,,9.58
3.79920,51.00,,9.81
3.79930,50.50,,9.80
3.79940,49.67,,9.81
3.79950,48.66,,9.69
3.79960,47.85,,9.70
3.79970,47.18,,9.80
3.79980,46.44,,9.70
3.79990,45.55,,9.80
3.80000,44.78,,9.70
3.80010,43.92,,9.80
3.80020,43.19,,9.81
3.80030,42.03,,9.81
3.80040,41.44,,9.80
3.80050,40.42,,9.94
3.80060,39.10,,9.80
3.80070,37.86,,9.81
3.80080,37.04,,9.80
3.80090,36.10,,9.94
3.80100,35.15,,9.93
3.80110,34.30,,9.94
3.80120,33.77,,9.94
3.80130,33.82,,9.93
3.80140,34.08,,9.94
3.80150,34.29,,9.93
3.80160,34.46,,9.94
3.80170,34.95,,9.93
3.80180,35.08,,10.06
3.80190,35.62,,9.80
3.80200,35.99,,9.81
3.80210,36.66,,9.80
3.80220,37.93,,10.06
3.80230,38.98,,10.06
3.80240,39.73,,10.18
3.80250,40.42,,9.94
3.80260,41.24,,9.80
3.80270,41.87,,9.81
3.80280,42.81,,9.80
3.80290,43.25,,9.94
3.80300,43.70,,10.05
3.80310,44.19,,9.94
3.80320,44.97,,9.94
3.80330,46.02,,10.05
3.80340,46.93,,9.94
3.80350,48.17,,9.93
3.80360,49.10,,10.06
3.80370,50.15,,9.93
3.80380,51.09,,9.94
3.80390,51.68,,9.93
3.80400,52.29,,9.94
3.80410,52.83,,9.93
3.80420,53.46,,9.94
3.80430,53.93,,10.06
3.80440,54.32,,9.93
3.80450,54.32,,9.94
3.80460,54.01,,9.93
3.80470,54.12,,9.94
3.80480,54.48,,9.80
3.80490,54.86,,9.94
3.80500,54.98,,10.05
3.80510,54.69,,10.06
3.80520,54.99,,10.06
3.80530,55.34,,10.05
3.80540,56.12,,9.70
3.80550,56.83,,9.80
3.80560,56.84,,9.81
3.80570,56.53,,10.18
3.80580,55.87,,10.19
3.80590,56.00,,10.31
3.80600,56.43,,10.06
3.80610,56.90,,10.05
3.80620,56.98,,10.06
3.80630,56.40,,9.94
3.80640,55.97,,10.18
3.80650,55.21,,10.06
3.80660,54.04,,9.93
3.80670,52.16,,10.06
3.80680,50.84,,10.05
3.80690,50.92,,10.06
3.80700,51.66,,10.31
3.80710,52.00,,10.32
3.80720,51.43,,10.45
3.80730,49.86,,10.31
3.80740,47.90,,10.19
3.80750,47.14,,10.05
3.80760,45.94,,10.06
3.80770,45.25,,10.18
3.80780,43.98,,10.59
3.80790,43.04,,10.73
3.80800,41.46,,10.32
3.80810,38.80,,9.69
3.80820,36.74,,9.25
3.80830,36.06,,9.94
3.80840,33.53,,10.31
3.80850,27.80,,11.02
3.80860,21.59,,11.68
3.80870,24.10,,11.50
3.80880,25.71,,10.88
3.80890,27.25,,9.94
3.80900,27.96,,9.57
3.80910,28.37,,9.58
3.80920,28.77,,9.94
3.80930,29.14,,10.31
3.80940,29.65,,10.45
3.80950,30.64,,10.59
3.80960,31.18,,10.32
3.80970,31.43,,10.18
3.80980,31.33,,10.06
3.80990,31.97,,10.05
3.81000,32.93,,10.45
3.81010,34.09,,10.50
3.81020,33.27,,10.68
3.81030,31.93,,10.73
3.81040,29.90,,10.18
3.81050,27.77,,9.70
3.81060,25.58,,9.57
3.81070,24.31,,9.81
3.81080,23.91,,10.45
3.81090,23.36,,10.59
3.81100,22.36,,10.59
3.81110,21.46,,10.45
3.81120,20.76,,10.19
3.81130,19.38,,9.80
3.81140,18.51,,10.19
3.81150,16.83,,10.18
3.81160,15.14,,10.32
3.81170,13.19,,10.18
3.81180,10.31,,10.19
3.81190,8.08,,10.05
3.81200,5.21,,9.94
3.81210,2.99,,10.31
3.81220,1.39,,10.45
3.81230,0.17,,10.59
3.81240,-0.63,,10.59
3.81250,-1.32,,10.45
3.81260,-1.81,,10.18
3.81270,-1.57,,10.06
3.81280,-1.93,,10.18
3.81290,-1.68,,10.19
3.81300,-1.80,,10.59
3.81310,-2.16,,10.45
3.81320,-2.77,,10.32
3.81330,-2.01,,10.18
3.81340,-1.06,,10.19
3.81350,0.11,,10.18
3.81360,0.91,,10.59
3.81370,0.59,,10.73
3.81380,1.18,,10.73
3.81390,0.66,,10.45
3.81400,0.06,,10.32
3.81410,-0.72,,10.05
3.81420,-0.98,,10.06
3.81430,-0.92,,10.19
3.81440,-0.65,,10.31
3.81450,0.34,,10.59
3.81460,1.88,,10.45
3.81470,2.89,,10.59
3.81480,3.56,,10.45
3.81490,3.15,,10.32
3.81500,1.97,,10.18
3.81510,1.14,,10.06
3.81520,-0.08,,10.19
3.81530,-0.19,,10.59
3.81540,-0.74,,10.73
3.81550,-1.00,,10.73
3.81560,-1.09,,10.45
3.81570,-0.88,,10.18
3.81580,-0.18,,9.70
3.81590,0.59,,9.93
3.81600,0.73,,10.19
3.81610,0.42,,10.45
3.81620,-0.39,,10.59
3.81630,-0.41,,10.59
3.81640,-0.34,,10.45
3.81650,0.35,,10.19
3.81660,1.37,,10.31
3.81670,2.02,,10.32
3.81680,2.89,,10.31
3.81690,3.13,,10.32
3.81700,2.92,,10.05
3.81710,2.29,,9.94
3.81720,3.01,,9.94
3.81730,3.45,,10.05
3.81740,4.06,,10.59
3.81750,4.64,,10.83
3.81760,5.33,,10.92
3.81770,5.67,,10.73
3.81780,5.38,,10.19
3.81790,4.88,,9.69
3.81800,4.56,,9.58
3.81810,3.23,,9.93
3.81820,3.43,,10.59
3.81830,2.77,,10.88
3.81840,3.05,,10.88
3.81850,4.68,,10.88
3.81860,6.22,,10.31
3.81870,7.97,,9.81
3.81880,8.91,,9.80
3.81890,9.22,,9.94
3.81900,9.77,,10.18
3.81910,9.34,,10.32
3.81920,9.31,,10.59
3.81930,8.51,,10.73
3.81940,8.05,,10.45
3.81950,8.53,,10.31
3.81960,9.17,,10.19
3.81970,10.01,,10.05
3.81980,11.43,,10.19
3.81990,12.83,,10.18
3.82000,14.07,,10.32
3.82010,13.85,,10.31
3.82020,14.05,,10.32
3.82030,13.10,,10.45
3.82040,12.81,,10.45
3.82050,13.36,,10.32
3.82060,14.35,,10.31
3.82070,15.36,,10.32
3.82080,15.86,,10.05
3.82090,16.33,,10.32
3.82100,16.90,,10.31
3.82110,17.87,,10.19
3.82120,18.78,,10.32
3.82130,18.95,,10.31
3.82140,19.49,,10.32
3.82150,20.50,,10.45
3.82160,20.03,,10.45
3.82170,20.58,,10.18
3.82180,20.04,,10.06
3.82190,20.08,,10.05
3.82200,20.50,,10.06
3.82210,21.03,,10.18
3.82220,21.94,,10.45
3.82230,22.81,,10.59
3.82240,23.88,,10.31
3.82250,24.96,,10.32
3.82260,25.66,,10.18
3.82270,26.78,,10.06
3.82280,28.10,,9.93
3.82290,29.45,,10.19
3.82300,30.85,,10.31
3.82310,32.36,,10.32
3.82320,33.76,,10.32
3.82330,34.83,,10.18
3.82340,35.83,,9.94
3.82350,36.73,,10.05
3.82360,37.46,,10.19
3.82370,38.87,,10.18
3.82380,39.88,,10.19
3.82390,40.57,,9.93
3.82400,41.86,,9.94
3.82410,42.99,,9.93
3.82420,45.57,,10.19
3.82430,46.35,,10.32
3.82440,47.32,,10.31
3.82450,48.57,,10.32
3.82460,49.55,,10.05
3.82470,50.61,,10.06
3.82480,52.16,,9.93
3.82490,52.61,,9.94
3.82500,52.95,,9.93
3.82510,52.74,,10.19
3.82520,52.75,,10.06
3.82530,53.56,,9.93
3.82540,54.70,,10.06
3.82550,56.50,,10.05
3.82560,58.12,,10.32
3.82570,58.62,,10.45
3.82580,59.08,,10.32
3.82590,59.10,,10.18
3.82600,58.90,,9.81
3.82610,59.70,,9.80
3.82620,59.69,,9.70
3.82630,61.18,,9.70
3.82640,61.65,,9.93
3.82650,62.70,,10.32
3.82660,63.60,,10.45
3.82670,62.32,,10.45
3.82680,62.12,,10.18
3.82690,60.64,,9.81
3.82700,59.83,,9.93
3.82710,59.46,,10.06
3.82720,57.92,,10.45
3.82730,57.69,,10.59
3.82740,56.09,,10.59
3.82750,54.27,,10.05
3.82760,54.80,,9.58
3.82770,55.28,,9.45
3.82780,56.69,,9.70
3.82790,56.75,,10.31
3.82800,56.69,,10.32
3.82810,56.79,,10.45
3.82820,56.85,,10.45
3.82830,55.60,,10.32
3.82840,56.34,,10.18
3.82850,54.66,,10.19
3.82860,53.47,,10.05
3.82870,52.46,,10.06
3.82880,50.29,,9.93
3.82890,49.73,,9.70
3.82900,47.70,,9.57
3.82910,46.78,,9.70
3.82920,46.61,,10.05
3.82930,45.61,,10.45
3.82940,45.57,,10.73
3.82950,45.70,,10.59
3.82960,45.40,,10.32
3.82970,45.35,,10.05
3.82980,45.74,,9.81
3.82990,44.74,,9.93
3.83000,44.93,,10.06
3.83010,43.57,,9.93
3.83020,42.25,,9.94
3.83030,41.61,,9.81
3.83040,40.62,,9.93
3.83050,42.26,,10.06
3.83060,41.98,,10.05
3.83070,41.52,,10.06
3.83080,41.99,,10.18
3.83090,40.96,,10.06
3.83100,41.18,,10.18
3.83110,40.45,,10.19
3.83120,39.26,,9.93
3.83130,38.61,,10.06
3.83140,37.02,,9.94
3.83150,37.01,,9.93
3.83160,36.48,,9.94
3.83170,35.28,,9.93
3.83180,34.61,,10.19
3.83190,34.14,,10.05
3.83200,32.85,,10.06
3.83210,33.47,,10.18
3.83220,32.14,,9.94
3.83230,31.21,,10.06
3.83240,30.83,,10.05
3.83250,29.07,,10.06
3.83260,30.78,,9.93
3.83270,29.80,,9.94
3.83280,29.70,,10.05
3.83290,30.11,,10.19
3.83300,29.42,,10.18
3.83310,28.80,,10.19
3.83320,27.65,,9.93
3.83330,26.87,,9.81
3.83340,27.49,,10.19
3.83350,27.61,,10.05
3.83360,26.97,,10.19
3.83370,27.89,,10.31
3.83380,27.86,,10.19
3.83390,27.39,,10.05
3.83400,27.18,,10.06
3.83410,25.95,,9.80
3.83420,25.48,,9.94
3.83430,24.98,,10.19
3.83440,25.55,,10.05
3.83450,26.21,,10.32
3.83460,26.46,,10.31
3.83470,25.53,,10.32
3.83480,25.77,,10.05
3.83490,24.98,,9.94
3.83500,24.59,,10.05
3.83510,24.16,,10.06
3.83520,23.41,,10.31
3.83530,22.73,,10.32
3.83540,22.12,,10.19
3.83550,21.62,,10.18
3.83560,21.22,,9.94
3.83570,20.76,,10.05
3.83580,19.48,,10.06
3.83590,19.43,,10.18
3.83600,19.26,,10.45
3.83610,19.44,,10.31
3.83620,19.04,,10.32
3.83630,16.91,,10.32
3.83640,16.42,,10.05
3.83650,14.65,,9.94
3.83660,12.77,,10.05
3.83670,11.88,,10.32
3.83680,11.63,,10.59
3.83690,10.49,,10.73
3.83700,10.10,,10.59
3.83710,9.45,,10.32
3.83720,9.69,,10.05
3.83730,9.91,,9.94
3.83740,8.91,,9.94
3.83750,10.52,,10.31
3.83760,10.68,,10.59
3.83770,10.69,,10.45
3.83780,10.65,,10.59
3.83790,10.42,,10.31
3.83800,9.20,,10.06
3.83810,7.13,,9.93
3.83820,5.83,,9.81
3.83830,5.10,,10.59
3.83840,5.36,,10.88
3.83850,6.07,,11.02
3.83860,5.19,,10.45
3.83870,5.89,,10.06
3.83880,7.00,,9.93
3.83890,8.82,,9.94
3.83900,9.17,,10.45
3.83910,8.85,,10.59
3.83920,9.61,,10.59
3.83930,9.17,,10.19
3.83940,10.26,,9.94
3.83950,11.03,,9.93
3.83960,13.02,,10.19
3.83970,14.15,,10.45
3.83980,16.52,,10.73
3.83990,18.58,,10.59
3.84000,18.72,,10.45
3.84010,20.23,,10.18
3.84020,20.54,,9.47
3.84030,21.17,,9.70
3.84040,23.87,,10.31
3.84050,27.26,,10.88
3.84060,29.58,,11.03
3.84070,30.47,,10.73
3.84080,30.92,,10.05
3.84090,32.58,,9.81
3.84100,33.94,,9.93
3.84110,33.25,,10.19
3.84120,34.36,,10.59
3.84130,35.01,,10.73
3.84140,34.75,,10.59
3.84150,34.73,,10.18
3.84160,35.02,,9.94
3.84170,35.05,,9.80
3.84180,35.29,,10.06
3.84190,35.92,,10.59
3.84200,35.98,,11.02
3.84210,36.01,,11.19
3.84220,35.14,,11.02
3.84230,36.22,,10.45
3.84240,37.96,,10.05
3.84250,38.70,,9.94
3.84260,39.95,,10.05
3.84270,39.71,,10.32
3.84280,40.67,,10.59
3.84290,41.85,,10.59
3.84300,43.01,,10.31
3.84310,44.48,,10.19
3.84320,46.46,,10.31
3.84330,46.94,,10.32
3.84340,49.02,,10.45
3.84350,50.99,,10.88
3.84360,53.35,,11.02
3.84370,54.69,,10.88
3.84380,54.45,,10.59
3.84390,55.66,,10.31
3.84400,57.31,,10.06
3.84410,56.88,,9.80
3.84420,59.84,,10.32
3.84430,62.22,,10.45
3.84440,63.74,,10.59
3.84450,64.96,,10.59
3.84460,66.10,,10.45
3.84470,67.21,,10.06
3.84480,67.68,,10.18
3.84490,68.60,,10.19
3.84500,69.36,,10.59
3.84510,69.62,,10.88
3.84520,70.08,,10.73
3.84530,71.09,,10.59
3.84540,72.03,,10.32
3.84550,72.26,,10.31
3.84560,72.29,,10.06
3.84570,72.23,,10.31
3.84580,71.88,,10.32
3.84590,71.85,,9.93
3.84600,72.61,,9.94
3.84610,72.53,,10.31
3.84620,72.99,,10.73
3.84630,73.64,,10.88
3.84640,73.48,,10.93
3.84650,71.49,,10.83
3.84660,70.92,,10.45
3.84670,69.70,,10.19
3.84680,70.11,,10.05
3.84690,69.68,,10.06
3.84700,68.81,,10.45
3.84710,67.98,,10.83
3.84720,68.10,,11.08
3.84730,66.85,,10.88
3.84740,65.05,,10.19
3.84750,65.33,,9.93
3.84760,65.68,,10.06
3.84770,66.14,,10.18
3.84780,67.44,,10.68
3.84790,67.97,,10.93
3.84800,67.08,,10.88
3.84810,65.63,,10.73
3.84820,66.17,,10.32
3.84830,66.52,,10.19
3.84840,68.36,,10.18
3.84850,69.95,,10.45
3.84860,71.18,,11.03
3.84870,71.74,,11.02
3.84880,72.40,,10.88
3.84890,71.69,,10.73
3.84900,72.28,,10.31
3.84910,73.91,,10.06
3.84920,75.99,,10.18
3.84930,77.56,,10.32
3.84940,77.94,,10.45
3.84950,80.82,,10.73
3.84960,82.32,,10.45
3.84970,82.56,,10.31
3.84980,84.14,,10.45
3.84990,86.74,,10.88
3.85000,88.61,,10.73
3.85010,89.94,,10.73
3.85020,88.90,,10.59
3.85030,92.20,,10.06
3.85040,93.98,,9.80
3.85050,95.74,,10.06
3.85060,96.56,,10.31
3.85070,98.78,,10.73
3.85080,99.17,,10.73
3.85090,99.82,,10.59
3.85100,100.87,,10.31
3.85110,101.52,,10.06
3.85120,101.45,,10.05
3.85130,101.66,,10.19
3.85140,102.21,,10.32
3.85150,103.73,,10.73
3.85160,104.93,,10.73
3.85170,104.79,,10.59
3.85180,103.65,,10.73
3.85190,100.91,,10.18
3.85200,101.31,,9.94
3.85210,99.70,,9.93
3.85220,98.41,,10.19
3.85230,96.83,,10.45
3.85240,95.52,,10.32
3.85250,94.28,,10.45
3.85260,91.46,,10.31
3.85270,89.18,,10.32
3.85280,85.84,,10.59
3.85290,84.15,,10.68
3.85300,83.74,,10.64
3.85310,83.28,,10.73
3.85320,82.52,,10.73
3.85330,81.94,,10.59
3.85340,80.06,,10.32
3.85350,77.90,,10.45
3.85360,78.13,,10.19
3.85370,78.78,,10.18
3.85380,78.52,,10.45
3.85390,77.60,,10.59
3.85400,76.22,,10.59
3.85410,74.37,,10.59
3.85420,72.77,,10.45
3.85430,72.43,,10.59
3.85440,70.83,,10.73
3.85450,68.80,,11.02
3.85460,66.14,,10.88
3.85470,64.88,,10.59
3.85480,63.23,,9.93
3.85490,62.82,,9.94
3.85500,62.94,,10.05
3.85510,64.37,,10.88
3.85520,64.34,,11.19
3.85530,63.59,,11.18
3.85540,62.61,,10.88
3.85550,62.23,,10.45
3.85560,60.40,,9.94
3.85570,59.08,,9.93
3.85580,55.34,,10.45
3.85590,53.78,,11.03
3.85600,52.99,,11.50
3.85610,51.48,,11.51
3.85620,50.25,,10.88
3.85630,50.31,,10.18
3.85640,48.73,,9.58
3.85650,48.95,,9.70
3.85660,47.63,,10.73
3.85670,47.74,,11.18
3.85680,48.80,,11.03
3.85690,46.73,,10.88
3.85700,45.80,,10.31
3.85710,46.14,,10.19
3.85720,44.73,,10.05
3.85730,42.85,,10.19
3.85740,41.75,,10.59
3.85750,42.10,,11.03
3.85760,41.89,,10.59
3.85770,42.06,,10.31
3.85780,42.23,,10.32
3.85790,43.47,,10.31
3.85800,43.89,,10.45
3.85810,43.52,,10.59
3.85820,43.22,,10.73
3.85830,42.91,,10.73
3.85840,42.57,,10.32
3.85850,41.53,,10.06
3.85860,40.23,,10.18
3.85870,40.10,,10.45
3.85880,40.97,,10.59
3.85890,37.99,,10.59
3.85900,36.70,,10.59
3.85910,37.59,,10.59
3.85920,38.43,,10.59
3.85930,38.41,,10.32
3.85940,36.49,,10.59
3.85950,37.51,,10.59
3.85960,39.33,,10.45
3.85970,38.56,,10.18
3.85980,37.20,,10.32
3.85990,38.60,,10.73
3.86000,37.44,,10.78
3.86010,35.08,,10.98
3.86020,31.96,,10.45
3.86030,31.71,,10.05
3.86040,32.14,,10.19
3.86050,32.96,,10.59
3.86060,32.75,,10.88
3.86070,31.19,,11.02
3.86080,30.89,,11.19
3.86090,31.95,,11.02
3.86100,32.39,,10.59
3.86110,31.27,,10.19
3.86120,29.95,,10.31
3.86130,29.83,,10.32
3.86140,29.14,,10.88
3.86150,28.92,,11.03
3.86160,29.10,,11.18
3.86170,28.85,,11.19
3.86180,28.56,,10.45
3.86190,26.91,,10.18
3.86200,27.11,,10.19
3.86210,29.99,,10.45
3.86220,30.82,,10.88
3.86230,31.50,,11.19
3.86240,32.28,,11.18
3.86250,32.06,,10.88
3.86260,31.95,,10.59
3.86270,31.54,,10.19
3.86280,31.60,,10.18
3.86290,32.66,,10.88
3.86300,33.63,,11.19
3.86310,33.31,,11.33
3.86320,31.92,,11.03
3.86330,31.97,,10.73
3.86340,32.25,,10.73
3.86350,30.96,,10.31
3.86360,29.45,,10.19
3.86370,27.36,,10.88
3.86380,26.70,,10.88
3.86390,26.55,,11.03
3.86400,25.52,,11.02
3.86410,24.75,,10.73
3.86420,24.57,,10.59
3.86430,24.43,,10.31
3.86440,24.59,,10.45
3.86450,25.47,,10.73
3.86460,26.91,,10.88
3.86470,27.10,,10.88
3.86480,23.78,,10.59
3.86490,23.37,,10.59
3.86500,26.94,,10.73
3.86510,27.79,,10.88
3.86520,27.94,,11.19
3.86530,28.90,,11.02
3.86540,30.10,,11.18
3.86550,31.98,,10.73
3.86560,33.43,,10.59
3.86570,34.77,,10.73
3.86580,36.76,,10.97
3.86590,37.96,,10.93
3.86600,36.87,,10.73
3.86610,36.26,,10.18
3.86620,36.55,,10.45
3.86630,39.77,,10.59
3.86640,41.05,,11.02
3.86650,39.81,,11.33
3.86660,40.02,,11.35
3.86670,40.74,,11.02
3.86680,43.57,,10.45
3.86690,42.82,,10.45
3.86700,41.77,,10.59
3.86710,41.38,,10.88
3.86720,39.90,,11.35
3.86730,39.42,,11.33
3.86740,38.89,,10.92
3.86750,38.09,,10.83
3.86760,38.43,,10.59
3.86770,39.07,,10.45
3.86780,38.36,,10.59
3.86790,36.22,,10.88
3.86800,35.74,,11.23
3.86810,34.69,,11.45
3.86820,33.52,,11.18
3.86830,32.46,,10.88
3.86840,31.64,,10.88
3.86850,32.16,,10.59
3.86860,33.33,,10.88
3.86870,34.45,,11.02
3.86880,35.89,,11.03
3.86890,36.49,,11.18
3.86900,35.97,,11.03
3.86910,36.17,,11.02
3.86920,36.82,,10.59
3.86930,35.13,,10.88
3.86940,34.09,,10.88
3.86950,35.37,,11.03
3.86960,32.81,,11.02
3.86970,32.59,,11.19
3.86980,33.81,,10.88
3.86990,35.77,,10.88
3.87000,37.24,,11.18
3.87010,40.80,,11.51
3.87020,37.03,,11.33
3.87030,35.80,,11.19
3.87040,35.12,,11.18
3.87050,34.03,,10.73
3.87060,32.03,,10.59
3.87070,31.05,,10.59
3.87080,30.97,,10.88
3.87090,32.27,,11.02
3.87100,33.12,,11.35
3.87110,33.04,,11.33
3.87120,33.52,,11.19
3.87130,34.03,,10.88
3.87140,33.77,,10.88
3.87150,34.45,,10.73
3.87160,35.79,,10.88
3.87170,35.20,,11.19
3.87180,34.56,,11.33
3.87190,35.45,,11.19
3.87200,35.40,,11.02
3.87210,35.15,,10.73
3.87220,35.82,,10.73
3.87230,37.25,,10.88
3.87240,37.79,,11.02
3.87250,37.31,,11.07
3.87260,37.36,,11.03
3.87270,37.48,,10.97
3.87280,36.27,,10.88
3.87290,37.36,,10.88
3.87300,38.00,,11.19
3.87310,39.01,,11.02
3.87320,38.56,,11.19
3.87330,39.07,,11.33
3.87340,40.54,,11.18
3.87350,41.13,,11.03
3.87360,41.54,,10.88
3.87370,42.15,,10.73
3.87380,42.55,,10.73
3.87390,41.71,,10.59
3.87400,40.49,,10.73
3.87410,41.34,,10.88
3.87420,41.32,,11.18
3.87430,40.32,,11.35
3.87440,41.78,,11.33
3.87450,42.48,,11.33
3.87460,41.33,,10.73
3.87470,41.09,,10.73
3.87480,42.43,,10.88
3.87490,44.40,,11.02
3.87500,44.52,,11.35
3.87510,44.94,,11.50
3.87520,44.58,,11.35
3.87530,44.98,,11.02
3.87540,46.60,,10.59
3.87550,48.13,,10.59
3.87560,49.32,,10.88
3.87570,48.94,,11.35
3.87580,48.36,,11.33
3.87590,47.29,,11.19
3.87600,46.60,,10.88
3.87610,47.23,,10.73
3.87620,49.54,,10.78
3.87630,50.95,,11.13
3.87640,50.58,,11.18
3.87650,50.31,,11.33
3.87660,50.57,,11.19
3.87670,51.48,,11.02
3.87680,52.07,,11.03
3.87690,51.89,,11.18
3.87700,50.16,,11.35
3.87710,46.98,,11.23
3.87720,45.84,,11.13
3.87730,43.78,,11.02
3.87740,43.09,,10.88
3.87750,42.35,,10.88
3.87760,40.91,,10.88
3.87770,39.91,,10.88
3.87780,41.00,,11.18
3.87790,40.42,,11.19
3.87800,39.61,,11.33
3.87810,40.70,,11.19
3.87820,40.50,,11.07
3.87830,39.88,,11.29
3.87840,41.67,,11.02
3.87850,41.97,,11.18
3.87860,42.27,,11.03
3.87870,43.57,,10.88
3.87880,44.21,,11.03
3.87890,44.32,,11.02
3.87900,44.28,,11.03
3.87910,45.40,,11.02
3.87920,44.80,,11.35
3.87930,46.56,,11.18
3.87940,48.85,,11.19
3.87950,49.81,,11.18
3.87960,49.48,,11.02
3.87970,49.85,,10.88
3.87980,50.78,,10.88
3.87990,51.34,,11.08
3.88000,50.98,,11.28
3.88010,51.09,,11.35
3.88020,50.19,,11.33
3.88030,48.44,,11.03
3.88040,46.94,,11.18
3.88050,45.39,,11.18
3.88060,43.70,,10.73
3.88070,41.96,,10.64
3.88080,41.47,,10.93
3.88090,39.36,,10.78
3.88100,37.79,,10.93
3.88110,37.57,,11.13
3.88120,37.69,,11.29
3.88130,38.62,,11.50
3.88140,37.83,,11.74
3.88150,36.93,,11.78
3.88160,35.09,,11.55
3.88170,33.04,,11.03
3.88180,31.99,,10.59
3.88190,27.51,,10.59
3.88200,27.86,,10.88
3.88210,31.05,,11.19
3.88220,30.21,,11.55
3.88230,29.55,,11.91
3.88240,28.79,,11.89
3.88250,27.35,,11.50
3.88260,26.42,,11.19
3.88270,24.62,,11.02
3.88280,24.36,,10.73
3.88290,23.54,,11.18
3.88300,23.06,,11.62
3.88310,22.47,,11.72
3.88320,20.96,,11.19
3.88330,20.09,,11.02
3.88340,20.44,,11.03
3.88350,22.23,,10.97
3.88360,22.59,,11.07
3.88370,22.60,,11.45
3.88380,22.94,,11.72
3.88390,22.37,,11.51
3.88400,21.71,,10.88
3.88410,21.93,,10.88
3.88420,23.31,,10.88
3.88430,23.67,,11.19
3.88440,23.58,,11.66
3.88450,24.31,,12.19
3.88460,24.27,,11.85
3.88470,23.37,,11.50
3.88480,23.34,,11.03
3.88490,23.58,,10.73
3.88500,24.19,,10.59
3.88510,24.38,,10.88
3.88520,24.67,,11.35
3.88530,25.18,,11.55
3.88540,25.70,,11.79
3.88550,25.37,,11.50
3.88560,24.37,,11.02
3.88570,23.86,,10.59
3.88580,24.30,,10.73
3.88590,24.09,,11.03
3.88600,23.79,,11.50
3.88610,23.27,,11.51
3.88620,22.89,,11.50
3.88630,22.08,,11.19
3.88640,23.33,,11.23
3.88650,23.02,,11.28
3.88660,21.48,,11.35
3.88670,18.81,,11.02
3.88680,18.25,,11.19
3.88690,18.93,,11.18
3.88700,18.54,,10.88
3.88710,18.09,,11.02
3.88720,19.53,,10.88
3.88730,21.83,,11.23
3.88740,23.45,,11.62
3.88750,23.95,,11.78
3.88760,25.10,,11.89
3.88770,27.75,,11.85
3.88780,31.46,,11.18
3.88790,31.97,,10.73
3.88800,33.16,,10.59
3.88810,35.04,,10.31
3.88820,34.92,,10.73
3.88830,35.17,,11.51
3.88840,36.23,,12.19
3.88850,37.91,,12.01
3.88860,37.52,,11.85
3.88870,37.02,,11.18
3.88880,37.61,,10.73
3.88890,39.09,,10.45
3.88900,39.23,,10.73
3.88910,38.33,,11.33
3.88920,37.61,,11.85
3.88930,38.04,,12.07
3.88940,38.79,,11.79
3.88950,38.07,,11.18
3.88960,36.91,,10.78
3.88970,37.07,,10.68
3.88980,37.27,,11.02
3.88990,37.04,,11.35
3.89000,35.70,,11.83
3.89010,36.63,,11.68
3.89020,36.95,,11.50
3.89030,36.17,,11.03
3.89040,36.47,,10.73
3.89050,36.37,,10.59
3.89060,35.38,,11.03
3.89070,35.28,,11.44
3.89080,35.47,,11.74
3.89090,29.98,,11.83
3.89100,32.00,,11.74
3.89110,31.24,,11.44
3.89120,31.28,,10.73
3.89130,33.62,,10.83
3.89140,36.85,,11.45
3.89150,38.60,,11.28
3.89160,39.51,,10.97
3.89170,39.46,,11.74
3.89180,38.97,,11.33
3.89190,49.08,,11.19
3.89200,51.22,,11.66
3.89210,53.45,,11.68
3.89220,55.61,,11.66
3.89230,56.05,,11.35
3.89240,55.17,,11.02
3.89250,54.71,,10.88
3.89260,54.92,,10.73
3.89270,55.22,,11.18
3.89280,55.38,,11.51
3.89290,55.40,,11.66
3.89300,55.46,,11.68
3.89310,55.67,,11.33
3.89320,56.18,,11.19
3.89330,56.76,,10.73
3.89340,57.06,,10.88
3.89350,57.71,,11.02
3.89360,57.83,,11.50
3.89370,57.58,,11.85
3.89380,57.23,,12.01
3.89390,56.81,,11.68
3.89400,57.12,,11.33
3.89410,56.92,,10.59
3.89420,56.24,,10.19
3.89430,55.24,,10.31
3.89440,54.65,,10.73
3.89450,54.48,,11.28
3.89460,53.21,,11.74
3.89470,52.36,,12.01
3.89480,51.42,,12.03
3.89490,50.53,,11.95
3.89500,49.60,,11.57
3.89510,48.97,,11.33
3.89520,48.65,,11.19
3.89530,48.09,,11.02
3.89540,47.50,,11.03
3.89550,46.88,,11.02
3.89560,46.49,,11.18
3.89570,46.05,,11.03
3.89580,45.38,,11.02
3.89590,45.03,,11.03
3.89600,44.71,,11.33
3.89610,44.14,,11.35
3.89620,43.57,,11.66
3.89630,42.81,,11.85
3.89640,41.97,,11.83
3.89650,41.21,,12.01
3.89660,39.75,,11.85
3.89670,39.44,,11.66
3.89680,38.84,,11.35
3.89690,38.57,,11.18
3.89700,38.33,,10.88
3.89710,37.02,,11.18
3.89720,36.04,,11.03
3.89730,35.06,,11.18
3.89740,34.48,,11.35
3.89750,34.11,,11.39
3.89760,33.59,,11.61
3.89770,33.14,,11.79
3.89780,33.21,,11.72
3.89790,32.76,,11.68
3.89800,32.62,,11.66
3.89810,31.85,,11.35
3.89820,31.29,,11.33
3.89830,31.39,,11.19
3.89840,31.82,,11.33
3.89850,32.00,,11.39
3.89860,30.71,,11.62
3.89870,30.39,,11.66
3.89880,28.77,,11.68
3.89890,27.74,,11.33
3.89900,26.88,,11.35
3.89910,26.15,,11.18
3.89920,26.47,,11.35
3.89930,26.70,,11.33
3.89940,27.02,,11.51
3.89950,27.38,,11.66
3.89960,27.67,,11.66
3.89970,27.91,,11.51
3.89980,28.44,,11.61
3.89990,29.11,,11.57
3.90000,29.57,,11.50
3.90010,29.11,,11.35
3.90020,28.50,,11.18
3.90030,28.32,,11.03
3.90040,28.45,,11.02
3.90050,28.48,,11.02
3.90060,29.11,,11.03
3.90070,29.81,,11.50
3.90080,30.67,,11.79
3.90090,31.26,,11.89
3.90100,31.65,,12.03
3.90110,31.64,,11.83
3.90120,31.94,,11.51
3.90130,32.26,,11.39
3.90140,32.38,,11.29
3.90150,33.01,,11.33
3.90160,33.95,,11.50
3.90170,34.78,,11.51
3.90180,35.32,,11.50
3.90190,35.73,,11.35
3.90200,35.73,,10.88
3.90210,35.81,,10.73
3.90220,36.05,,11.02
3.90230,36.42,,11.35
3.90240,36.51,,11.83
3.90250,36.52,,12.19
3.90260,36.07,,12.03
3.90270,35.27,,12.01
3.90280,34.37,,11.74
3.90290,33.04,,11.39
3.90300,31.72,,11.08
3.90310,30.28,,11.18
3.90320,29.04,,11.35
3.90330,27.77,,11.50
3.90340,26.98,,11.68
3.90350,26.39,,11.66
3.90360,26.37,,11.33
3.90370,26.70,,11.29
3.90380,26.61,,11.39
3.90390,26.68,,11.68
3.90400,26.66,,11.83
3.90410,26.68,,11.85
3.90420,26.77,,11.83
3.90430,26.74,,11.85
3.90440,27.14,,11.61
3.90450,27.97,,11.39
3.90460,28.75,,11.35
3.90470,29.24,,11.33
3.90480,29.45,,11.40
3.90490,29.86,,11.61
3.90500,30.31,,11.68
3.90510,30.58,,11.83
3.90520,31.56,,11.68
3.90530,32.63,,11.66
3.90540,33.75,,11.62
3.90550,34.69,,11.55
3.90560,35.22,,11.50
3.90570,35.64,,11.40
3.90580,36.49,,11.44
3.90590,37.35,,11.51
3.90600,38.20,,11.72
3.90610,39.25,,11.91
3.90620,39.38,,12.07
3.90630,39.05,,11.85
3.90640,38.96,,11.78
3.90650,38.55,,11.40
3.90660,38.49,,11.18
3.90670,39.11,,11.18
3.90680,40.00,,11.19
3.90690,41.46,,11.50
3.90700,42.99,,11.85
3.90710,43.86,,12.01
3.90720,45.30,,12.16
3.90730,46.53,,11.89
3.90740,47.52,,11.68
3.90750,48.14,,11.33
3.90760,48.34,,11.18
3.90770,48.59,,11.19
3.90780,49.13,,11.44
3.90790,49.26,,11.68
3.90800,48.92,,11.89
3.90810,48.78,,11.85
3.90820,48.67,,11.66
3.90830,48.37,,11.51
3.90840,48.03,,11.33
3.90850,47.67,,11.35
3.90860,47.84,,11.66
3.90870,48.22,,11.83
3.90880,48.95,,11.85
3.90890,50.30,,11.83
3.90900,51.45,,11.85
3.90910,52.75,,11.66
3.90920,52.72,,11.51
3.90930,52.33,,11.33
3.90940,51.94,,11.40
3.90950,51.53,,11.44
3.90960,51.29,,11.50
3.90970,51.25,,11.40
3.90980,51.64,,11.28
3.90990,52.15,,11.51
3.91000,52.83,,11.78
3.91010,53.75,,11.91
3.91020,54.20,,12.01
3.91030,54.86,,12.03
3.91040,55.07,,12.01
3.91050,55.28,,11.79
3.91060,55.34,,11.55
3.91070,55.11,,11.50
3.91080,55.00,,11.51
3.91090,54.92,,11.50
3.91100,54.48,,11.68
3.91110,53.63,,11.72
3.91120,52.66,,11.79
3.91130,51.42,,11.66
3.91140,49.76,,11.85
3.91150,47.89,,11.83
3.91160,46.16,,12.01
3.91170,44.54,,12.03
3.91180,42.96,,11.83
3.91190,41.40,,11.51
3.91200,39.94,,11.61
3.91210,38.65,,11.57
3.91220,37.74,,11.66
3.91230,36.91,,11.68
3.91240,36.89,,11.83
3.91250,37.65,,12.03
3.91260,38.89,,11.89
3.91270,40.64,,11.95
3.91280,42.68,,12.03
3.91290,44.32,,12.01
3.91300,44.77,,12.03
3.91310,44.50,,12.01
3.91320,44.06,,11.85
3.91330,43.46,,11.66
3.91340,42.69,,11.57
3.91350,42.20,,11.61
3.91360,41.96,,11.66
3.91370,42.09,,12.03
3.91380,41.84,,12.19
3.91390,41.55,,12.41
3.91400,41.22,,12.13
3.91410,40.74,,11.91
3.91420,40.08,,11.72
3.91430,39.70,,11.62
3.91440,39.25,,11.66
3.91450,39.02,,11.85
3.91460,39.61,,12.01
3.91470,39.72,,12.19
3.91480,38.46,,12.41
3.91490,37.08,,11.95
3.91500,36.32,,11.68
3.91510,36.06,,11.50
3.91520,36.08,,11.45
3.91530,36.73,,11.78
3.91540,37.47,,11.85
3.91550,37.68,,12.19
3.91560,37.85,,12.19
3.91570,38.24,,12.41
3.91580,39.04,,12.19
3.91590,38.50,,11.85
3.91600,38.50,,11.83
3.91610,37.53,,11.74
3.91620,36.47,,11.78
3.91630,35.03,,11.68
3.91640,34.39,,11.66
3.91650,34.17,,11.79
3.91660,34.37,,11.72
3.91670,34.73,,11.83
3.91680,35.28,,12.03
3.91690,36.00,,12.19
3.91700,35.16,,12.22
3.91710,34.28,,12.13
3.91720,33.47,,11.91
3.91730,32.70,,11.83
3.91740,32.55,,11.51
3.91750,32.76,,11.66
3.91760,33.10,,11.95
3.91770,33.20,,12.16
3.91780,33.50,,12.51
3.91790,33.91,,12.41
3.91800,34.95,,12.19
3.91810,35.78,,11.85
3.91820,37.17,,11.66
3.91830,38.09,,11.51
3.91840,37.44,,11.83
3.91850,36.00,,12.16
3.91860,34.99,,12.32
3.91870,34.80,,12.32
3.91880,35.14,,12.22
3.91890,35.28,,12.13
3.91900,34.71,,12.03
3.91910,34.28,,11.89
3.91920,33.38,,11.85
3.91930,33.39,,11.72
3.91940,33.91,,11.91
3.91950,34.81,,11.89
3.91960,35.46,,12.19
3.91970,35.88,,12.22
3.91980,35.88,,12.19
3.91990,34.96,,12.16
3.92000,34.23,,12.19
3.92010,34.16,,12.16
3.92020,33.69,,12.13
3.92030,33.11,,12.03
3.92040,32.86,,12.13
3.92050,33.11,,12.28
3.92060,33.24,,12.38
3.92070,32.42,,12.51
3.92080,31.86,,12.28
3.92090,31.56,,12.19
3.92100,31.54,,11.85
3.92110,31.95,,11.83
3.92120,32.88,,12.03
3.92130,33.83,,12.26
3.92140,33.45,,12.54
3.92150,32.69,,12.44
3.92160,31.70,,12.32
3.92170,31.67,,12.03
3.92180,32.03,,11.83
3.92190,31.39,,12.03
3.92200,29.87,,12.19
3.92210,27.90,,12.41
3.92220,26.82,,12.57
3.92230,26.20,,12.61
3.92240,25.99,,12.64
3.92250,26.15,,12.34
3.92260,26.38,,12.01
3.92270,26.86,,11.83
3.92280,27.67,,11.85
3.92290,28.98,,12.01
3.92300,30.28,,12.41
3.92310,30.98,,12.57
3.92320,30.94,,12.67
3.92330,30.92,,12.51
3.92340,30.57,,12.22
3.92350,30.49,,11.83
3.92360,31.29,,11.83
3.92370,32.44,,12.03
3.92380,32.58,,12.32
3.92390,32.84,,12.67
3.92400,33.93,,12.77
3.92410,35.13,,12.74
3.92420,35.88,,12.64
3.92430,35.85,,12.34
3.92440,36.06,,11.72
3.92450,36.27,,11.51
3.92460,36.67,,11.50
3.92470,37.51,,12.01
3.92480,38.15,,12.28
3.92490,38.54,,12.71
3.92500,38.12,,12.67
3.92510,37.53,,12.84
3.92520,36.71,,12.47
3.92530,35.83,,12.19
3.92540,35.44,,12.22
3.92550,35.54,,12.07
3.92560,36.15,,12.51
3.92570,35.55,,12.61
3.92580,34.48,,12.77
3.92590,34.00,,12.74
3.92600,33.70,,12.57
3.92610,33.09,,12.28
3.92620,32.21,,11.95
3.92630,31.90,,11.91
3.92640,31.66,,11.83
3.92650,31.33,,12.16
3.92660,31.19,,12.26
3.92670,31.21,,12.38
3.92680,31.45,,12.54
3.92690,31.85,,12.44
3.92700,32.32,,12.41
3.92710,32.50,,12.57
3.92720,32.37,,12.61
3.92730,31.76,,12.77
3.92740,31.04,,12.95
3.92750,30.93,,12.84
3.92760,31.19,,12.77
3.92770,32.42,,12.61
3.92780,32.42,,12.44
3.92790,33.14,,12.16
3.92800,33.97,,12.19
3.92810,34.90,,12.03
3.92820,36.10,,12.19
3.92830,36.37,,12.28
3.92840,35.65,,12.51
3.92850,35.12,,12.47
3.92860,34.88,,12.51
3.92870,35.34,,12.64
3.92880,36.14,,12.54
3.92890,37.11,,12.57
3.92900,37.85,,12.81
3.92910,38.00,,12.77
3.92920,37.94,,12.61
3.92930,37.32,,12.44
3.92940,36.89,,12.16
3.92950,36.30,,12.19
3.92960,35.91,,12.19
3.92970,35.80,,12.61
3.92980,35.58,,12.77
3.92990,35.29,,12.81
3.93000,35.37,,12.84
3.93010,35.50,,12.74
3.93020,35.75,,12.64
3.93030,35.51,,12.54
3.93040,35.41,,12.71
3.93050,35.39,,12.81
3.93060,34.69,,12.71
3.93070,33.51,,12.71
3.93080,32.83,,12.41
3.93090,32.64,,12.38
3.93100,32.59,,12.03
3.93110,31.95,,12.01
3.93120,31.17,,12.22
3.93130,31.08,,12.77
3.93140,31.20,,13.02
3.93150,31.40,,13.19
3.93160,31.77,,13.27
3.93170,32.00,,12.95
3.93180,32.31,,12.77
3.93190,32.84,,12.61
3.93200,32.97,,12.44
3.93210,32.79,,12.41
3.93220,32.41,,12.51
3.93230,32.27,,12.61
3.93240,32.44,,12.77
3.93250,32.99,,13.02
3.93260,33.40,,12.98
3.93270,33.15,,12.77
3.93280,32.78,,12.74
3.93290,32.67,,12.57
3.93300,33.25,,12.47
3.93310,34.43,,12.38
3.93320,36.22,,12.28
3.93330,38.02,,12.51
3.93340,39.67,,12.81
3.93350,40.61,,13.05
3.93360,40.90,,13.16
3.93370,41.32,,13.05
3.93380,41.95,,12.71
3.93390,42.64,,12.41
3.93400,43.77,,12.44
3.93410,44.63,,12.41
3.93420,44.77,,12.57
3.93430,45.05,,12.74
3.93440,46.05,,12.91
3.93450,46.96,,13.09
3.93460,48.17,,12.98
3.93470,49.58,,12.98
3.93480,50.90,,12.81
3.93490,51.92,,12.57
3.93500,52.23,,12.41
3.93510,52.27,,12.38
3.93520,52.72,,12.41
3.93530,53.02,,12.51
3.93540,53.60,,12.67
3.93550,54.56,,12.57
3.93560,55.32,,12.95
3.93570,55.94,,13.05
3.93580,56.00,,13.19
3.93590,55.62,,13.02
3.93600,55.41,,12.77
3.93610,55.17,,12.54
3.93620,55.34,,12.26
3.93630,55.67,,12.09
3.93640,55.82,,12.32
3.93650,55.71,,12.41
3.93660,56.12,,12.71
3.93670,56.51,,13.27
3.93680,56.63,,13.39
3.93690,57.07,,13.49
3.93700,57.60,,13.46
3.93710,58.46,,13.27
3.93720,59.35,,12.95
3.93730,60.20,,12.77
3.93740,60.70,,12.74
3.93750,60.90,,12.64
3.93760,60.47,,12.61
3.93770,59.92,,12.57
3.93780,59.52,,12.57
3.93790,59.59,,12.54
3.93800,59.56,,12.64
3.93810,59.74,,12.81
3.93820,59.96,,12.98
3.93830,60.65,,13.02
3.93840,61.70,,12.98
3.93850,62.86,,12.81
3.93860,64.14,,12.98
3.93870,64.99,,12.84
3.93880,65.43,,12.81
3.93890,65.92,,12.91
3.93900,66.47,,13.02
3.93910,67.55,,13.27
3.93920,69.04,,13.39
3.93930,70.11,,13.27
3.93940,70.86,,13.09
3.93950,71.39,,12.71
3.93960,71.82,,12.41
3.93970,71.93,,12.32
3.93980,72.13,,12.57
3.93990,71.38,,12.95
3.94000,70.25,,13.27
3.94010,68.99,,13.46
3.94020,68.32,,13.41
3.94030,68.04,,13.02
3.94040,68.08,,12.77
3.94050,68.07,,12.61
3.94060,68.02,,12.57
3.94070,67.76,,12.57
3.94080,67.61,,13.02
3.94090,67.33,,13.19
3.94100,67.27,,13.24
3.94110,67.20,,13.27
3.94120,66.88,,13.09
3.94130,66.22,,12.98
3.94140,65.12,,12.81
3.94150,64.24,,12.84
3.94160,63.59,,13.02
3.94170,62.74,,13.34
3.94180,62.27,,13.41
3.94190,61.91,,13.39
3.94200,61.62,,13.41
3.94210,61.75,,13.09
3.94220,61.42,,12.84
3.94230,60.66,,12.81
3.94240,60.31,,12.84
3.94250,60.46,,13.09
3.94260,60.72,,13.12
3.94270,60.99,,13.34
3.94280,61.30,,13.24
3.94290,61.74,,13.05
3.94300,61.90,,12.95
3.94310,62.28,,12.98
3.94320,62.77,,13.02
3.94330,63.49,,12.91
3.94340,64.46,,13.09
3.94350,65.11,,13.19
3.94360,64.82,,13.31
3.94370,64.38,,13.27
3.94380,63.87,,13.27
3.94390,62.54,,13.02
3.94400,61.44,,12.98
3.94410,60.56,,13.02
3.94420,60.47,,13.19
3.94430,60.71,,13.24
3.94440,61.18,,13.34
3.94450,61.95,,13.31
3.94460,62.90,,13.34
3.94470,63.67,,13.12
3.94480,64.08,,13.16
3.94490,64.29,,13.05
3.94500,64.31,,13.09
3.94510,64.03,,13.27
3.94520,63.20,,13.24
3.94530,61.72,,13.27
3.94540,60.47,,13.16
3.94550,59.20,,12.98
3.94560,58.43,,13.02
3.94570,58.02,,12.98
3.94580,57.61,,12.98
3.94590,57.71,,13.24
3.94600,57.89,,13.19
3.94610,58.32,,13.24
3.94620,59.33,,13.19
3.94630,60.86,,13.24
3.94640,62.35,,13.19
3.94650,63.63,,13.31
3.94660,64.22,,13.34
3.94670,64.62,,13.41
3.94680,64.92,,13.46
3.94690,65.01,,13.41
3.94700,64.70,,13.39
3.94710,64.35,,13.27
3.94720,64.54,,13.09
3.94730,64.09,,13.12
3.94740,63.24,,12.95
3.94750,62.37,,12.84
3.94760,62.21,,13.09
3.94770,62.22,,13.12
3.94780,61.29,,13.41
3.94790,59.92,,13.46
3.94800,58.36,,13.49
3.94810,56.98,,13.39
3.94820,55.76,,13.19
3.94830,54.77,,13.24
3.94840,53.88,,13.05
3.94850,53.20,,13.16
3.94860,52.81,,13.41
3.94870,52.64,,13.49
3.94880,52.00,,13.61
3.94890,51.43,,13.64
3.94900,51.53,,13.54
3.94910,51.84,,13.56
3.94920,52.52,,13.24
3.94930,53.32,,13.12
3.94940,54.97,,13.09
3.94950,56.46,,12.98
3.94960,57.04,,13.24
3.94970,56.96,,13.41
3.94980,55.68,,13.64
3.94990,54.19,,13.77
3.95000,53.12,,13.56
3.95010,52.74,,13.24
3.95020,52.55,,13.19
3.95030,52.77,,13.02
3.95040,52.44,,13.12
3.95050,52.14,,13.31
3.95060,51.73,,13.49
3.95070,51.17,,13.72
3.95080,50.55,,13.77
3.95090,50.21,,13.64
3.95100,50.22,,13.69
3.95110,50.53,,13.27
3.95120,50.95,,13.16
3.95130,51.94,,13.05
3.95140,52.91,,13.24
3.95150,53.02,,13.41
3.95160,53.14,,13.54
3.95170,53.33,,13.72
3.95180,53.43,,13.72
3.95190,53.04,,13.69
3.95200,51.87,,13.72
3.95210,50.42,,13.54
3.95220,49.56,,13.41
3.95230,48.89,,13.24
3.95240,48.46,,13.27
3.95250,48.47,,13.24
3.95260,48.26,,13.12
3.95270,47.98,,13.27
3.95280,48.35,,13.39
3.95290,49.01,,13.72
3.95300,49.77,,13.69
3.95310,50.84,,13.56
3.95320,52.77,,13.46
3.95330,54.73,,13.34
3.95340,56.18,,13.31
3.95350,56.59,,13.34
3.95360,56.28,,13.54
3.95370,55.78,,13.56
3.95380,54.92,,13.96
3.95390,53.25,,13.93
3.95400,51.31,,14.04
3.95410,50.19,,13.85
3.95420,49.28,,13.72
3.95430,47.76,,13.31
3.95440,46.86,,12.98
3.95450,46.91,,12.81
3.95460,47.71,,12.77
3.95470,48.45,,13.12
3.95480,49.10,,13.24
3.95490,49.99,,13.56
3.95500,50.50,,14.01
3.95510,51.11,,14.20
3.95520,51.32,,14.18
3.95530,51.53,,14.12
3.95540,52.22,,13.61
3.95550,53.25,,13.27
3.95560,54.19,,13.02
3.95570,55.14,,12.98
3.95580,56.02,,13.41
3.95590,56.27,,13.77
3.95600,55.94,,14.04
3.95610,55.46,,14.18
3.95620,55.37,,13.88
3.95630,55.72,,13.69
3.95640,55.98,,13.27
3.95650,55.48,,13.09
3.95660,54.68,,13.12
3.95670,53.75,,13.41
3.95680,52.58,,13.69
3.95690,51.49,,13.88
3.95700,50.44,,14.01
3.95710,49.87,,13.88
3.95720,49.70,,13.54
3.95730,49.51,,13.41
3.95740,49.41,,13.24
3.95750,49.38,,13.27
3.95760,49.28,,13.39
3.95770,49.29,,13.72
3.95780,49.60,,13.88
3.95790,50.15,,14.18
3.95800,50.22,,14.04
3.95810,50.52,,13.69
3.95820,50.76,,13.56
3.95830,51.57,,13.24
3.95840,52.87,,13.12
3.95850,54.13,,13.39
3.95860,55.27,,13.64
3.95870,55.12,,13.88
3.95880,54.96,,13.93
3.95890,54.93,,14.12
3.95900,54.23,,13.77
3.95910,52.58,,13.80
3.95920,51.40,,13.77
3.95930,50.20,,13.72
3.95940,46.83,,13.54
3.95950,46.98,,13.41
3.95960,47.61,,13.54
3.95970,48.22,,13.56
3.95980,48.93,,13.88
3.95990,49.64,,13.69
3.96000,50.64,,13.72
3.96010,50.84,,13.61
3.96020,50.99,,13.80
3.96030,50.96,,13.69
3.96040,50.84,,13.88
3.96050,50.68,,13.85
3.96060,50.80,,13.88
3.96070,51.91,,13.85
3.96080,52.60,,13.56
3.96090,53.06,,13.56
3.96100,53.29,,13.39
3.96110,53.25,,13.56
3.96120,52.88,,13.69
3.96130,52.37,,13.96
3.96140,51.15,,14.27
3.96150,49.75,,14.37
3.96160,48.50,,14.35
3.96170,47.20,,14.04
3.96180,46.44,,13.72
3.96190,45.97,,13.24
3.96200,45.97,,13.19
3.96210,46.44,,13.02
3.96220,47.31,,13.27
3.96230,47.92,,13.69
3.96240,48.22,,14.04
3.96250,48.23,,14.18
3.96260,48.68,,14.37
3.96270,48.96,,14.01
3.96280,48.84,,13.72
3.96290,49.04,,13.27
3.96300,49.85,,13.46
3.96310,50.76,,13.49
3.96320,50.91,,13.85
3.96330,51.21,,14.20
3.96340,51.73,,14.53
3.96350,52.92,,14.72
3.96360,54.18,,14.53
3.96370,54.80,,14.04
3.96380,55.05,,13.64
3.96390,55.52,,13.24
3.96400,56.19,,13.05
3.96410,56.51,,13.09
3.96420,56.16,,13.49
3.96430,55.04,,13.77
3.96440,54.05,,14.04
3.96450,53.12,,14.35
3.96460,52.34,,14.37
3.96470,51.51,,14.18
3.96480,50.46,,13.88
3.96490,49.94,,13.72
3.96500,49.96,,13.54
3.96510,50.57,,13.56
3.96520,51.45,,13.54
3.96530,52.62,,13.88
3.96540,53.53,,14.01
3.96550,54.19,,14.04
3.96560,54.25,,14.18
3.96570,54.15,,14.20
3.96580,53.75,,14.20
3.96590,52.91,,14.01
3.96600,52.05,,14.04
3.96610,51.49,,13.69
3.96620,51.39,,13.72
3.96630,52.00,,13.39
3.96640,52.90,,13.41
3.96650,53.52,,13.69
3.96660,53.40,,13.88
3.96670,53.49,,14.18
3.96680,54.23,,14.12
3.96690,55.01,,14.12
3.96700,55.53,,14.18
3.96710,55.72,,14.20
3.96720,55.97,,14.18
3.96730,55.79,,13.88
3.96740,55.93,,13.61
3.96750,56.90,,13.41
3.96760,58.57,,13.46
3.96770,60.31,,13.56
3.96780,61.54,,13.88
3.96790,62.93,,14.01
3.96800,64.62,,14.20
3.96810,66.28,,14.10
3.96820,68.31,,13.88
3.96830,70.79,,13.77
3.96840,72.78,,13.56
3.96850,74.01,,13.85
3.96860,74.86,,14.04
3.96870,75.29,,14.35
3.96880,75.45,,14.90
3.96890,75.34,,14.90
3.96900,74.28,,14.71
3.96910,72.51,,14.63
3.96920,71.03,,14.27
3.96930,68.69,,13.72
3.96940,67.01,,13.09
3.96950,65.88,,12.84
3.96960,65.68,,12.95
3.96970,65.76,,13.19
3.96980,65.31,,13.64
3.96990,65.12,,14.01
3.97000,64.57,,14.20
3.97010,64.62,,14.27
3.97020,64.77,,14.29
3.97030,65.19,,14.01
3.97040,65.68,,14.12
3.97050,66.38,,14.18
3.97060,66.60,,14.29
3.97070,66.47,,14.71
3.97080,66.80,,14.72
3.97090,67.33,,14.72
3.97100,67.99,,14.62
3.97110,68.51,,14.29
3.97120,68.69,,13.69
3.97130,69.11,,13.27
3.97140,69.95,,13.24
3.97150,70.66,,13.19
3.97160,71.28,,13.46
3.97170,71.92,,13.88
3.97180,72.18,,14.04
3.97190,72.51,,14.01
3.97200,72.91,,14.04
3.97210,72.56,,13.54
3.97220,72.64,,13.19
3.97230,73.57,,13.16
3.97240,74.59,,13.49
3.97250,75.40,,13.93
3.97260,76.13,,14.90
3.97270,75.38,,15.27
3.97280,73.80,,15.88
3.97290,71.76,,15.68
3.97300,70.37,,15.47
3.97310,69.45,,14.90
3.97320,69.36,,14.01
3.97330,69.34,,13.12
3.97340,69.09,,12.54
3.97350,68.99,,12.71
3.97360,68.80,,13.09
3.97370,68.31,,13.88
3.97380,67.98,,14.37
3.97390,67.78,,14.71
3.97400,67.58,,14.81
3.97410,66.47,,14.44
3.97420,65.55,,14.12
3.97430,64.72,,13.69
3.97440,63.61,,13.49
3.97450,63.40,,13.54
3.97460,63.04,,13.88
3.97470,62.88,,14.27
3.97480,62.53,,14.63
3.97490,61.34,,14.90
3.97500,60.16,,14.53
3.97510,58.83,,14.54
3.97520,58.57,,14.01
3.97530,58.80,,13.88
3.97540,58.56,,13.69
3.97550,58.25,,13.88
3.97560,57.51,,14.10
3.97570,57.18,,14.29
3.97580,56.57,,14.72
3.97590,55.47,,14.53
3.97600,53.99,,14.20
3.97610,52.62,,13.85
3.97620,51.95,,13.56
3.97630,50.98,,13.39
3.97640,50.07,,13.49
3.97650,49.13,,13.93
3.97660,48.90,,14.37
3.97670,49.26,,15.08
3.97680,49.32,,15.28
3.97690,49.70,,15.28
3.97700,50.01,,14.89
3.97710,50.18,,14.20
3.97720,49.64,,13.69
3.97730,47.61,,13.41
3.97740,45.53,,13.39
3.97750,43.94,,13.72
3.97760,42.42,,14.18
3.97770,41.66,,14.54
3.97780,41.63,,14.90
3.97790,42.01,,15.08
3.97800,42.70,,14.72
3.97810,43.73,,14.53
3.97820,45.19,,14.20
3.97830,46.74,,13.69
3.97840,47.91,,13.41
3.97850,48.19,,13.69
3.97860,47.81,,13.88
3.97870,46.50,,14.18
3.97880,44.75,,14.37
3.97890,43.16,,14.54
3.97900,41.87,,14.35
3.97910,40.93,,14.37
3.97920,40.13,,14.18
3.97930,38.92,,14.04
3.97940,38.13,,14.01
3.97950,37.61,,14.04
3.97960,37.24,,13.93
3.97970,36.90,,13.96
3.97980,36.93,,13.88
3.97990,37.60,,14.01
3.98000,38.36,,14.04
3.98010,39.66,,14.18
3.98020,40.55,,14.04
3.98030,41.29,,14.44
3.98040,41.46,,14.63
3.98050,40.80,,14.89
3.98060,39.84,,15.09
3.98070,38.84,,14.89
3.98080,37.96,,14.72
3.98090,37.49,,14.37
3.98100,37.16,,13.69
3.98110,37.14,,13.34
3.98120,37.57,,13.02
3.98130,38.25,,13.12
3.98140,38.25,,13.54
3.98150,37.28,,14.04
3.98160,35.75,,14.53
3.98170,34.64,,14.54
3.98180,34.13,,14.72
3.98190,33.72,,14.71
3.98200,33.56,,14.54
3.98210,34.13,,14.27
3.98220,34.60,,14.12
3.98230,34.11,,14.18
3.98240,33.28,,14.37
3.98250,32.12,,14.44
3.98260,30.95,,14.63
3.98270,30.15,,14.71
3.98280,30.08,,14.90
3.98290,30.50,,14.54
3.98300,30.01,,14.18
3.98310,30.08,,13.72
3.98320,30.62,,13.69
3.98330,31.38,,13.41
3.98340,31.87,,13.69
3.98350,32.10,,13.88
3.98360,31.52,,13.93
3.98370,30.00,,14.12
3.98380,28.53,,14.37
3.98390,26.76,,14.18
3.98400,25.26,,14.37
3.98410,23.98,,14.18
3.98420,22.92,,14.12
3.98430,22.20,,14.18
3.98440,21.68,,14.46
3.98450,21.86,,14.89
3.98460,22.29,,15.48
3.98470,23.20,,15.47
3.98480,24.59,,15.48
3.98490,26.10,,15.00
3.98500,28.14,,14.44
3.98510,29.60,,13.64
3.98520,29.52,,13.24
3.98530,28.55,,13.19
3.98540,27.67,,13.46
3.98550,27.40,,13.88
3.98560,27.49,,13.93
3.98570,28.38,,14.12
3.98580,29.22,,14.12
3.98590,30.11,,14.35
3.98600,30.70,,14.46
3.98610,30.84,,14.80
3.98620,30.83,,14.90
3.98630,31.24,,14.89
3.98640,32.06,,14.90
3.98650,32.58,,14.71
3.98660,33.03,,14.37
3.98670,32.43,,14.18
3.98680,31.34,,13.88
3.98690,30.69,,14.04
3.98700,30.26,,14.01
3.98710,30.10,,13.88
3.98720,29.66,,14.01
3.98730,29.56,,14.20
3.98740,29.66,,14.27
3.98750,29.58,,14.12
3.98760,29.95,,14.18
3.98770,29.88,,14.12
3.98780,29.54,,14.10
3.98790,28.83,,14.04
3.98800,28.20,,14.20
3.98810,27.78,,14.53
3.98820,27.31,,14.54
3.98830,27.42,,14.80
3.98840,28.07,,14.63
3.98850,28.72,,14.53
3.98860,29.91,,14.29
3.98870,30.95,,13.93
3.98880,31.64,,13.88
3.98890,31.67,,13.64
3.98900,32.07,,13.77
3.98910,32.86,,14.04
3.98920,33.87,,14.18
3.98930,34.94,,14.54
3.98940,35.77,,14.53
3.98950,36.47,,14.37
3.98960,35.85,,14.44
3.98970,34.68,,14.29
3.98980,33.12,,14.18
3.98990,31.19,,14.04
3.99000,29.67,,14.04
3.99010,28.51,,14.01
3.99020,27.96,,14.04
3.99030,27.77,,14.18
3.99040,28.09,,14.37
3.99050,28.69,,14.71
3.99060,29.57,,14.90
3.99070,30.86,,15.08
3.99080,31.74,,15.09
3.99090,32.31,,14.54
3.99100,32.69,,14.18
3.99110,33.12,,13.88
3.99120,33.66,,13.54
3.99130,34.58,,13.27
3.99140,35.88,,13.61
3.99150,37.31,,13.88
3.99160,38.45,,14.27
3.99170,39.13,,14.72
3.99180,39.19,,14.89
3.99190,39.53,,14.90
3.99200,40.01,,14.72
3.99210,40.30,,14.35
3.99220,40.26,,14.37
3.99230,39.84,,14.35
3.99240,38.90,,14.20
3.99250,37.95,,14.35
3.99260,37.04,,14.37
3.99270,36.61,,14.53
3.99280,36.93,,14.54
3.99290,37.60,,14.20
3.99300,38.81,,14.01
3.99310,40.26,,13.96
3.99320,41.35,,14.10
3.99330,42.50,,14.20
3.99340,43.34,,14.35
3.99350,44.31,,14.37
3.99360,45.50,,14.18
3.99370,47.16,,14.04
3.99380,49.26,,13.85
3.99390,51.35,,13.64
3.99400,53.10,,13.64
3.99410,54.07,,13.85
3.99420,54.49,,14.37
3.99430,53.92,,14.71
3.99440,53.44,,15.09
3.99450,53.69,,15.47
3.99460,53.73,,15.48
3.99470,53.60,,15.08
3.99480,53.35,,14.54
3.99490,53.13,,14.20
3.99500,52.81,,13.69
3.99510,52.18,,13.80
3.99520,50.61,,13.77
3.99530,48.63,,13.88
3.99540,47.29,,14.18
3.99550,46.22,,14.20
3.99560,45.67,,14.18
3.99570,45.44,,13.88
3.99580,44.85,,14.01
3.99590,44.36,,13.88
3.99600,43.84,,14.04
3.99610,43.42,,14.01
3.99620,43.64,,14.37
3.99630,43.26,,14.35
3.99640,42.88,,14.46
3.99650,42.78,,14.62
3.99660,43.02,,14.54
3.99670,43.12,,14.71
3.99680,43.26,,14.37
3.99690,43.82,,14.37
3.99700,44.42,,14.53
3.99710,44.74,,14.72
3.99720,44.97,,14.71
3.99730,45.91,,14.54
3.99740,47.36,,14.27
3.99750,48.27,,13.96
3.99760,48.52,,13.69
3.99770,48.74,,13.72
3.99780,48.34,,13.54
3.99790,47.94,,13.88
3.99800,48.42,,14.04
3.99810,49.32,,14.35
3.99820,49.96,,14.54
3.99830,50.51,,14.71
3.99840,51.07,,14.90
3.99850,51.79,,14.89
3.99860,52.84,,14.72
3.99870,54.17,,14.71
3.99880,55.72,,14.54
3.99890,56.79,,14.04
3.99900,56.42,,13.85
3.99910,55.96,,13.72
3.99920,56.09,,13.85
3.99930,56.00,,13.88
3.99940,55.66,,14.01
3.99950,54.50,,14.37
3.99960,52.42,,14.53
3.99970,50.23,,14.90
3.99980,48.69,,14.71
3.99990,47.60,,14.54
4.00000,47.01,,14.29
4.00010,47.05,,14.10
4.00020,46.63,,14.04
4.00030,45.84,,14.01
4.00040,44.26,,14.04
4.00050,43.60,,14.35
4.00060,43.21,,14.63
4.00070,42.87,,14.62
4.00080,42.81,,14.54
4.00090,41.99,,14.37
4.00100,41.30,,14.35
4.00110,40.30,,14.12
4.00120,38.70,,13.93
4.00130,37.67,,13.72
4.00140,37.20,,13.85
4.00150,37.15,,13.88
4.00160,37.25,,14.35
4.00170,37.38,,14.54
4.00180,37.07,,14.71
4.00190,37.20,,15.09
4.00200,36.53,,14.90
4.00210,35.25,,14.89
4.00220,34.36,,14.90
4.00230,33.26,,14.53
4.00240,31.14,,14.12
4.00250,29.37,,13.93
4.00260,28.41,,13.88
4.00270,27.86,,13.85
4.00280,27.39,,13.88
4.00290,26.53,,14.04
4.00300,26.06,,14.10
4.00310,25.76,,14.12
4.00320,25.77,,14.18
4.00330,25.30,,14.12
4.00340,24.98,,14.10
4.00350,25.19,,14.37
4.00360,25.41,,14.71
4.00370,25.78,,14.72
4.00380,26.33,,14.71
4.00390,27.10,,14.90
4.00400,27.44,,14.72
4.00410,27.30,,14.89
4.00420,26.64,,14.54
4.00430,26.65,,14.35
4.00440,27.14,,14.37
4.00450,27.56,,14.35
4.00460,27.01,,14.37
4.00470,25.85,,14.18
4.00480,25.36,,14.04
4.00490,24.85,,13.96
4.00500,24.55,,13.93
4.00510,23.71,,13.88
4.00520,22.32,,14.01
4.00530,21.45,,14.37
4.00540,20.21,,14.35
4.00550,19.21,,14.54
4.00560,19.11,,14.53
4.00570,19.56,,14.54
4.00580,20.08,,14.35
4.00590,20.76,,14.29
4.00600,21.31,,14.29
4.00610,21.11,,14.35
4.00620,20.22,,14.72
4.00630,20.11,,14.71
4.00640,20.33,,14.72
4.00650,20.48,,14.71
4.00660,20.95,,14.72
4.00670,21.26,,14.35
4.00680,21.49,,13.88
4.00690,21.39,,13.72
4.00700,20.38,,13.61
4.00710,19.29,,13.80
4.00720,19.24,,14.01
4.00730,18.85,,14.20
4.00740,18.43,,14.53
4.00750,18.50,,14.54
4.00760,18.32,,14.71
4.00770,18.36,,14.54
4.00780,18.65,,14.44
4.00790,19.34,,14.37
4.00800,20.50,,14.29
4.00810,21.38,,14.27
4.00820,21.32,,14.46
4.00830,20.86,,14.53
4.00840,20.81,,14.54
4.00850,20.55,,14.71
4.00860,20.80,,14.54
4.00870,21.03,,14.35
4.00880,20.91,,13.96
4.00890,20.75,,13.80
4.00900,20.85,,13.77
4.00910,21.08,,13.96
4.00920,20.99,,14.18
4.00930,21.04,,14.29
4.00940,21.10,,14.44
4.00950,21.29,,14.63
4.00960,21.33,,14.62
4.00970,21.31,,14.54
4.00980,20.36,,14.53
4.00990,19.77,,14.20
4.01000,19.41,,14.20
4.01010,19.38,,14.18
4.01020,19.27,,14.04
4.01030,19.08,,14.18
4.01040,18.98,,14.37
4.01050,17.64,,14.18
4.01060,16.19,,14.54
4.01070,15.80,,14.35
4.01080,15.13,,14.37
4.01090,15.55,,14.20
4.01100,16.22,,14.18
4.01110,16.71,,14.20
4.01120,17.03,,14.18
4.01130,17.70,,14.20
4.01140,18.19,,14.35
4.01150,18.84,,14.54
4.01160,19.53,,14.71
4.01170,19.95,,14.46
4.01180,20.27,,14.44
4.01190,20.71,,14.12
4.01200,21.14,,13.88
4.01210,21.21,,13.93
4.01220,21.32,,13.88
4.01230,21.60,,14.01
4.01240,21.92,,14.37
4.01250,22.39,,14.35
4.01260,22.93,,14.54
4.01270,23.92,,14.35
4.01280,25.27,,14.37
4.01290,26.70,,14.20
4.01300,27.90,,14.18
4.01310,28.61,,14.20
4.01320,28.97,,13.85
4.01330,28.78,,14.20
4.01340,28.86,,14.18
4.01350,28.67,,14.54
4.01360,28.27,,14.35
4.01370,27.97,,14.54
4.01380,27.53,,14.18
4.01390,26.97,,14.37
4.01400,26.25,,13.88
4.01410,25.57,,14.01
4.01420,25.39,,13.88
4.01430,25.57,,14.18
4.01440,25.82,,14.29
4.01450,25.17,,14.27
4.01460,24.58,,14.37
4.01470,24.66,,14.35
4.01480,23.52,,14.20
4.01490,22.51,,14.10
4.01500,21.46,,14.12
4.01510,20.40,,13.88
4.01520,19.34,,14.01
4.01530,18.44,,14.20
4.01540,17.94,,14.35
4.01550,17.22,,14.72
4.01560,16.84,,14.71
4.01570,16.43,,14.72
4.01580,16.11,,14.71
4.01590,15.72,,14.37
4.01600,14.94,,14.12
4.01610,14.11,,13.93
4.01620,13.24,,13.88
4.01630,13.08,,13.93
4.01640,13.34,,14.12
4.01650,13.98,,14.35
4.01660,15.47,,14.46
4.01670,17.12,,14.44
4.01680,18.52,,14.37
4.01690,19.60,,14.35
4.01700,20.45,,14.04
4.01710,21.54,,14.04
4.01720,22.27,,14.01
4.01730,22.77,,14.20
4.01740,23.55,,14.53
4.01750,24.07,,14.37
4.01760,24.01,,14.35
4.01770,23.97,,14.37
4.01780,23.72,,14.35
4.01790,23.70,,14.20
4.01800,23.92,,13.96
4.01810,24.19,,13.93
4.01820,24.24,,13.88
4.01830,24.08,,14.01
4.01840,23.47,,14.37
4.01850,22.79,,14.62
4.01860,22.59,,14.63
4.01870,22.32,,14.53
4.01880,22.74,,14.37
4.01890,23.42,,14.18
4.01900,23.54,,14.04
4.01910,23.14,,14.20
4.01920,22.73,,14.01
4.01930,22.54,,14.20
4.01940,22.57,,14.18
4.01950,22.67,,14.04
4.01960,22.76,,14.01
4.01970,23.42,,14.04
4.01980,24.55,,13.85
4.01990,25.30,,13.80
4.02000,26.03,,13.80
4.02010,26.95,,13.77
4.02020,26.62,,13.96
4.02030,25.20,,14.18
4.02040,24.07,,14.37
4.02050,23.04,,14.62
4.02060,23.53,,14.46
4.02070,23.75,,14.53
4.02080,24.39,,14.37
4.02090,24.88,,14.18
4.02100,26.07,,14.20
4.02110,27.73,,14.12
4.02120,28.69,,14.27
4.02130,29.39,,14.37
4.02140,30.20,,14.18
4.02150,30.22,,14.20
4.02160,29.66,,13.85
4.02170,28.85,,13.72
4.02180,27.91,,13.54
4.02190,27.69,,13.41
4.02200,27.63,,13.56
4.02210,27.84,,13.69
4.02220,28.44,,14.04
4.02230,28.82,,14.53
4.02240,28.54,,14.72
4.02250,27.97,,14.89
4.02260,27.81,,14.90
4.02270,27.89,,14.53
4.02280,28.23,,14.20
4.02290,28.60,,13.85
4.02300,28.60,,13.64
4.02310,29.00,,13.80
4.02320,28.69,,14.01
4.02330,27.83,,14.37
4.02340,26.73,,14.71
4.02350,25.51,,14.72
4.02360,24.70,,14.62
4.02370,24.10,,14.29
4.02380,23.80,,13.69
4.02390,23.51,,13.27
4.02400,23.25,,13.27
4.02410,23.31,,13.39
4.02420,23.65,,13.72
4.02430,24.13,,14.18
4.02440,24.34,,14.72
4.02450,23.86,,14.71
4.02460,23.62,,14.72
4.02470,23.42,,14.44
4.02480,23.02,,14.12
4.02490,22.76,,13.85
4.02500,23.15,,13.72
4.02510,24.02,,13.64
4.02520,24.65,,13.93
4.02530,25.29,,14.12
4.02540,25.96,,14.44
4.02550,26.49,,14.72
4.02560,26.44,,14.53
4.02570,26.66,,14.46
4.02580,27.16,,14.27
4.02590,27.84,,13.88
4.02600,28.47,,13.56
4.02610,28.88,,13.69
4.02620,29.05,,13.64
4.02630,29.09,,13.77
4.02640,29.60,,14.04
4.02650,30.21,,14.18
4.02660,30.33,,14.04
4.02670,30.36,,14.01
4.02680,30.25,,14.04
4.02690,30.18,,14.01
4.02700,30.47,,14.04
4.02710,30.39,,14.04
4.02720,30.04,,14.01
4.02730,29.71,,14.20
4.02740,29.47,,14.35
4.02750,29.19,,14.37
4.02760,28.84,,14.35
4.02770,28.71,,14.29
4.02780,28.79,,14.10
4.02790,29.22,,13.88
4.02800,29.97,,13.72
4.02810,30.72,,13.54
4.02820,31.79,,13.41
4.02830,32.94,,13.61
4.02840,34.23,,13.64
4.02850,35.52,,13.93
4.02860,36.11,,14.12
4.02870,37.08,,14.18
4.02880,38.16,,14.37
4.02890,38.87,,14.53
4.02900,39.90,,14.37
4.02910,40.51,,14.04
4.02920,40.91,,13.93
4.02930,40.98,,13.80
4.02940,40.56,,13.54
4.02950,39.79,,13.64
4.02960,39.51,,13.69
4.02970,39.88,,13.96
4.02980,40.41,,14.01
4.02990,40.92,,14.20
4.03000,41.03,,14.37
4.03010,40.20,,14.01
4.03020,39.14,,14.04
4.03030,39.34,,13.85
4.03040,39.15,,13.88
4.03050,37.99,,13.69
4.03060,37.22,,13.72
4.03070,37.31,,13.69
4.03080,37.38,,13.88
4.03090,37.45,,14.01
4.03100,36.66,,14.20
4.03110,35.30,,14.37
4.03120,34.89,,14.35
4.03130,34.61,,14.29
4.03140,35.03,,14.10
4.03150,35.98,,13.72
4.03160,37.06,,13.54
4.03170,37.80,,13.41
4.03180,38.19,,13.54
4.03190,38.38,,13.56
4.03200,38.56,,13.72
4.03210,39.16,,14.01
4.03220,40.10,,14.04
4.03230,40.96,,14.18
4.03240,42.05,,14.20
4.03250,43.36,,14.18
4.03260,44.66,,14.04
4.03270,46.37,,14.18
4.03280,47.91,,14.04
4.03290,49.32,,14.01
4.03300,50.45,,13.88
4.03310,51.65,,13.96
4.03320,52.41,,13.93
4.03330,53.39,,13.72
4.03340,53.99,,13.61
4.03350,54.34,,13.49
4.03360,54.67,,13.54
4.03370,54.66,,13.49
4.03380,54.78,,13.61
4.03390,54.84,,13.72
4.03400,55.46,,13.72
4.03410,55.28,,14.01
4.03420,55.51,,14.04
4.03430,55.84,,14.10
4.03440,56.25,,14.12
4.03450,56.81,,13.85
4.03460,57.22,,13.72
4.03470,57.95,,13.69
4.03480,58.42,,13.64
4.03490,58.87,,13.46
4.03500,59.45,,13.72
4.03510,59.25,,13.88
4.03520,58.33,,13.85
4.03530,57.67,,14.04
4.03540,57.35,,13.85
4.03550,57.08,,13.80
4.03560,56.55,,13.61
4.03570,56.03,,13.41
4.03580,55.71,,13.31
4.03590,55.21,,13.19
4.03600,54.93,,13.41
4.03610,54.62,,13.69
4.03620,54.24,,13.88
4.03630,54.01,,14.01
4.03640,53.12,,14.04
4.03650,52.29,,13.69
4.03660,51.14,,13.88
4.03670,51.03,,13.54
4.03680,51.17,,13.56
4.03690,51.72,,13.54
4.03700,52.90,,13.72
4.03710,53.90,,13.88
4.03720,54.45,,13.85
4.03730,54.31,,13.88
4.03740,54.21,,13.85
4.03750,54.31,,13.88
4.03760,54.34,,13.54
4.03770,54.42,,13.41
4.03780,54.28,,13.24
4.03790,54.28,,13.41
4.03800,54.38,,13.56
4.03810,54.96,,13.93
4.03820,55.83,,14.12
4.03830,57.27,,14.18
4.03840,58.78,,14.04
4.03850,59.33,,14.01
4.03860,59.43,,13.64
4.03870,58.99,,13.46
4.03880,58.56,,13.19
4.03890,58.56,,13.16
4.03900,59.10,,13.27
4.03910,59.75,,13.41
4.03920,60.61,,13.54
4.03930,60.67,,14.04
4.03940,60.23,,14.18
4.03950,59.68,,14.12
4.03960,59.15,,14.10
4.03970,59.20,,13.88
4.03980,59.34,,13.54
4.03990,60.00,,13.41
4.04000,61.10,,13.27
4.04010,61.65,,13.54
4.04020,61.84,,13.72
4.04030,61.76,,13.85
4.04040,61.85,,14.20
4.04050,62.29,,14.01
4.04060,62.65,,13.88
4.04070,62.90,,13.39
4.04080,63.35,,13.12
4.04090,63.74,,12.95
4.04100,63.70,,13.12
4.04110,63.56,,13.56
4.04120,63.32,,13.85
4.04130,63.14,,14.04
4.04140,63.16,,14.18
4.04150,63.63,,13.88
4.04160,64.12,,13.54
4.04170,64.58,,13.34
4.04180,65.01,,13.16
4.04190,65.45,,13.12
4.04200,65.83,,13.39
4.04210,66.25,,13.88
4.04220,67.03,,14.12
4.04230,68.11,,14.10
4.04240,69.26,,14.04
4.04250,70.83,,13.69
4.04260,72.62,,13.41
4.04270,74.12,,13.09
4.04280,75.21,,12.84
4.04290,76.20,,13.24
4.04300,76.85,,13.41
4.04310,77.37,,13.64
4.04320,77.67,,13.93
4.04330,78.30,,13.88
4.04340,78.73,,13.69
4.04350,79.03,,13.56
4.04360,79.09,,13.24
4.04370,78.72,,13.05
4.04380,78.76,,13.02
4.04390,79.18,,12.98
4.04400,79.44,,13.39
4.04410,80.21,,13.49
4.04420,80.90,,13.64
4.04430,81.76,,13.85
4.04440,81.96,,13.72
4.04450,81.04,,13.54
4.04460,79.24,,13.56
4.04470,77.87,,13.24
4.04480,77.07,,13.41
4.04490,76.17,,13.46
4.04500,74.78,,13.49
4.04510,73.54,,13.56
4.04520,72.52,,13.54
4.04530,71.65,,13.56
4.04540,70.76,,13.39
4.04550,70.35,,13.41
4.04560,69.86,,13.39
4.04570,69.66,,13.41
4.04580,69.59,,13.39
4.04590,69.30,,13.56
4.04600,68.67,,13.31
4.04610,67.73,,13.19
4.04620,67.15,,13.27
4.04630,66.68,,13.16
4.04640,66.63,,13.34
4.04650,66.87,,13.39
4.04660,66.87,,13.56
4.04670,66.99,,13.69
4.04680,66.85,,14.04
4.04690,66.64,,14.27
4.04700,66.13,,14.12
4.04710,65.21,,14.04
4.04720,64.55,,13.77
4.04730,63.96,,13.49
4.04740,63.35,,13.16
4.04750,62.90,,12.98
4.04760,62.50,,13.24
4.04770,62.60,,13.34
4.04780,62.36,,13.39
4.04790,62.51,,13.56
4.04800,62.83,,13.54
4.04810,63.00,,13.41
4.04820,62.90,,13.41
4.04830,62.50,,13.54
4.04840,61.68,,13.49
4.04850,60.94,,13.77
4.04860,60.31,,14.04
4.04870,59.84,,14.01
4.04880,59.43,,14.04
4.04890,59.06,,13.69
4.04900,58.80,,13.27
4.04910,58.81,,13.12
4.04920,57.89,,13.02
4.04930,56.36,,13.05
4.04940,54.67,,13.24
4.04950,53.90,,13.56
4.04960,54.32,,14.01
4.04970,54.78,,14.04
4.04980,55.45,,14.18
4.04990,56.46,,14.04
4.05000,57.54,,13.77
4.05010,58.50,,13.34
4.05020,58.99,,13.05
4.05030,59.17,,12.88
4.05040,59.12,,12.98
4.05050,59.33,,13.16
4.05060,59.64,,13.34
4.05070,60.05,,13.54
4.05080,60.67,,13.64
4.05090,60.85,,13.77
4.05100,60.92,,13.72
4.05110,61.05,,13.56
4.05120,60.78,,13.54
4.05130,60.10,,13.41
4.05140,59.95,,13.39
4.05150,59.15,,13.41
4.05160,58.25,,13.54
4.05170,58.13,,13.49
4.05180,58.23,,13.46
4.05190,58.55,,13.72
4.05200,59.52,,13.69
4.05210,60.39,,13.56
4.05220,60.99,,13.19
4.05230,62.18,,13.02
4.05240,63.96,,12.84
4.05250,66.36,,12.81
4.05260,68.75,,13.12
4.05270,70.52,,13.24
4.05280,71.53,,13.72
4.05290,72.13,,14.01
4.05300,72.48,,13.88
4.05310,73.17,,13.72
4.05320,73.95,,13.39
4.05330,74.50,,12.98
4.05340,74.49,,12.67
4.05350,74.36,,12.71
4.05360,73.84,,13.09
4.05370,72.20,,13.41
4.05380,70.23,,13.85
4.05390,68.07,,14.37
4.05400,66.20,,14.27
4.05410,64.91,,14.12
4.05420,63.84,,13.64
4.05430,63.30,,13.02
4.05440,63.45,,12.57
4.05450,63.69,,12.41
4.05460,64.27,,12.57
4.05470,64.12,,12.95
4.05480,64.08,,13.49
4.05490,63.33,,13.93
4.05500,62.55,,14.20
4.05510,61.97,,14.54
4.05520,61.05,,14.18
4.05530,60.19,,13.64
4.05540,59.58,,13.24
4.05550,59.54,,12.98
4.05560,59.33,,13.02
4.05570,59.36,,12.98
4.05580,59.22,,13.24
4.05590,59.71,,13.72
4.05600,60.12,,14.01
4.05610,59.33,,13.88
4.05620,57.76,,13.88
4.05630,56.19,,13.69
4.05640,54.61,,13.56
4.05650,53.32,,13.54
4.05660,51.95,,13.49
4.05670,50.78,,13.61
4.05680,49.96,,13.56
4.05690,49.32,,13.54
4.05700,48.93,,13.72
4.05710,49.25,,13.88
4.05720,49.95,,13.85
4.05730,49.91,,13.72
4.05740,48.65,,13.85
4.05750,48.15,,13.49
4.05760,48.06,,13.46
4.05770,48.57,,13.64
4.05780,49.13,,13.61
4.05790,49.63,,13.56
4.05800,50.60,,13.54
4.05810,52.20,,13.56
4.05820,53.72,,13.72
4.05830,53.72,,13.69
4.05840,52.48,,13.72
4.05850,52.00,,13.93
4.05860,52.03,,13.96
4.05870,51.94,,13.85
4.05880,52.29,,13.88
4.05890,52.11,,13.69
4.05900,51.28,,13.56
4.05910,50.29,,13.56
4.05920,49.72,,13.69
4.05930,49.32,,13.56
4.05940,49.39,,13.69
4.05950,50.04,,13.41
4.05960,51.04,,13.46
4.05970,52.11,,13.64
4.05980,52.57,,13.69
4.05990,52.63,,13.72
4.06000,52.64,,13.85
4.06010,52.55,,13.56
4.06020,54.03,,13.72
4.06030,54.39,,13.69
4.06040,54.06,,13.41
4.06050,52.88,,13.69
4.06060,51.90,,13.64
4.06070,50.96,,13.69
4.06080,50.55,,13.80
4.06090,50.68,,13.69
4.06100,51.07,,13.72
4.06110,51.61,,13.41
4.06120,52.18,,13.46
4.06130,52.47,,13.41
4.06140,53.15,,13.61
4.06150,53.41,,13.56
4.06160,53.30,,13.85
4.06170,53.17,,13.88
4.06180,53.33,,13.93
4.06190,53.44,,13.96
4.06200,53.38,,13.69
4.06210,53.61,,13.56
4.06220,53.96,,13.56
4.06230,54.57,,13.54
4.06240,55.28,,13.56
4.06250,55.49,,13.69
4.06260,55.08,,13.72
4.06270,53.49,,13.54
4.06280,52.27,,13.56
4.06290,51.45,,13.54
4.06300,51.08,,13.56
4.06310,50.57,,13.27
4.06320,50.77,,13.39
4.06330,51.59,,13.56
4.06340,52.05,,13.77
4.06350,52.18,,14.12
4.06360,51.86,,14.44
4.06370,51.34,,14.63
4.06380,50.72,,14.71
4.06390,50.61,,14.72
4.06400,50.69,,14.18
4.06410,50.82,,13.56
4.06420,50.70,,13.41
4.06430,50.93,,13.02
4.06440,51.53,,12.98
4.06450,52.76,,13.02
4.06460,54.58,,13.19
4.06470,56.75,,13.69
4.06480,58.28,,13.96
4.06490,58.44,,14.35
4.06500,57.73,,14.37
4.06510,56.73,,14.54
4.06520,55.44,,14.18
4.06530,53.91,,14.20
4.06540,51.69,,13.69
4.06550,49.73,,13.88
4.06560,48.87,,13.69
4.06570,48.66,,14.04
4.06580,48.84,,14.27
4.06590,49.46,,14.29
4.06600,50.12,,14.35
4.06610,50.55,,14.20
4.06620,50.96,,13.72
4.06630,51.00,,13.69
4.06640,51.15,,13.56
4.06650,51.36,,13.54
4.06660,51.82,,13.72
4.06670,52.29,,13.85
4.06680,52.52,,13.88
4.06690,52.63,,14.01
4.06700,51.78,,14.29
4.06710,50.47,,14.27
4.06720,48.66,,14.29
4.06730,47.02,,14.12
4.06740,45.57,,14.01
4.06750,44.40,,14.04
4.06760,43.66,,13.85
4.06770,42.74,,13.88
4.06780,42.29,,13.85
4.06790,42.12,,13.88
4.06800,41.96,,14.01
4.06810,41.58,,13.88
4.06820,40.91,,14.04
4.06830,40.32,,14.18
4.06840,39.66,,14.29
4.06850,39.24,,14.27
4.06860,39.26,,14.29
4.06870,39.61,,14.27
4.06880,40.49,,14.20
4.06890,41.22,,14.01
4.06900,41.57,,14.04
4.06910,42.07,,14.01
4.06920,42.60,,13.88
4.06930,42.93,,14.04
4.06940,43.03,,13.85
4.06950,43.23,,13.88
4.06960,43.25,,13.85
4.06970,43.05,,13.88
4.06980,43.16,,14.01
4.06990,43.78,,14.04
4.07000,44.49,,14.01
4.07010,45.32,,14.04
4.07020,46.10,,14.04
4.07030,47.03,,14.27
4.07040,47.95,,14.46
4.07050,48.72,,14.53
4.07060,48.81,,14.37
4.07070,48.66,,14.35
4.07080,48.24,,14.04
4.07090,48.27,,14.01
4.07100,48.34,,13.72
4.07110,48.57,,13.69
4.07120,48.82,,13.72
4.07130,48.53,,13.88
4.07140,48.33,,13.93
4.07150,47.66,,14.12
4.07160,47.36,,14.18
4.07170,47.57,,14.12
4.07180,47.77,,14.10
4.07190,47.92,,13.96
4.07200,47.56,,14.10
4.07210,46.93,,14.20
4.07220,45.93,,14.20
4.07230,45.17,,14.35
4.07240,44.84,,14.20
4.07250,44.32,,14.35
4.07260,43.64,,14.20
4.07270,42.87,,14.18
4.07280,42.43,,14.04
4.07290,42.22,,14.01
4.07300,41.40,,14.04
4.07310,40.92,,13.93
4.07320,40.42,,13.96
4.07330,40.51,,14.04
4.07340,40.33,,14.18
4.07350,40.30,,14.37
4.07360,40.74,,14.35
4.07370,41.16,,14.37
4.07380,41.46,,14.27
4.07390,41.51,,14.29
4.07400,41.30,,14.01
4.07410,41.12,,14.12
4.07420,41.29,,13.96
4.07430,41.59,,14.01
4.07440,42.01,,14.04
4.07450,42.28,,14.35
4.07460,42.42,,14.37
4.07470,42.48,,14.71
4.07480,42.81,,14.37
4.07490,43.13,,14.53
4.07500,43.27,,14.37
4.07510,43.40,,14.35
4.07520,43.61,,14.20
4.07530,44.08,,14.20
4.07540,44.52,,14.18
4.07550,45.34,,14.04
4.07560,46.13,,13.85
4.07570,47.45,,14.04
4.07580,48.73,,14.18
4.07590,49.73,,14.37
4.07600,50.72,,14.71
4.07610,51.16,,14.54
4.07620,51.04,,14.72
4.07630,50.27,,14.71
4.07640,49.41,,14.72
4.07650,47.74,,14.44
4.07660,45.89,,14.12
4.07670,44.98,,13.93
4.07680,44.89,,13.49
4.07690,45.72,,13.54
4.07700,47.01,,13.72
4.07710,47.53,,14.01
4.07720,47.97,,14.37
4.07730,48.35,,14.72
4.07740,48.53,,14.71
4.07750,49.16,,14.54
4.07760,49.73,,14.35
4.07770,50.34,,14.04
4.07780,51.46,,14.01
4.07790,52.87,,14.04
4.07800,53.90,,14.27
4.07810,54.66,,14.46
4.07820,55.19,,14.90
4.07830,55.35,,14.89
4.07840,55.47,,14.63
4.07850,55.18,,14.44
4.07860,55.03,,14.12
4.07870,55.01,,13.77
4.07880,54.93,,13.72
4.07890,55.16,,13.69
4.07900,56.11,,13.88
4.07910,58.03,,14.18
4.07920,60.29,,14.37
4.07930,62.47,,14.37
4.07940,63.57,,14.01
4.07950,63.70,,14.04
4.07960,63.43,,13.69
4.07970,63.31,,13.72
4.07980,63.37,,13.69
4.07990,62.71,,14.04
4.08000,62.16,,14.35
4.08010,61.36,,15.09
4.08020,60.39,,15.28
4.08030,59.74,,15.27
4.08040,59.15,,15.28
4.08050,58.76,,14.89
4.08060,58.78,,14.37
4.08070,58.89,,14.01
4.08080,58.07,,13.72
4.08090,56.93,,13.54
4.08100,55.76,,13.56
4.08110,55.07,,13.69
4.08120,54.77,,13.88
4.08130,54.27,,13.88
4.08140,53.95,,13.93
4.08150,54.28,,13.96
4.08160,54.74,,14.01
4.08170,55.24,,14.20
4.08180,55.94,,14.53
4.08190,56.91,,14.54
4.08200,57.41,,14.71
4.08210,57.59,,14.72
4.08220,57.80,,14.72
4.08230,58.16,,14.53
4.08240,58.17,,14.54
4.08250,57.70,,14.53
4.08260,57.44,,14.54
4.08270,57.07,,14.35
4.08280,56.51,,14.54
4.08290,55.86,,14.35
4.08300,55.76,,14.37
4.08310,56.12,,14.18
4.08320,56.92,,13.88
4.08330,58.50,,13.72
4.08340,59.86,,13.85
4.08350,60.13,,13.88
4.08360,59.57,,14.18
4.08370,58.12,,14.54
4.08380,56.28,,14.71
4.08390,54.57,,14.81
4.08400,53.34,,14.80
4.08410,52.76,,14.54
4.08420,52.39,,14.54
4.08430,52.02,,14.18
4.08440,51.85,,14.04
4.08450,51.90,,14.10
4.08460,51.88,,14.29
4.08470,51.96,,14.53
4.08480,52.03,,14.37
4.08490,52.31,,14.71
4.08500,52.55,,14.54
4.08510,52.84,,14.53
4.08520,53.36,,14.20
4.08530,53.78,,14.20
4.08540,53.94,,14.35
4.08550,53.96,,14.29
4.08560,53.47,,14.27
4.08570,53.21,,14.54
4.08580,53.19,,14.35
4.08590,53.24,,14.37
4.08600,53.56,,14.18
4.08610,54.09,,13.96
4.08620,54.93,,13.96
4.08630,55.18,,14.18
4.08640,54.75,,14.37
4.08650,54.55,,14.53
4.08660,54.20,,14.90
4.08670,54.21,,14.71
4.08680,54.77,,14.72
4.08690,55.23,,14.35
4.08700,55.42,,14.20
4.08710,55.21,,14.01
4.08720,55.20,,14.04
4.08730,55.41,,14.12
4.08740,55.77,,14.18
4.08750,55.99,,14.12
4.08760,55.90,,14.01
4.08770,56.31,,14.29
4.08780,56.76,,14.27
4.08790,57.44,,14.29
4.08800,57.81,,14.10
4.08810,58.28,,14.20
4.08820,58.72,,14.37
4.08830,58.65,,14.35
4.08840,57.78,,14.46
4.08850,57.17,,14.62
4.08860,56.78,,14.72
4.08870,56.23,,14.71
4.08880,55.92,,14.37
4.08890,55.64,,13.93
4.08900,55.87,,13.88
4.08910,56.73,,13.69
4.08920,56.72,,13.80
4.08930,55.96,,14.04
4.08940,55.14,,14.35
4.08950,54.07,,14.37
4.08960,52.75,,14.71
4.08970,51.61,,14.37
4.08980,50.89,,14.35
4.08990,49.79,,14.37
4.09000,48.65,,14.18
4.09010,47.41,,13.72
4.09020,45.58,,14.20
4.09030,43.80,,14.35
4.09040,40.71,,14.37
4.09050,40.03,,14.53
4.09060,39.87,,14.54
4.09070,39.14,,14.71
4.09080,39.02,,14.72
4.09090,38.80,,14.53
4.09100,38.73,,14.37
4.09110,38.44,,14.35
4.09120,38.32,,14.20
4.09130,37.91,,14.20
4.09140,38.12,,13.93
4.09150,38.17,,14.12
4.09160,38.52,,14.18
4.09170,39.03,,14.12
4.09180,39.89,,14.27
4.09190,40.66,,14.37
4.09200,41.37,,14.71
4.09210,41.55,,15.09
4.09220,42.03,,14.90
4.09230,42.44,,15.08
4.09240,42.76,,14.90
4.09250,43.37,,14.53
4.09260,43.75,,14.37
4.09270,44.19,,14.01
4.09280,44.97,,13.88
4.09290,44.81,,13.85
4.09300,44.43,,14.04
4.09310,44.60,,14.35
4.09320,44.69,,14.54
4.09330,44.64,,14.54
4.09340,44.96,,14.62
4.09350,45.47,,14.46
4.09360,45.50,,14.35
4.09370,44.96,,14.12
4.09380,44.52,,14.10
4.09390,44.65,,14.20
4.09400,44.86,,14.18
4.09410,45.37,,14.37
4.09420,45.91,,14.53
4.09430,46.53,,14.72
4.09440,47.17,,14.72
4.09450,46.97,,14.89
4.09460,47.20,,14.54
4.09470,46.95,,14.35
4.09480,47.09,,14.37
4.09490,46.31,,14.18
4.09500,44.37,,14.12
4.09510,43.29,,14.18
4.09520,41.90,,14.12
4.09530,41.34,,14.04
4.09540,41.20,,14.01
4.09550,41.10,,14.04
4.09560,40.91,,14.18
4.09570,40.22,,14.46
4.09580,39.52,,14.44
4.09590,38.20,,14.63
4.09600,37.05,,14.62
4.09610,35.99,,14.37
4.09620,34.77,,14.18
4.09630,33.78,,14.04
4.09640,32.89,,14.04
4.09650,32.44,,14.18
4.09660,32.28,,14.12
4.09670,32.35,,14.44
4.09680,32.73,,14.54
4.09690,33.30,,14.80
4.09700,33.78,,14.81
4.09710,34.18,,14.71
4.09720,34.58,,14.54
4.09730,34.68,,14.37
4.09740,34.31,,14.35
4.09750,32.89,,14.12
4.09760,31.46,,14.10
4.09770,30.23,,14.20
4.09780,28.87,,14.18
4.09790,27.59,,14.04
4.09800,26.69,,14.18
4.09810,25.91,,14.20
4.09820,25.06,,14.35
4.09830,24.42,,14.37
4.09840,24.07,,14.54
4.09850,23.65,,14.35
4.09860,23.58,,14.54
4.09870,23.95,,14.35
4.09880,24.14,,14.37
4.09890,24.63,,14.35
4.09900,25.18,,14.37
4.09910,25.72,,14.53
4.09920,26.58,,14.37
4.09930,27.59,,14.72
4.09940,28.33,,14.53
4.09950,29.20,,14.72
4.09960,30.23,,14.53
4.09970,31.25,,14.54
4.09980,32.00,,14.53
4.09990,32.47,,14.37
4.10000,32.90,,14.01
4.10010,33.32,,14.20
4.10020,34.00,,14.01
4.10030,34.64,,14.20
4.10040,35.32,,14.20
4.10050,36.08,,14.18
4.10060,36.73,,14.29
4.10070,36.89,,14.27
4.10080,36.65,,14.37
4.10090,36.12,,14.35
4.10100,35.35,,14.37
4.10110,34.23,,14.53
4.10120,32.96,,14.54
4.10130,31.96,,14.37
4.10140,30.95,,14.53
4.10150,29.40,,14.54
4.10160,28.21,,14.35
4.10170,27.15,,14.46
4.10180,26.00,,14.44
4.10190,24.47,,14.20
4.10200,22.95,,14.18
4.10210,21.70,,14.04
4.10220,20.36,,14.18
4.10230,18.76,,14.04
4.10240,17.20,,14.20
4.10250,15.96,,14.35
4.10260,15.20,,14.54
4.10270,14.90,,14.89
4.10280,14.78,,14.63
4.10290,15.17,,14.44
4.10300,16.11,,14.20
4.10310,17.41,,14.10
4.10320,19.18,,13.88
4.10330,20.84,,13.80
4.10340,22.31,,14.18
4.10350,23.61,,14.54
4.10360,24.26,,14.71
4.10370,24.38,,15.09
4.10380,24.12,,15.08
4.10390,24.06,,14.72
4.10400,24.14,,14.53
4.10410,24.40,,14.20
4.10420,24.78,,13.85
4.10430,24.98,,14.04
4.10440,24.84,,14.04
4.10450,24.92,,14.53
4.10460,25.61,,14.54
4.10470,26.21,,14.89
4.10480,26.97,,14.90
4.10490,27.92,,14.71
4.10500,28.53,,14.37
4.10510,29.33,,13.85
4.10520,29.08,,13.88
4.10530,29.04,,13.96
4.10540,28.79,,14.10
4.10550,28.50,,14.20
4.10560,28.43,,14.71
4.10570,28.50,,14.63
4.10580,28.34,,14.62
4.10590,27.66,,14.54
4.10600,27.25,,14.53
4.10610,26.39,,14.20
4.10620,25.70,,14.35
4.10630,24.96,,14.20
4.10640,24.08,,14.20
4.10650,23.36,,14.35
4.10660,22.83,,14.54
4.10670,22.77,,14.53
4.10680,23.03,,14.54
4.10690,23.57,,14.53
4.10700,24.73,,14.37
4.10710,25.87,,14.18
4.10720,27.29,,14.04
4.10730,29.08,,13.72
4.10740,30.91,,13.93
4.10750,32.71,,13.96
4.10760,34.05,,14.35
4.10770,34.79,,14.54
4.10780,35.38,,14.71
4.10790,36.27,,14.54
4.10800,36.97,,14.53
4.10810,37.38,,14.37
4.10820,37.81,,14.35
4.10830,38.07,,14.04
4.10840,38.00,,13.88
4.10850,37.99,,14.01
4.10860,38.21,,14.29
4.10870,38.31,,14.44
4.10880,38.66,,14.37
4.10890,39.16,,14.71
4.10900,39.77,,14.72
4.10910,40.16,,14.89
4.10920,40.57,,14.72
4.10930,40.81,,14.37
4.10940,40.67,,14.10
4.10950,41.00,,13.80
4.10960,41.77,,13.69
4.10970,42.48,,13.72
4.10980,42.92,,13.69
4.10990,43.88,,14.20
4.11000,45.14,,14.35
4.11010,46.77,,14.54
4.11020,48.52,,14.35
4.11030,50.58,,14.37
4.11040,52.95,,14.20
4.11050,55.05,,14.35
4.11060,56.38,,14.37
4.11070,56.48,,14.71
4.11080,55.47,,14.72
4.11090,55.13,,14.71
4.11100,54.94,,14.72
4.11110,55.08,,14.44
4.11120,55.45,,14.12
4.11130,55.70,,13.88
4.11140,55.90,,13.69
4.11150,56.13,,13.56
4.11160,56.32,,14.01
4.11170,56.50,,14.04
4.11180,57.00,,14.35
4.11190,57.41,,14.54
4.11200,57.89,,14.53
4.11210,58.99,,14.29
4.11220,59.37,,14.18
4.11230,60.39,,13.96
4.11240,60.48,,14.20
4.11250,60.44,,14.35
4.11260,60.60,,14.54
4.11270,60.64,,14.53
4.11280,60.26,,14.72
4.11290,59.41,,14.71
4.11300,59.11,,14.20
4.11310,59.24,,13.85
4.11320,59.41,,13.72
4.11330,59.10,,13.64
4.11340,58.16,,13.77
4.11350,57.62,,14.04
4.11360,57.06,,14.53
4.11370,57.06,,14.90
4.11380,57.10,,14.89
4.11390,57.23,,14.90
4.11400,57.31,,14.71
4.11410,57.14,,14.37
4.11420,57.14,,14.18
4.11430,56.85,,13.88
4.11440,56.97,,13.88
4.11450,56.89,,14.01
4.11460,56.68,,14.20
4.11470,56.26,,14.53
4.11480,55.84,,14.37
4.11490,55.83,,14.18
4.11500,55.97,,14.04
4.11510,56.67,,13.77
4.11520,58.12,,13.64
4.11530,59.29,,13.88
4.11540,59.38,,14.18
4.11550,59.20,,14.72
4.11560,58.81,,14.71
4.11570,58.12,,14.90
4.11580,58.18,,14.71
4.11590,58.93,,14.37
4.11600,59.25,,14.35
4.11610,58.85,,14.04
4.11620,57.86,,14.01
4.11630,57.07,,14.04
4.11640,56.72,,14.20
4.11650,56.35,,14.53
4.11660,56.13,,14.54
4.11670,56.23,,14.71
4.11680,56.45,,14.63
4.11690,56.29,,14.44
4.11700,55.70,,14.04
4.11710,55.06,,13.77
4.11720,54.64,,13.64
4.11730,54.53,,13.64
4.11740,54.73,,13.69
4.11750,55.08,,13.80
4.11760,55.54,,14.18
4.11770,56.29,,14.37
4.11780,56.85,,14.71
4.11790,57.16,,14.90
4.11800,57.25,,14.89
4.11810,56.88,,14.72
4.11820,56.33,,14.35
4.11830,56.05,,14.04
4.11840,56.00,,14.12
4.11850,55.85,,13.93
4.11860,55.30,,14.04
4.11870,54.09,,14.18
4.11880,53.29,,14.37
4.11890,53.23,,14.35
4.11900,53.12,,14.37
4.11910,53.13,,14.35
4.11920,53.60,,14.20
4.11930,54.05,,14.20
4.11940,53.98,,14.18
4.11950,52.95,,14.20
4.11960,51.69,,14.35
4.11970,50.06,,14.20
4.11980,48.86,,14.18
4.11990,47.99,,13.88
4.12000,47.44,,13.85
4.12010,46.68,,13.72
4.12020,45.40,,13.85
4.12030,44.44,,14.37
4.12040,43.79,,14.72
4.12050,43.66,,14.89
4.12060,44.13,,15.09
4.12070,44.57,,15.27
4.12080,45.38,,14.90
4.12090,45.76,,14.53
4.12100,45.79,,14.20
4.12110,46.00,,13.85
4.12120,45.67,,13.88
4.12130,44.93,,14.01
4.12140,44.53,,13.88
4.12150,43.86,,14.37
4.12160,42.93,,14.44
4.12170,42.30,,14.63
4.12180,41.46,,14.71
4.12190,40.10,,14.37
4.12200,39.30,,14.35
4.12210,38.68,,14.20
4.12220,37.92,,13.93
4.12230,38.56,,13.80
4.12240,40.37,,13.72
4.12250,42.48,,13.69
4.12260,44.51,,14.20
4.12270,45.30,,14.35
4.12280,45.05,,14.54
4.12290,44.65,,14.71
4.12300,44.99,,14.72
4.12310,45.91,,14.53
4.12320,47.15,,14.29
4.12330,48.43,,14.10
4.12340,50.36,,14.04
4.12350,52.06,,14.20
4.12360,53.31,,14.27
4.12370,54.40,,14.46
4.12380,55.21,,14.53
4.12390,55.64,,14.54
4.12400,55.26,,14.35
4.12410,54.60,,13.88
4.12420,54.26,,13.69
4.12430,54.54,,13.19
4.12440,54.97,,13.19
4.12450,55.41,,13.54
4.12460,55.61,,13.88
4.12470,55.51,,14.35
4.12480,54.82,,14.90
4.12490,54.16,,14.98
4.12500,54.02,,15.00
4.12510,54.06,,14.89
4.12520,53.90,,14.72
4.12530,53.40,,14.35
4.12540,52.59,,14.20
4.12550,51.93,,14.04
4.12560,50.97,,14.18
4.12570,50.47,,14.12
4.12580,49.29,,14.27
4.12590,48.00,,14.20
4.12600,46.88,,13.85
4.12610,46.11,,13.80
4.12620,45.86,,13.61
4.12630,45.98,,13.41
4.12640,46.51,,13.27
4.12650,47.21,,13.69
4.12660,47.85,,13.88
4.12670,48.21,,14.18
4.12680,48.55,,14.63
4.12690,48.65,,14.80
4.12700,48.40,,14.72
4.12710,48.20,,14.71
4.12720,48.02,,14.54
4.12730,48.01,,14.35
4.12740,47.47,,14.20
4.12750,47.15,,14.04
4.12760,48.10,,14.18
4.12770,49.76,,14.20
4.12780,51.60,,14.53
4.12790,52.85,,14.72
4.12800,53.57,,14.53
4.12810,53.96,,14.54
4.12820,54.07,,14.35
4.12830,53.92,,14.04
4.12840,54.19,,13.72
4.12850,54.37,,13.54
4.12860,54.64,,13.41
4.12870,55.11,,13.69
4.12880,55.29,,14.04
4.12890,55.38,,14.35
4.12900,55.34,,14.54
4.12910,54.88,,14.71
4.12920,54.47,,14.54
4.12930,53.71,,14.35
4.12940,53.50,,14.04
4.12950,54.05,,13.88
4.12960,54.99,,13.85
4.12970,55.97,,14.20
4.12980,57.75,,14.71
4.12990,59.55,,14.72
4.13000,60.86,,14.62
4.13010,61.16,,14.29
4.13020,60.64,,14.01
4.13030,59.50,,13.56
4.13040,58.14,,13.41
4.13050,57.05,,13.54
4.13060,56.25,,13.64
4.13070,54.95,,14.10
4.13080,54.19,,14.37
4.13090,53.93,,14.71
4.13100,53.79,,15.09
4.13110,54.26,,15.08
4.13120,54.98,,15.09
4.13130,56.06,,14.71
4.13140,56.94,,14.37
4.13150,57.94,,14.20
4.13160,58.80,,14.01
4.13170,58.37,,13.88
4.13180,57.00,,13.69
4.13190,55.46,,13.88
4.13200,54.29,,13.69
4.13210,53.53,,13.64
4.13220,53.28,,13.46
4.13230,53.23,,13.64
4.13240,53.40,,13.64
4.13250,53.41,,13.93
4.13260,52.77,,14.46
4.13270,51.79,,14.89
4.13280,50.79,,15.48
4.13290,49.98,,15.47
4.13300,49.49,,15.28
4.13310,49.40,,15.08
4.13320,49.78,,14.37
4.13330,50.32,,13.85
4.13340,51.32,,13.41
4.13350,52.62,,13.41
4.13360,54.14,,13.69
4.13370,55.25,,13.88
4.13380,56.06,,14.18
4.13390,56.65,,14.12
4.13400,57.15,,14.10
4.13410,58.04,,13.88
4.13420,59.68,,13.54
4.13430,61.12,,13.27
4.13440,62.97,,13.41
4.13450,65.30,,13.69
4.13460,66.80,,14.29
4.13470,67.10,,14.98
4.13480,66.14,,15.48
4.13490,64.30,,15.88
4.13500,62.88,,15.68
4.13510,61.74,,15.47
4.13520,60.57,,14.90
4.13530,59.28,,14.10
4.13540,57.75,,13.41
4.13550,56.51,,12.98
4.13560,55.67,,12.88
4.13570,54.86,,13.12
4.13580,54.32,,13.54
4.13590,54.24,,13.88
4.13600,54.43,,14.01
4.13610,55.09,,14.20
4.13620,56.05,,14.18
4.13630,57.27,,14.37
4.13640,58.19,,14.37
4.13650,59.16,,14.53
4.13660,59.95,,14.54
4.13670,60.63,,14.71
4.13680,60.85,,14.72
4.13690,60.22,,14.53
4.13700,59.15,,14.37
4.13710,57.83,,14.27
4.13720,56.26,,14.12
4.13730,55.29,,14.01
4.13740,55.07,,13.72
4.13750,55.31,,13.72
4.13760,55.42,,13.93
4.13770,55.43,,14.12
4.13780,54.67,,14.44
4.13790,53.05,,14.46
4.13800,51.43,,14.53
4.13810,49.36,,14.37
4.13820,47.06,,14.01
4.13830,45.25,,13.88
4.13840,44.42,,13.56
4.13850,44.38,,13.39
4.13860,44.94,,13.56
4.13870,46.01,,13.69
4.13880,47.50,,14.54
4.13890,49.07,,14.89
4.13900,50.15,,15.48
4.13910,50.40,,15.47
4.13920,49.70,,15.48
4.13930,48.32,,14.89
4.13940,46.95,,14.20
4.13950,45.81,,13.72
4.13960,45.52,,13.16
4.13970,45.55,,12.77
4.13980,45.99,,13.09
4.13990,46.99,,13.80
4.14000,47.03,,14.44
4.14010,46.07,,15.28
4.14020,44.28,,15.27
4.14030,42.76,,15.28
4.14040,41.52,,14.72
4.14050,40.84,,13.93
4.14060,40.79,,13.64
4.14070,40.85,,13.39
4.14080,41.50,,13.41
4.14090,40.06,,14.01
4.14100,39.85,,14.54
4.14110,40.32,,14.80
4.14120,41.31,,14.81
4.14130,42.48,,15.08
4.14140,43.39,,14.63
4.14150,43.64,,14.12
4.14160,43.38,,14.01
4.14170,43.36,,13.80
4.14180,43.33,,13.93
4.14190,43.07,,14.20
4.14200,42.08,,14.35
4.14210,39.57,,14.37
4.14220,37.57,,14.18
4.14230,35.60,,14.37
4.14240,34.44,,13.88
4.14250,33.24,,13.69
4.14260,33.15,,13.56
4.14270,33.46,,13.77
4.14280,34.29,,13.96
4.14290,35.33,,14.35
4.14300,36.94,,14.90
4.14310,38.52,,14.89
4.14320,38.54,,15.09
4.14330,38.00,,14.89
4.14340,37.53,,14.37
4.14350,37.71,,14.20
4.14360,37.61,,13.85
4.14370,36.96,,13.64
4.14380,36.46,,13.61
4.14390,36.61,,13.49
4.14400,36.99,,13.69
4.14410,37.67,,13.96
4.14420,38.25,,14.35
4.14430,38.13,,14.72
4.14440,37.14,,14.90
4.14450,36.46,,14.89
4.14460,36.65,,14.72
4.14470,37.13,,14.18
4.14480,37.63,,13.88
4.14490,38.27,,13.54
4.14500,39.40,,13.27
4.14510,39.60,,13.46
4.14520,40.04,,13.96
4.14530,40.90,,14.35
4.14540,40.34,,14.90
4.14550,39.81,,15.09
4.14560,39.63,,15.08
4.14570,38.54,,14.90
4.14580,37.78,,14.35
4.14590,37.07,,13.96
4.14600,36.39,,13.46
4.14610,36.41,,13.41
4.14620,36.67,,13.39
4.14630,37.29,,13.72
4.14640,37.12,,14.12
4.14650,37.54,,14.27
4.14660,38.18,,14.37
4.14670,39.27,,14.35
4.14680,39.84,,14.20
4.14690,40.25,,14.01
4.14700,41.19,,14.04
4.14710,42.04,,14.18
4.14720,41.28,,14.54
4.14730,40.57,,14.71
4.14740,40.14,,14.72
4.14750,39.78,,14.72
4.14760,39.46,,14.53
4.14770,39.37,,14.37
4.14780,39.17,,14.01
4.14790,38.31,,13.80
4.14800,38.32,,13.61
4.14810,38.33,,13.72
4.14820,38.29,,13.69
4.14830,38.50,,13.88
4.14840,38.82,,14.01
4.14850,38.76,,14.04
4.14860,39.37,,13.72
4.14870,40.60,,13.85
4.14880,41.42,,14.20
4.14890,41.77,,14.53
4.14900,41.83,,14.72
4.14910,41.18,,14.71
4.14920,40.62,,14.72
4.14930,38.91,,14.18
4.14940,38.34,,14.04
4.14950,38.73,,13.64
4.14960,39.91,,13.31
4.14970,40.95,,13.56
4.14980,41.09,,13.85
4.14990,40.41,,14.20
4.15000,41.36,,14.89
4.15010,41.18,,15.28
4.15020,40.33,,15.27
4.15030,39.27,,14.72
4.15040,38.15,,14.35
4.15050,36.83,,13.64
4.15060,34.95,,13.19
4.15070,33.67,,12.95
4.15080,33.06,,13.05
4.15090,33.06,,13.46
4.15100,33.37,,14.20
4.15110,33.70,,14.89
4.15120,32.93,,15.09
4.15130,31.59,,15.27
4.15140,31.02,,15.00
4.15150,31.07,,14.37
4.15160,31.03,,13.69
4.15170,30.88,,13.41
4.15180,30.10,,13.31
4.15190,28.06,,13.56
4.15200,25.54,,14.35
4.15210,23.56,,14.72
4.15220,21.99,,15.08
4.15230,20.29,,15.28
4.15240,19.21,,15.27
4.15250,18.68,,15.00
4.15260,18.73,,14.29
4.15270,19.46,,13.69
4.15280,19.59,,13.12
4.15290,19.58,,12.81
4.15300,19.42,,12.91
4.15310,19.65,,13.24
4.15320,20.17,,13.96
4.15330,20.75,,14.35
4.15340,21.61,,14.37
4.15350,27.14,,14.63
4.15360,22.60,,14.62
4.15370,22.39,,14.72
4.15380,21.99,,14.71
4.15390,21.75,,14.72
4.15400,21.53,,14.71
4.15410,21.83,,14.90
4.15420,22.18,,14.89
4.15430,22.73,,14.63
4.15440,23.38,,14.44
4.15450,24.32,,14.04
4.15460,25.83,,13.72
4.15470,27.94,,13.39
4.15480,29.23,,13.27
4.15490,29.63,,13.09
4.15500,29.46,,13.34
4.15510,29.21,,13.61
4.15520,28.72,,13.88
4.15530,28.54,,14.01
4.15540,28.28,,14.20
4.15550,28.01,,14.37
4.15560,27.20,,14.53
4.15570,26.19,,14.72
4.15580,25.16,,14.71
4.15590,23.75,,14.90
4.15600,22.93,,14.53
4.15610,22.72,,14.29
4.15620,22.84,,13.93
4.15630,23.49,,13.64
4.15640,24.32,,13.31
4.15650,25.27,,13.41
4.15660,25.50,,13.72
4.15670,25.74,,14.01
4.15680,25.67,,14.37
4.15690,25.74,,14.71
4.15700,26.03,,14.72
4.15710,26.57,,14.35
4.15720,27.34,,14.04
4.15730,28.33,,13.69
4.15740,29.18,,13.27
4.15750,29.76,,13.12
4.15760,30.37,,13.31
4.15770,30.51,,13.88
4.15780,30.80,,14.18
4.15790,30.87,,14.46
4.15800,29.81,,14.71
4.15810,28.63,,14.54
4.15820,27.46,,14.35
4.15830,26.36,,14.04
4.15840,25.77,,13.85
4.15850,25.38,,13.41
4.15860,25.27,,13.56
4.15870,25.31,,13.85
4.15880,25.52,,14.04
4.15890,26.07,,14.44
4.15900,26.76,,14.63
4.15910,27.18,,14.53
4.15920,27.67,,14.37
4.15930,27.81,,14.01
4.15940,27.46,,13.49
4.15950,26.97,,13.34
4.15960,26.61,,13.24
4.15970,26.47,,13.41
4.15980,26.62,,13.54
4.15990,26.85,,13.88
4.16000,27.36,,14.18
4.16010,27.88,,14.37
4.16020,28.21,,14.35
4.16030,27.90,,14.04
4.16040,27.63,,13.85
4.16050,27.96,,13.64
4.16060,28.13,,13.34
4.16070,28.43,,13.54
4.16080,29.22,,13.72
4.16090,29.59,,14.18
4.16100,30.26,,14.54
4.16110,30.99,,14.71
4.16120,31.76,,14.72
4.16130,32.21,,14.35
4.16140,32.33,,13.72
4.16150,32.67,,13.41
4.16160,32.69,,13.09
4.16170,32.37,,12.98
4.16180,31.82,,13.31
4.16190,30.79,,13.88
4.16200,29.23,,14.18
4.16210,28.06,,14.29
4.16220,27.42,,14.18
4.16230,27.56,,14.04
4.16240,27.53,,13.69
4.16250,27.36,,13.34
4.16260,26.81,,13.19
4.16270,26.28,,13.24
4.16280,25.84,,13.72
4.16290,25.11,,14.01
4.16300,24.31,,14.37
4.16310,23.58,,14.53
4.16320,23.28,,14.54
4.16330,22.74,,14.35
4.16340,22.67,,13.88
4.16350,23.24,,13.41
4.16360,23.68,,13.16
4.16370,23.58,,13.19
4.16380,23.02,,13.24
4.16390,21.74,,13.56
4.16400,20.65,,13.85
4.16410,20.32,,14.04
4.16420,20.40,,13.85
4.16430,20.83,,13.72
4.16440,21.62,,13.69
4.16450,21.73,,13.72
4.16460,21.06,,13.56
4.16470,20.54,,13.54
4.16480,20.46,,13.72
4.16490,20.34,,13.69
4.16500,19.77,,13.72
4.16510,18.96,,13.69
4.16520,18.03,,13.72
4.16530,17.34,,13.61
4.16540,17.20,,13.64
4.16550,16.95,,13.56
4.16560,17.17,,13.54
4.16570,17.85,,13.41
4.16580,18.58,,13.69
4.16590,19.41,,13.41
4.16600,19.64,,13.54
4.16610,19.85,,13.41
4.16620,19.82,,13.39
4.16630,20.13,,13.27
4.16640,20.03,,13.54
4.16650,19.51,,13.49
4.16660,18.46,,13.64
4.16670,17.14,,13.54
4.16680,16.10,,13.72
4.16690,15.16,,13.54
4.16700,14.42,,13.27
4.16710,13.96,,13.39
4.16720,13.67,,13.27
4.16730,13.48,,13.39
4.16740,12.89,,13.41
4.16750,12.38,,13.41
4.16760,11.83,,13.24
4.16770,11.18,,13.19
4.16780,10.57,,13.16
4.16790,10.22,,13.05
4.16800,10.01,,13.02
4.16810,9.99,,13.27
4.16820,10.13,,13.24
4.16830,10.30,,13.41
4.16840,10.38,,13.39
4.16850,10.61,,13.41
4.16860,10.84,,13.41
4.16870,11.44,,13.24
4.16880,11.77,,13.41
4.16890,11.58,,13.24
4.16900,11.72,,13.27
4.16910,11.74,,13.39
4.16920,12.06,,13.41
4.16930,12.57,,13.24
4.16940,13.36,,13.12
4.16950,14.18,,12.71
4.16960,15.07,,12.41
4.16970,16.02,,12.51
4.16980,16.75,,12.41
4.16990,16.99,,12.64
4.17000,16.76,,12.95
4.17010,17.37,,13.19
4.17020,18.29,,13.31
4.17030,18.56,,13.41
4.17040,18.10,,13.39
4.17050,17.35,,13.19
4.17060,16.74,,12.98
4.17070,16.60,,13.24
4.17080,16.74,,13.19
4.17090,16.99,,13.24
4.17100,16.89,,12.98
4.17110,16.70,,12.61
4.17120,16.45,,12.38
4.17130,15.99,,12.03
4.17140,15.39,,11.95
4.17150,15.08,,12.07
4.17160,14.85,,12.28
4.17170,14.63,,12.98
4.17180,14.06,,13.61
4.17190,13.03,,13.88
4.17200,12.15,,13.93
4.17210,11.68,,13.88
4.17220,11.73,,13.24
4.17230,12.00,,12.77
4.17240,12.67,,11.85
4.17250,13.98,,11.66
4.17260,15.75,,11.78
4.17270,17.34,,12.09
4.17280,18.48,,12.64
4.17290,19.15,,13.09
4.17300,19.36,,13.27
4.17310,19.37,,13.24
4.17320,19.53,,12.71
4.17330,20.20,,12.28
4.17340,20.96,,12.01
4.17350,21.54,,12.01
4.17360,21.65,,12.03
4.17370,21.70,,12.57
4.17380,21.91,,13.09
4.17390,21.80,,13.41
4.17400,21.37,,13.24
4.17410,20.68,,12.98
4.17420,20.47,,12.54
4.17430,21.03,,11.83
4.17440,22.30,,11.51
4.17450,24.14,,11.50
4.17460,26.18,,11.83
4.17470,27.99,,12.22
4.17480,28.69,,12.38
4.17490,28.71,,12.41
4.17500,29.46,,12.19
4.17510,30.73,,12.09
4.17520,32.21,,12.13
4.17530,33.37,,12.22
4.17540,34.86,,12.32
4.17550,36.34,,12.54
4.17560,37.69,,12.84
4.17570,39.03,,12.84
4.17580,40.12,,12.54
4.17590,40.82,,12.26
4.17600,40.28,,11.68
4.17610,39.67,,11.33
4.17620,39.92,,11.19
4.17630,40.67,,11.33
4.17640,41.33,,11.68
4.17650,42.02,,12.01
4.17660,42.80,,12.38
4.17670,42.59,,12.61
4.17680,43.06,,12.38
4.17690,43.35,,11.85
4.17700,43.37,,11.50
4.17710,43.83,,11.08
4.17720,44.57,,11.28
4.17730,45.31,,11.51
4.17740,46.18,,12.01
4.17750,47.09,,12.41
4.17760,48.06,,12.38
4.17770,48.85,,12.38
4.17780,49.45,,12.22
4.17790,50.40,,12.01
4.17800,51.49,,11.51
4.17810,52.86,,10.88
4.17820,54.74,,10.88
4.17830,56.62,,10.88
4.17840,58.20,,11.19
4.17850,58.85,,11.66
4.17860,58.60,,11.83
4.17870,57.90,,12.03
4.17880,57.37,,12.01
4.17890,57.63,,11.85
4.17900,58.23,,11.50
4.17910,58.77,,11.19
4.17920,59.40,,11.13
4.17930,59.89,,11.13
4.17940,60.77,,11.44
4.17950,60.65,,11.68
4.17960,61.04,,11.66
4.17970,61.38,,11.66
4.17980,61.83,,11.51
4.17990,62.44,,11.28
4.18000,63.01,,11.08
4.18010,63.25,,11.13
4.18020,63.19,,11.13
4.18030,63.23,,11.28
4.18040,63.11,,11.35
4.18050,63.05,,11.18
4.18060,63.15,,11.33
4.18070,63.30,,11.29
4.18080,63.42,,11.28
4.18090,63.65,,11.29
4.18100,63.53,,11.18
4.18110,63.60,,11.19
4.18120,63.47,,10.88
4.18130,63.31,,11.19
4.18140,63.11,,11.02
4.18150,61.97,,10.88
4.18160,60.23,,10.88
4.18170,59.53,,10.59
4.18180,59.04,,10.45
4.18190,58.96,,10.45
4.18200,60.05,,11.19
4.18210,61.81,,11.50
4.18220,62.91,,11.68
4.18230,63.16,,11.66
4.18240,62.99,,11.35
4.18250,62.40,,10.88
4.18260,61.94,,10.45
4.18270,61.75,,10.18
4.18280,61.25,,10.59
4.18290,60.69,,10.88
4.18300,60.67,,11.02
4.18310,60.40,,10.88
4.18320,59.66,,10.59
4.18330,58.71,,10.31
4.18340,57.62,,10.45
4.18350,56.82,,10.59
4.18360,56.51,,11.02
4.18370,56.12,,11.02
4.18380,56.01,,11.03
4.18390,56.39,,10.59
4.18400,56.58,,10.45
4.18410,56.53,,10.32
4.18420,56.03,,10.45
4.18430,55.10,,10.59
4.18440,54.38,,10.88
4.18450,54.21,,10.73
4.18460,55.14,,10.59
4.18470,55.74,,10.31
4.18480,56.19,,10.32
4.18490,56.81,,10.45
4.18500,57.73,,10.45
4.18510,58.81,,10.73
4.18520,59.11,,10.59
4.18530,59.17,,10.59
4.18540,58.22,,10.59
4.18550,56.42,,10.59
4.18560,54.82,,10.59
4.18570,53.29,,10.59
4.18580,52.02,,10.73
4.18590,50.16,,10.45
4.18600,46.40,,10.45
4.18610,43.96,,10.45
4.18620,42.57,,10.45
4.18630,41.61,,10.45
4.18640,40.52,,10.59
4.18650,39.40,,10.59
4.18660,38.98,,10.45
4.18670,39.26,,10.05
4.18680,39.68,,10.32
4.18690,39.92,,10.73
4.18700,39.05,,10.88
4.18710,37.29,,10.88
4.18720,36.10,,10.73
4.18730,35.21,,10.18
4.18740,34.61,,10.19
4.18750,34.51,,10.31
4.18760,34.27,,10.88
4.18770,34.31,,11.02
4.18780,34.33,,11.03
4.18790,34.91,,10.45
4.18800,35.97,,10.05
4.18810,37.27,,9.70
4.18820,38.59,,9.93
4.18830,40.05,,10.45
4.18840,41.37,,10.83
4.18850,42.89,,11.07
4.18860,44.67,,11.33
4.18870,46.47,,11.03
4.18880,47.53,,10.59
4.18890,46.97,,10.18
4.18900,46.68,,9.94
4.18910,46.69,,10.05
4.18920,47.09,,10.19
4.18930,47.88,,10.18
4.18940,48.37,,10.32
4.18950,49.53,,10.59
4.18960,51.26,,10.59
4.18970,53.13,,10.59
4.18980,55.43,,10.45
4.18990,55.94,,10.45
4.19000,56.45,,10.45
4.19010,56.89,,10.32
4.19020,57.76,,10.31
4.19030,58.99,,10.32
4.19040,60.49,,10.45
4.19050,62.24,,10.59
4.19060,64.17,,10.32
4.19070,66.39,,10.31
4.19080,68.71,,10.32
4.19090,71.01,,10.18
4.19100,73.37,,10.32
4.19110,74.71,,10.45
4.19120,74.98,,10.45
4.19130,74.32,,10.31
4.19140,73.24,,10.06
4.19150,72.46,,9.93
4.19160,72.70,,10.06
4.19170,72.90,,10.32
4.19180,73.01,,10.59
4.19190,73.43,,10.73
4.19200,74.08,,10.73
4.19210,74.60,,10.59
4.19220,74.82,,10.45
4.19230,74.92,,10.32
4.19240,74.84,,10.45
4.19250,74.99,,10.45
4.19260,75.23,,10.59
4.19270,75.50,,10.31
4.19280,76.06,,10.19
4.19290,77.45,,10.05
4.19300,79.23,,10.19
4.19310,80.95,,10.45
4.19320,82.32,,10.73
4.19330,83.12,,10.73
4.19340,83.33,,10.45
4.19350,82.95,,10.45
4.19360,82.39,,10.19
4.19370,82.65,,10.19
4.19380,82.79,,10.31
4.19390,83.56,,10.59
4.19400,84.53,,10.73
4.19410,85.23,,10.88
4.19420,86.47,,10.73
4.19430,88.09,,10.73
4.19440,89.68,,10.31
4.19450,90.91,,10.19
4.19460,91.48,,9.94
4.19470,91.68,,10.05
4.19480,92.12,,10.19
4.19490,92.77,,10.45
4.19500,93.49,,10.73
4.19510,94.16,,11.03
4.19520,94.11,,11.02
4.19530,93.42,,10.88
4.19540,92.75,,10.32
4.19550,92.36,,9.93
4.19560,92.16,,9.81
4.19570,91.72,,9.81
4.19580,91.24,,10.18
4.19590,90.69,,10.59
4.19600,90.77,,10.73
4.19610,90.78,,10.83
4.19620,90.56,,10.78
4.19630,90.23,,10.73
4.19640,89.47,,10.45
4.19650,88.97,,10.32
4.19660,88.39,,10.19
4.19670,88.19,,10.59
4.19680,88.76,,10.59
4.19690,90.23,,10.45
4.19700,91.27,,10.45
4.19710,92.19,,10.73
4.19720,92.56,,10.88
4.19730,91.95,,10.59
4.19740,91.05,,10.45
4.19750,90.74,,10.18
4.19760,89.84,,10.32
4.19770,88.66,,10.73
4.19780,87.28,,10.73
4.19790,86.07,,10.88
4.19800,84.96,,10.73
4.19810,83.63,,10.88
4.19820,82.27,,11.03
4.19830,80.75,,10.73
4.19840,79.16,,10.31
4.19850,77.95,,10.19
4.19860,77.28,,10.19
4.19870,77.24,,10.18
4.19880,78.31,,10.59
4.19890,77.87,,11.03
4.19900,78.38,,11.66
4.19910,78.07,,11.51
4.19920,77.19,,11.33
4.19930,75.91,,10.88
4.19940,74.99,,10.59
4.19950,74.34,,10.31
4.19960,73.70,,10.45
4.19970,73.01,,10.73
4.19980,72.71,,10.88
4.19990,72.95,,10.73
4.20000,73.96,,10.59
4.20010,75.84,,10.59
4.20020,77.89,,10.73
4.20030,78.98,,10.88
4.20040,79.03,,11.03
4.20050,77.95,,11.33
4.20060,76.39,,11.23
4.20070,74.54,,10.98
4.20080,72.99,,10.73
4.20090,71.59,,10.59
4.20100,70.75,,10.88
4.20110,70.38,,10.73
4.20120,70.25,,10.73
4.20130,70.48,,10.59
4.20140,71.04,,10.45
4.20150,70.18,,10.45
4.20160,69.92,,10.88
4.20170,68.76,,11.33
4.20180,67.42,,11.85
4.20190,65.48,,12.19
4.20200,63.90,,11.85
4.20210,62.34,,11.44
4.20220,60.54,,10.78
4.20230,59.44,,10.19
4.20240,58.38,,10.31
4.20250,57.60,,10.59
4.20260,57.01,,11.03
4.20270,55.62,,11.33
4.20280,54.47,,11.18
4.20290,54.11,,11.19
4.20300,54.46,,11.18
4.20310,54.68,,10.88
4.20320,54.63,,11.02
4.20330,53.88,,11.35
4.20340,53.38,,11.50
4.20350,52.74,,11.35
4.20360,51.62,,11.33
4.20370,50.33,,11.07
4.20380,49.51,,11.13
4.20390,48.86,,11.28
4.20400,47.38,,11.40
4.20410,46.81,,11.33
4.20420,46.56,,11.35
4.20430,46.23,,11.33
4.20440,45.42,,11.19
4.20450,44.57,,11.02
4.20460,43.76,,10.88
4.20470,43.25,,11.18
4.20480,42.83,,11.33
4.20490,42.05,,11.51
4.20500,41.12,,11.66
4.20510,40.33,,11.51
4.20520,39.31,,11.66
4.20530,37.88,,11.51
4.20540,35.98,,11.33
4.20550,33.94,,11.35
4.20560,32.15,,11.18
4.20570,30.55,,11.02
4.20580,29.10,,10.88
4.20590,27.75,,11.18
4.20600,26.62,,11.51
4.20610,25.52,,11.83
4.20620,24.29,,11.91
4.20630,22.81,,12.07
4.20640,21.05,,11.91
4.20650,19.53,,11.83
4.20660,18.17,,11.51
4.20670,17.19,,11.33
4.20680,16.86,,11.18
4.20690,17.25,,11.19
4.20700,17.77,,11.33
4.20710,18.39,,11.35
4.20720,18.32,,11.66
4.20730,17.81,,12.03
4.20740,17.19,,11.83
4.20750,15.84,,11.85
4.20760,14.39,,11.66
4.20770,13.06,,11.33
4.20780,12.23,,11.35
4.20790,11.60,,11.50
4.20800,11.40,,11.68
4.20810,11.70,,11.83
4.20820,10.94,,12.03
4.20830,10.16,,11.83
4.20840,10.38,,11.68
4.20850,10.75,,11.50
4.20860,11.00,,11.35
4.20870,11.33,,11.33
4.20880,11.55,,11.50
4.20890,11.66,,11.85
4.20900,11.92,,12.01
4.20910,11.80,,12.03
4.20920,11.09,,12.01
4.20930,10.17,,11.85
4.20940,9.17,,11.50
4.20950,8.48,,11.35
4.20960,8.31,,11.18
4.20970,9.43,,11.18
4.20980,11.20,,11.51
4.20990,12.44,,11.83
4.21000,12.90,,11.91
4.21010,12.58,,11.95
4.21020,12.13,,11.85
4.21030,12.02,,11.66
4.21040,12.08,,11.57
4.21050,11.93,,11.61
4.21060,12.03,,11.91
4.21070,12.38,,12.13
4.21080,12.66,,12.38
4.21090,12.22,,12.03
4.21100,12.06,,12.01
4.21110,12.48,,11.35
4.21120,13.17,,11.02
4.21130,14.33,,11.19
4.21140,15.98,,11.33
4.21150,17.40,,11.68
4.21160,18.99,,12.01
4.21170,20.28,,12.26
4.21180,21.81,,12.34
4.21190,22.42,,12.01
4.21200,21.67,,11.85
4.21210,20.85,,11.55
4.21220,19.87,,11.45
4.21230,18.85,,11.66
4.21240,18.11,,11.85
4.21250,16.77,,12.07
4.21260,16.35,,12.16
4.21270,17.50,,11.83
4.21280,17.93,,11.50
4.21290,19.77,,11.35
4.21300,22.08,,11.18
4.21310,24.32,,11.51
4.21320,25.94,,12.01
4.21330,26.51,,12.54
4.21340,26.13,,12.84
4.21350,25.97,,13.02
4.21360,25.96,,12.57
4.21370,26.18,,11.66
4.21380,27.08,,11.19
4.21390,28.47,,11.02
4.21400,29.17,,11.13
4.21410,29.27,,11.55
4.21420,30.05,,12.03
4.21430,30.72,,12.38
4.21440,30.48,,12.41
4.21450,29.54,,12.32
4.21460,29.23,,12.09
4.21470,29.48,,11.83
4.21480,29.66,,11.55
4.21490,30.37,,11.62
4.21500,31.63,,11.66
4.21510,33.30,,11.51
4.21520,35.03,,11.66
4.21530,36.70,,12.03
4.21540,37.96,,12.19
4.21550,38.61,,12.61
4.21560,39.00,,12.57
4.21570,39.05,,12.38
4.21580,39.17,,12.16
4.21590,40.14,,11.55
4.21600,41.43,,11.35
4.21610,42.49,,11.33
4.21620,42.99,,11.85
4.21630,42.86,,12.13
4.21640,42.48,,12.47
4.21650,42.05,,12.51
4.21660,41.85,,12.09
4.21670,41.35,,11.89
4.21680,41.08,,11.61
4.21690,40.43,,11.51
4.21700,39.99,,11.83
4.21710,40.12,,12.22
4.21720,40.30,,12.44
4.21730,40.20,,12.34
4.21740,40.32,,12.13
4.21750,40.83,,11.91
4.21760,41.02,,11.61
4.21770,40.91,,11.72
4.21780,40.86,,12.03
4.21790,41.29,,12.19
4.21800,42.12,,12.41
4.21810,43.63,,12.57
4.21820,45.56,,12.41
4.21830,45.95,,12.19
4.21840,45.29,,12.03
4.21850,45.17,,11.95
4.21860,45.25,,11.91
4.21870,45.54,,12.01
4.21880,45.81,,12.01
4.21890,46.14,,11.91
4.21900,46.70,,11.95
4.21910,47.08,,11.85
4.21920,47.56,,12.01
4.21930,48.17,,12.03
4.21940,48.78,,12.57
4.21950,49.44,,12.54
4.21960,48.91,,12.57
4.21970,48.72,,12.07
4.21980,48.88,,11.68
4.21990,49.83,,11.39
4.22000,51.10,,11.45
4.22010,51.46,,11.66
4.22020,50.97,,12.22
4.22030,50.40,,12.71
4.22040,49.85,,12.67
4.22050,48.96,,12.57
4.22060,48.72,,12.41
4.22070,49.27,,11.95
4.22080,50.49,,11.72
4.22090,52.16,,11.68
4.22100,54.15,,11.66
4.22110,56.93,,11.85
4.22120,60.35,,12.19
4.22130,62.26,,12.41
4.22140,62.29,,12.38
4.22150,60.49,,12.41
4.22160,58.92,,12.01
4.22170,58.40,,11.72
4.22180,58.05,,11.62
4.22190,57.77,,11.55
4.22200,57.55,,12.03
4.22210,57.40,,12.44
4.22220,57.16,,12.47
4.22230,56.97,,12.51
4.22240,56.78,,12.28
4.22250,56.38,,12.01
4.22260,55.36,,11.85
4.22270,54.13,,11.83
4.22280,52.81,,12.01
4.22290,51.52,,12.22
4.22300,50.78,,12.44
4.22310,50.41,,12.34
4.22320,50.13,,12.13
4.22330,50.29,,11.79
4.22340,51.33,,11.72
4.22350,52.10,,11.74
4.22360,51.95,,12.01
4.22370,52.11,,12.32
4.22380,52.33,,12.67
4.22390,52.26,,12.71
4.22400,52.04,,12.41
4.22410,51.59,,12.07
4.22420,52.12,,12.03
4.22430,53.25,,11.66
4.22440,53.46,,11.85
4.22450,53.74,,12.07
4.22460,53.42,,12.28
4.22470,53.85,,12.44
4.22480,54.02,,12.32
4.22490,53.68,,12.28
4.22500,52.92,,11.95
4.22510,52.29,,11.91
4.22520,52.17,,12.07
4.22530,52.36,,12.28
4.22540,52.55,,12.32
4.22550,53.13,,12.34
4.22560,52.89,,12.38
4.22570,52.58,,12.19
4.22580,52.13,,12.16
4.22590,51.70,,11.95
4.22600,50.97,,11.91
4.22610,50.73,,11.89
4.22620,51.25,,12.22
4.22630,51.54,,12.57
4.22640,51.58,,12.54
4.22650,51.76,,12.44
4.22660,52.38,,12.41
4.22670,52.31,,12.01
4.22680,51.51,,11.78
4.22690,50.57,,11.68
4.22700,49.73,,11.89
4.22710,48.79,,12.22
4.22720,48.52,,12.19
4.22730,48.23,,12.41
4.22740,48.55,,12.38
4.22750,49.16,,12.22
4.22760,49.15,,12.19
4.22770,48.72,,11.95
4.22780,48.59,,12.09
4.22790,48.63,,12.01
4.22800,48.97,,11.85
4.22810,49.52,,12.13
4.22820,50.18,,12.28
4.22830,50.47,,12.44
4.22840,49.21,,12.54
4.22850,48.36,,12.57
4.22860,47.76,,12.41
4.22870,47.09,,12.01
4.22880,46.21,,11.83
4.22890,45.24,,11.51
4.22900,43.81,,11.66
4.22910,42.66,,11.74
4.22920,41.98,,12.13
4.22930,41.97,,12.22
4.22940,42.35,,12.19
4.22950,43.05,,12.03
4.22960,44.62,,12.19
4.22970,45.89,,12.41
4.22980,46.01,,12.57
4.22990,45.61,,12.57
4.23000,45.18,,12.28
4.23010,44.93,,12.13
4.23020,45.52,,11.85
4.23030,46.24,,11.66
4.23040,47.19,,11.51
4.23050,48.11,,11.95
4.23060,48.84,,12.28
4.23070,49.57,,12.57
4.23080,49.70,,12.77
4.23090,50.19,,12.61
4.23100,50.18,,12.19
4.23110,49.75,,11.85
4.23120,48.98,,11.66
4.23130,48.34,,11.68
4.23140,47.68,,12.01
4.23150,47.80,,12.34
4.23160,48.17,,12.44
4.23170,48.95,,12.41
4.23180,49.96,,12.38
4.23190,51.13,,12.01
4.23200,51.64,,11.85
4.23210,52.45,,11.83
4.23220,53.47,,11.85
4.23230,54.05,,12.19
4.23240,54.24,,12.41
4.23250,54.16,,12.38
4.23260,54.43,,12.47
4.23270,54.90,,12.13
4.23280,55.31,,11.83
4.23290,55.84,,11.85
4.23300,56.13,,11.83
4.23310,56.26,,12.03
4.23320,55.80,,12.32
4.23330,55.17,,12.47
4.23340,54.62,,12.57
4.23350,54.48,,12.41
4.23360,54.09,,12.19
4.23370,53.64,,11.85
4.23380,53.34,,11.66
4.23390,53.11,,11.55
4.23400,53.51,,11.68
4.23410,53.77,,11.95
4.23420,54.61,,12.16
4.23430,55.85,,12.44
4.23440,56.82,,12.41
4.23450,56.58,,12.71
4.23460,56.35,,12.47
4.23470,56.06,,12.19
4.23480,56.04,,11.83
4.23490,56.44,,11.51
4.23500,57.27,,11.50
4.23510,58.59,,11.79
4.23520,60.39,,12.26
4.23530,60.80,,12.47
4.23540,59.88,,12.57
4.23550,58.74,,12.41
4.23560,58.27,,11.95
4.23570,58.41,,11.51
4.23580,59.18,,11.33
4.23590,59.69,,11.50
4.23600,60.02,,12.16
4.23610,60.16,,12.57
4.23620,59.78,,12.95
4.23630,59.33,,12.91
4.23640,59.14,,12.61
4.23650,58.41,,11.83
4.23660,58.33,,11.51
4.23670,58.93,,11.50
4.23680,58.70,,11.50
4.23690,58.16,,11.97
4.23700,57.99,,12.26
4.23710,57.61,,12.41
4.23720,56.93,,12.26
4.23730,55.94,,12.16
4.23740,55.35,,11.83
4.23750,54.99,,12.03
4.23760,54.25,,12.19
4.23770,54.02,,12.22
4.23780,54.20,,12.57
4.23790,54.67,,12.51
4.23800,55.52,,12.41
4.23810,56.32,,12.19
4.23820,56.16,,12.09
4.23830,54.83,,11.89
4.23840,53.74,,12.16
4.23850,52.97,,12.19
4.23860,52.42,,12.03
4.23870,51.92,,11.95
4.23880,52.00,,11.89
4.23890,52.41,,11.85
4.23900,52.92,,12.01
4.23910,52.88,,12.22
4.23920,52.45,,12.57
4.23930,51.81,,12.81
4.23940,51.12,,12.57
4.23950,50.41,,12.41
4.23960,49.87,,12.19
4.23970,49.28,,12.03
4.23980,48.91,,12.01
4.23990,48.79,,12.01
4.24000,49.02,,12.41
4.24010,48.77,,12.77
4.24020,48.13,,12.81
4.24030,47.60,,12.64
4.24040,47.19,,12.54
4.24050,47.07,,12.07
4.24060,46.88,,11.79
4.24070,47.36,,11.83
4.24080,48.22,,12.01
4.24090,49.33,,12.22
4.24100,50.08,,12.19
4.24110,50.25,,12.54
4.24120,49.86,,12.64
4.24130,49.35,,12.74
4.24140,48.32,,12.64
4.24150,47.35,,12.47
4.24160,46.71,,12.32
4.24170,46.29,,12.03
4.24180,45.86,,12.01
4.24190,45.71,,12.01
4.24200,45.67,,12.03
4.24210,45.62,,12.19
4.24220,46.28,,12.61
4.24230,46.92,,12.57
4.24240,47.54,,12.61
4.24250,48.25,,12.57
4.24260,48.78,,12.54
4.24270,48.97,,12.44
4.24280,48.83,,12.19
4.24290,48.63,,12.03
4.24300,48.25,,12.07
4.24310,48.07,,12.16
4.24320,48.53,,12.19
4.24330,49.10,,12.41
4.24340,49.18,,12.44
4.24350,49.75,,12.54
4.24360,50.50,,12.44
4.24370,51.56,,12.34
4.24380,51.90,,12.01
4.24390,52.00,,11.83
4.24400,52.57,,12.03
4.24410,52.63,,12.19
4.24420,52.35,,12.61
4.24430,51.91,,12.77
4.24440,51.45,,13.02
4.24450,51.26,,12.91
4.24460,51.50,,12.67
4.24470,51.71,,12.44
4.24480,51.85,,12.32
4.24490,51.62,,12.22
4.24500,50.78,,12.38
4.24510,49.94,,12.54
4.24520,49.47,,12.57
4.24530,48.48,,12.28
4.24540,46.43,,12.01
4.24550,48.71,,11.85
4.24560,52.02,,11.72
4.24570,52.21,,12.03
4.24580,51.61,,12.51
4.24590,50.83,,12.91
4.24600,50.73,,13.24
4.24610,51.24,,13.27
4.24620,51.66,,12.95
4.24630,52.48,,12.71
4.24640,53.44,,12.34
4.24650,54.81,,12.19
4.24660,56.28,,12.22
4.24670,56.31,,12.38
4.24680,56.61,,12.38
4.24690,56.64,,12.41
4.24700,56.73,,12.44
4.24710,56.81,,12.41
4.24720,56.45,,12.51
4.24730,55.45,,12.61
4.24740,54.60,,12.57
4.24750,54.34,,12.67
4.24760,54.95,,12.71
4.24770,55.53,,12.81
4.24780,55.69,,12.57
4.24790,55.95,,12.57
4.24800,56.12,,12.41
4.24810,56.51,,12.38
4.24820,56.76,,12.61
4.24830,56.37,,12.71
4.24840,55.11,,12.81
4.24850,53.51,,12.64
4.24860,52.43,,12.41
4.24870,52.16,,12.38
4.24880,51.37,,12.38
4.24890,50.68,,12.41
4.24900,49.61,,12.57
4.24910,48.48,,12.81
4.24920,48.07,,12.91
4.24930,47.76,,13.09
4.24940,46.87,,12.98
4.24950,45.74,,12.81
4.24960,44.40,,12.57
4.24970,45.54,,12.41
4.24980,46.66,,12.19
4.24990,47.39,,12.32
4.25000,47.82,,12.54
4.25010,48.46,,12.98
4.25020,48.65,,13.24
4.25030,47.99,,13.41
4.25040,46.95,,13.16
4.25050,46.42,,12.57
4.25060,46.22,,12.22
4.25070,46.43,,12.01
4.25080,46.77,,12.01
4.25090,47.02,,12.41
4.25100,47.14,,12.84
4.25110,46.80,,13.16
4.25120,46.22,,13.41
4.25130,46.08,,13.46
4.25140,46.48,,13.41
4.25150,46.33,,12.67
4.25160,46.05,,12.32
4.25170,46.86,,12.22
4.25180,47.52,,12.19
4.25190,48.07,,12.57
4.25200,48.33,,12.88
4.25210,48.80,,13.27
4.25220,48.80,,13.24
4.25230,48.82,,13.05
4.25240,49.23,,12.74
4.25250,49.92,,12.32
4.25260,50.48,,12.16
4.25270,51.36,,12.01
4.25280,52.56,,12.19
4.25290,53.61,,12.61
4.25300,54.13,,13.19
4.25310,54.21,,13.31
4.25320,53.92,,13.27
4.25330,53.44,,13.09
4.25340,52.79,,12.77
4.25350,52.37,,12.41
4.25360,52.28,,12.38
4.25370,52.54,,12.54
4.25380,52.57,,12.64
4.25390,52.21,,12.77
4.25400,52.42,,12.81
4.25410,52.69,,12.98
4.25420,52.62,,12.67
4.25430,53.03,,12.51
4.25440,54.14,,12.34
4.25450,55.35,,12.26
4.25460,56.34,,12.47
4.25470,56.78,,12.84
4.25480,56.76,,13.12
4.25490,56.38,,13.16
4.25500,56.05,,13.05
4.25510,55.45,,12.74
4.25520,54.78,,12.57
4.25530,54.17,,12.34
4.25540,54.10,,12.32
4.25550,53.68,,12.54
4.25560,53.84,,12.77
4.25570,54.78,,13.02
4.25580,54.18,,12.98
4.25590,54.57,,12.98
4.25600,53.82,,12.81
4.25610,53.21,,12.71
4.25620,53.73,,12.41
4.25630,54.60,,12.44
4.25640,55.50,,12.61
4.25650,55.79,,12.98
4.25660,55.50,,13.24
4.25670,55.17,,13.41
4.25680,54.55,,13.31
4.25690,54.22,,12.91
4.25700,54.29,,12.57
4.25710,54.29,,12.22
4.25720,55.01,,12.01
4.25730,55.68,,12.09
4.25740,55.92,,12.57
4.25750,55.99,,12.95
4.25760,55.94,,13.27
4.25770,55.99,,13.54
4.25780,56.21,,13.41
4.25790,57.00,,12.98
4.25800,57.45,,12.67
4.25810,57.50,,12.57
4.25820,57.19,,12.41
4.25830,56.83,,12.57
4.25840,55.90,,12.81
4.25850,55.64,,13.12
4.25860,55.80,,12.88
4.25870,56.13,,12.64
4.25880,57.28,,12.54
4.25890,58.69,,12.57
4.25900,58.77,,12.57
4.25910,58.07,,12.81
4.25920,58.00,,12.98
4.25930,58.25,,13.02
4.25940,58.52,,13.19
4.25950,58.71,,13.02
4.25960,58.51,,12.64
4.25970,58.66,,12.54
4.25980,59.13,,12.38
4.25990,59.56,,12.38
4.26000,60.39,,12.61
4.26010,60.59,,12.77
4.26020,60.27,,12.95
4.26030,60.31,,12.98
4.26040,60.04,,12.88
4.26050,59.75,,12.57
4.26060,59.86,,12.47
4.26070,60.27,,12.32
4.26080,60.95,,12.54
4.26090,61.56,,12.84
4.26100,61.67,,13.19
4.26110,60.72,,13.31
4.26120,59.53,,13.27
4.26130,58.02,,12.95
4.26140,56.98,,12.84
4.26150,56.14,,12.67
4.26160,55.60,,12.57
4.26170,54.87,,12.41
4.26180,54.11,,12.38
4.26190,53.39,,12.51
4.26200,52.71,,12.54
4.26210,51.79,,12.71
4.26220,51.23,,12.61
4.26230,50.67,,12.91
4.26240,50.00,,12.95
4.26250,48.86,,12.98
4.26260,48.21,,13.09
4.26270,48.14,,12.98
4.26280,48.34,,12.95
4.26290,49.06,,12.84
4.26300,49.54,,12.64
4.26310,49.97,,12.61
4.26320,50.73,,12.44
4.26330,51.41,,12.54
4.26340,51.53,,12.77
4.26350,51.42,,13.02
4.26360,51.48,,12.98
4.26370,51.49,,12.81
4.26380,50.88,,12.84
4.26390,50.99,,12.91
4.26400,50.35,,13.02
4.26410,48.88,,12.98
4.26420,47.72,,13.02
4.26430,47.06,,12.77
4.26440,46.23,,12.67
4.26450,45.61,,12.51
4.26460,45.74,,12.61
4.26470,46.07,,12.57
4.26480,46.63,,12.81
4.26490,47.26,,12.84
4.26500,47.96,,12.98
4.26510,49.06,,12.95
4.26520,49.65,,12.98
4.26530,50.19,,12.95
4.26540,50.21,,12.98
4.26550,49.76,,12.88
4.26560,49.11,,12.77
4.26570,49.20,,12.81
4.26580,49.80,,12.57
4.26590,49.47,,12.98
4.26600,48.34,,13.02
4.26610,46.61,,13.05
4.26620,44.74,,12.95
4.26630,43.64,,12.77
4.26640,42.95,,12.74
4.26650,42.01,,12.64
4.26660,40.86,,12.61
4.26670,40.26,,12.44
4.26680,39.65,,12.67
4.26690,40.31,,12.98
4.26700,41.45,,13.12
4.26710,41.68,,13.24
4.26720,41.86,,13.27
4.26730,42.43,,12.88
4.26740,43.00,,12.64
4.26750,42.96,,12.54
4.26760,42.70,,12.57
4.26770,42.19,,12.41
4.26780,41.98,,12.71
4.26790,42.18,,12.84
4.26800,43.15,,13.09
4.26810,42.80,,13.12
4.26820,42.00,,13.02
4.26830,41.55,,12.98
4.26840,41.11,,12.81
4.26850,41.15,,12.51
4.26860,40.14,,12.28
4.26870,41.09,,12.32
4.26880,42.54,,12.47
4.26890,43.77,,12.91
4.26900,44.32,,13.27
4.26910,43.96,,13.69
4.26920,43.40,,13.41
4.26930,43.13,,13.39
4.26940,43.24,,12.84
4.26950,42.96,,12.41
4.26960,42.37,,12.19
4.26970,40.62,,12.03
4.26980,38.73,,12.38
4.26990,37.76,,12.77
4.27000,37.92,,12.95
4.27010,38.43,,13.27
4.27020,38.63,,13.09
4.27030,38.71,,12.98
4.27040,38.88,,12.95
4.27050,38.86,,12.77
4.27060,39.39,,12.61
4.27070,39.23,,12.71
4.27080,39.65,,12.81
4.27090,39.79,,12.71
4.27100,40.12,,12.84
4.27110,40.91,,12.88
4.27120,41.59,,12.98
4.27130,42.13,,13.02
4.27140,41.60,,12.77
4.27150,41.48,,12.81
4.27160,41.13,,12.77
4.27170,40.34,,12.81
4.27180,39.97,,12.57
4.27190,40.24,,12.32
4.27200,40.65,,12.41
4.27210,41.52,,12.57
4.27220,42.98,,12.67
4.27230,42.91,,12.98
4.27240,41.83,,13.39
4.27250,41.38,,13.27
4.27260,41.00,,13.24
4.27270,41.11,,12.98
4.27280,41.74,,12.81
4.27290,42.61,,12.44
4.27300,43.88,,12.71
4.27310,44.28,,12.81
4.27320,44.25,,12.77
4.27330,44.06,,13.02
4.27340,44.96,,12.77
4.27350,46.33,,12.81
4.27360,47.40,,12.57
4.27370,48.36,,12.61
4.27380,48.10,,12.57
4.27390,48.05,,12.71
4.27400,48.18,,13.09
4.27410,48.33,,12.98
4.27420,48.10,,13.02
4.27430,48.11,,12.98
4.27440,48.77,,12.88
4.27450,48.59,,12.71
4.27460,47.36,,12.61
4.27470,46.35,,12.77
4.27480,46.18,,12.67
4.27490,45.27,,12.91
4.27500,44.62,,12.98
4.27510,43.59,,13.02
4.27520,42.27,,12.84
4.27530,41.71,,12.74
4.27540,41.60,,12.57
4.27550,42.52,,12.47
4.27560,44.28,,12.51
4.27570,46.08,,12.61
4.27580,47.09,,13.19
4.27590,48.30,,13.49
4.27600,48.66,,13.54
4.27610,48.13,,13.27
4.27620,47.82,,13.09
4.27630,48.27,,12.71
4.27640,49.26,,12.22
4.27650,50.54,,12.13
4.27660,51.89,,12.16
4.27670,53.11,,12.57
4.27680,53.95,,12.95
4.27690,54.20,,13.27
4.27700,54.04,,13.56
4.27710,53.46,,13.39
4.27720,52.63,,13.27
4.27730,51.99,,12.81
4.27740,51.94,,12.32
4.27750,52.00,,12.16
4.27760,52.27,,12.44
4.27770,52.60,,12.67
4.27780,52.24,,12.98
4.27790,52.30,,13.19
4.27800,52.70,,13.16
4.27810,52.39,,13.12
4.27820,52.96,,12.95
4.27830,53.80,,12.98
4.27840,52.88,,12.81
4.27850,51.98,,12.77
4.27860,50.74,,12.74
4.27870,49.93,,12.71
4.27880,49.86,,12.74
4.27890,49.45,,12.64
4.27900,48.96,,12.71
4.27910,48.98,,12.61
4.27920,48.94,,12.77
4.27930,48.79,,13.09
4.27940,48.96,,13.12
4.27950,49.70,,13.02
4.27960,50.49,,12.98
4.27970,51.43,,12.88
4.27980,52.67,,12.71
4.27990,53.55,,12.84
4.28000,54.04,,12.95
4.28010,54.28,,12.98
4.28020,54.66,,13.09
4.28030,54.48,,13.12
4.28040,54.21,,13.02
4.28050,54.11,,12.98
4.28060,54.14,,12.81
4.28070,54.32,,12.91
4.28080,54.33,,12.88
4.28090,54.22,,12.91
4.28100,54.75,,12.84
4.28110,55.63,,12.81
4.28120,56.67,,12.77
4.28130,57.82,,12.61
4.28140,58.42,,12.98
4.28150,58.12,,12.95
4.28160,57.20,,13.12
4.28170,56.63,,13.16
4.28180,56.24,,13.19
4.28190,55.73,,12.95
4.28200,55.30,,12.84
4.28210,55.06,,12.71
4.28220,54.94,,12.67
4.28230,54.72,,12.57
4.28240,54.56,,12.95
4.28250,54.62,,13.05
4.28260,54.43,,13.24
4.28270,53.90,,13.19
4.28280,54.10,,13.02
4.28290,54.57,,12.77
4.28300,54.71,,12.77
4.28310,54.45,,12.74
4.28320,53.51,,12.84
4.28330,52.94,,12.81
4.28340,52.48,,12.98
4.28350,51.26,,13.09
4.28360,49.75,,13.27
4.28370,48.62,,13.31
4.28380,47.71,,13.05
4.28390,47.40,,12.81
4.28400,47.73,,12.57
4.28410,48.87,,12.32
4.28420,50.80,,12.41
4.28430,52.22,,12.57
4.28440,53.73,,13.02
4.28450,55.60,,13.41
4.28460,56.51,,13.69
4.28470,55.85,,13.64
4.28480,55.60,,13.54
4.28490,55.32,,13.12
4.28500,55.28,,12.71
4.28510,56.02,,12.41
4.28520,57.29,,12.44
4.28530,58.33,,12.61
4.28540,58.60,,13.19
4.28550,58.23,,13.24
4.28560,58.38,,13.56
4.28570,57.85,,13.31
4.28580,56.57,,13.05
4.28590,55.55,,12.81
4.28600,54.87,,12.71
4.28610,54.09,,12.44
4.28620,53.41,,12.74
4.28630,53.10,,13.05
4.28640,53.30,,13.39
4.28650,53.94,,13.27
4.28660,54.70,,13.24
4.28670,56.21,,13.12
4.28680,57.69,,12.95
4.28690,57.56,,12.84
4.28700,57.05,,12.98
4.28710,56.49,,13.09
4.28720,55.18,,13.27
4.28730,54.08,,13.31
4.28740,54.30,,13.19
4.28750,54.53,,13.02
4.28760,54.26,,12.64
4.28770,53.73,,12.54
4.28780,53.59,,12.57
4.28790,53.01,,12.95
4.28800,52.01,,13.27
4.28810,51.68,,13.41
4.28820,51.21,,13.54
4.28830,51.05,,13.34
4.28840,50.97,,13.16
4.28850,50.54,,12.84
4.28860,50.09,,12.54
4.28870,49.60,,12.64
4.28880,49.49,,12.81
4.28890,49.73,,13.05
4.28900,49.81,,13.27
4.28910,50.08,,13.09
4.28920,51.31,,13.19
4.28930,50.93,,13.02
4.28940,51.73,,12.98
4.28950,52.42,,12.95
4.28960,53.87,,12.98
4.28970,54.78,,13.09
4.28980,54.51,,13.56
4.28990,54.41,,13.69
4.29000,54.48,,13.49
4.29010,54.27,,13.34
4.29020,54.59,,12.95
4.29030,54.80,,12.84
4.29040,54.24,,12.54
4.29050,52.62,,12.71
4.29060,51.05,,12.67
4.29070,50.64,,12.91
4.29080,50.68,,13.16
4.29090,50.59,,13.27
4.29100,51.51,,12.98
4.29110,52.73,,12.95
4.29120,53.89,,12.84
4.29130,55.30,,12.81
4.29140,56.10,,12.84
4.29150,55.52,,13.16
4.29160,55.22,,13.19
4.29170,55.67,,13.39
4.29180,55.88,,13.27
4.29190,56.08,,13.46
4.29200,55.31,,13.34
4.29210,55.02,,13.12
4.29220,54.33,,13.09
4.29230,54.35,,12.84
4.29240,55.00,,12.81
4.29250,55.41,,12.98
4.29260,55.71,,13.24
4.29270,56.05,,13.41
4.29280,56.71,,13.39
4.29290,56.99,,13.27
4.29300,57.49,,13.12
4.29310,59.29,,12.67
4.29320,60.74,,12.57
4.29330,60.92,,12.54
4.29340,60.99,,12.64
4.29350,60.58,,13.02
4.29360,59.89,,13.41
4.29370,58.86,,13.69
4.29380,56.79,,13.56
4.29390,54.90,,13.39
4.29400,53.40,,13.12
4.29410,52.91,,12.77
4.29420,52.84,,12.61
4.29430,53.07,,12.57
4.29440,53.76,,13.09
4.29450,54.80,,13.56
4.29460,55.81,,13.93
4.29470,56.49,,13.96
4.29480,56.40,,13.85
4.29490,55.96,,13.41
4.29500,55.95,,12.84
4.29510,56.10,,12.54
4.29520,55.36,,12.19
4.29530,55.51,,12.22
4.29540,55.85,,12.77
4.29550,56.23,,13.24
4.29560,56.17,,13.64
4.29570,56.05,,13.69
4.29580,56.71,,13.64
4.29590,56.51,,13.39
4.29600,56.58,,13.27
4.29610,55.97,,12.98
4.29620,54.73,,12.61
4.29630,53.31,,12.77
4.29640,52.82,,13.02
4.29650,52.31,,13.19
4.29660,52.24,,13.24
4.29670,52.71,,13.56
4.29680,53.13,,13.31
4.29690,53.60,,13.34
4.29700,54.38,,12.98
4.29710,55.01,,12.88
4.29720,55.79,,12.98
4.29730,56.36,,13.24
4.29740,55.67,,13.41
4.29750,54.45,,13.31
4.29760,52.50,,13.12
4.29770,50.70,,13.09
4.29780,48.56,,12.98
4.29790,46.66,,12.81
4.29800,45.58,,12.84
4.29810,44.70,,12.98
4.29820,45.28,,13.24
4.29830,46.43,,13.27
4.29840,47.65,,13.54
4.29850,48.07,,13.56
4.29860,48.10,,13.39
4.29870,48.04,,13.49
4.29880,47.25,,13.16
4.29890,46.09,,12.98
4.29900,45.28,,13.05
4.29910,45.04,,13.16
4.29920,44.56,,13.12
4.29930,43.63,,13.39
4.29940,42.91,,13.27
4.29950,42.48,,13.39
4.29960,41.04,,13.27
4.29970,40.23,,13.16
4.29980,39.88,,12.98
4.29990,39.67,,13.02
4.30000,39.68,,13.19
4.30010,39.66,,13.19
4.30020,39.46,,13.24
4.30030,39.76,,13.41
4.30040,39.41,,13.46
4.30050,39.36,,13.34
4.30060,38.84,,13.09
4.30070,39.20,,13.19
4.30080,39.53,,13.02
4.30090,39.41,,12.98
4.30100,40.06,,13.19
4.30110,40.03,,13.31
4.30120,39.09,,13.56
4.30130,39.12,,13.46
4.30140,39.20,,13.41
4.30150,39.05,,13.24
4.30160,39.43,,13.19
4.30170,39.83,,13.24
4.30180,40.08,,13.19
4.30190,39.77,,13.24
4.30200,39.91,,13.49
4.30210,39.88,,13.56
4.30220,39.20,,13.24
4.30230,38.37,,13.27
4.30240,38.54,,13.09
4.30250,39.04,,12.98
4.30260,39.34,,13.09
4.30270,39.68,,13.41
4.30280,40.09,,13.39
4.30290,41.15,,13.41
4.30300,41.79,,13.27
4.30310,42.40,,13.24
4.30320,43.33,,13.19
4.30330,43.12,,12.81
4.30340,42.52,,12.77
4.30350,42.43,,13.09
4.30360,42.01,,13.12
4.30370,41.84,,13.54
4.30380,41.73,,13.72
4.30390,41.42,,13.69
4.30400,41.08,,13.72
4.30410,41.01,,13.41
4.30420,40.88,,13.09
4.30430,40.93,,13.12
4.30440,41.20,,12.95
4.30450,41.98,,13.12
4.30460,42.81,,13.24
4.30470,42.59,,13.34
4.30480,42.23,,13.46
4.30490,42.07,,13.41
4.30500,42.17,,13.27
4.30510,42.21,,13.16
4.30520,42.61,,12.98
4.30530,43.61,,12.88
4.30540,44.41,,12.91
4.30550,45.38,,13.02
4.30560,45.54,,13.19
4.30570,45.60,,13.46
4.30580,46.38,,13.72
4.30590,46.41,,13.61
4.30600,46.75,,13.64
4.30610,47.46,,13.27
4.30620,47.99,,13.16
4.30630,47.78,,13.19
4.30640,47.89,,13.09
4.30650,47.58,,13.12
4.30660,48.34,,13.24
4.30670,48.76,,13.27
4.30680,49.33,,13.39
4.30690,49.82,,13.41
4.30700,48.92,,13.56
4.30710,46.97,,13.54
4.30720,46.68,,13.41
4.30730,46.36,,13.24
4.30740,46.51,,12.98
4.30750,47.31,,12.81
4.30760,48.06,,12.98
4.30770,48.74,,13.02
4.30780,49.66,,13.34
4.30790,50.49,,13.54
4.30800,51.89,,13.64
4.30810,52.97,,13.80
4.30820,52.52,,13.77
4.30830,52.10,,13.64
4.30840,52.41,,13.46
4.30850,52.69,,13.19
4.30860,53.03,,12.81
4.30870,52.91,,12.98
4.30880,52.22,,13.09
4.30890,51.38,,13.41
4.30900,50.68,,13.54
4.30910,50.42,,13.49
4.30920,49.99,,13.49
4.30930,49.50,,13.39
4.30940,48.85,,12.98
4.30950,48.66,,13.09
4.30960,48.43,,13.12
4.30970,48.45,,13.24
4.30980,48.55,,13.41
4.30990,48.83,,13.69
4.31000,48.88,,13.88
4.31010,49.34,,13.64
4.31020,49.85,,13.46
4.31030,50.40,,13.27
4.31040,50.99,,12.95
4.31050,51.67,,12.71
4.31060,52.40,,12.67
4.31070,53.22,,13.12
4.31080,53.82,,13.54
4.31090,53.69,,13.88
4.31100,52.76,,14.18
4.31110,51.99,,14.04
4.31120,51.36,,13.49
4.31130,50.95,,13.16
4.31140,50.84,,12.64
4.31150,51.38,,12.47
4.31160,51.98,,12.71
4.31170,52.40,,13.69
4.31180,53.13,,14.04
4.31190,53.19,,14.27
4.31200,52.98,,14.46
4.31210,52.80,,14.20
4.31220,52.18,,13.69
4.31230,51.44,,12.84
4.31240,51.51,,12.22
4.31250,52.22,,12.01
4.31260,53.48,,12.41
4.31270,54.57,,12.98
4.31280,55.37,,13.85
4.31290,55.43,,14.20
4.31300,55.30,,14.44
4.31310,55.26,,14.12
4.31320,55.40,,13.72
4.31330,55.84,,13.09
4.31340,57.14,,12.71
4.31350,58.55,,12.74
4.31360,59.02,,13.05
4.31370,58.86,,13.39
4.31380,57.97,,13.88
4.31390,56.80,,13.93
4.31400,56.30,,13.96
4.31410,56.24,,13.56
4.31420,55.29,,13.24
4.31430,53.80,,12.84
4.31440,52.12,,12.95
4.31450,51.30,,12.77
4.31460,50.80,,13.16
4.31470,50.37,,13.41
4.31480,49.58,,13.54
4.31490,49.17,,13.27
4.31500,49.28,,13.16
4.31510,50.38,,13.05
4.31520,52.25,,13.12
4.31530,52.49,,13.09
4.31540,52.57,,13.56
4.31550,52.62,,14.01
4.31560,53.24,,14.20
4.31570,52.47,,13.85
4.31580,51.99,,13.88
4.31590,52.78,,13.39
4.31600,53.76,,12.77
4.31610,54.80,,12.57
4.31620,55.46,,12.74
4.31630,55.28,,13.12
4.31640,54.20,,13.61
4.31650,53.69,,14.12
4.31660,53.02,,14.18
4.31670,52.42,,14.04
4.31680,52.45,,13.39
4.31690,52.95,,12.91
4.31700,53.54,,12.61
4.31710,53.87,,12.57
4.31720,54.73,,12.98
4.31730,54.54,,13.69
4.31740,53.00,,14.12
4.31750,52.93,,14.18
4.31760,53.03,,13.96
4.31770,52.88,,13.69
4.31780,52.89,,13.12
4.31790,52.67,,12.61
4.31800,53.45,,12.38
4.31810,54.42,,12.84
4.31820,55.10,,13.24
4.31830,55.05,,13.72
4.31840,55.01,,14.18
4.31850,55.13,,14.20
4.31860,55.22,,13.93
4.31870,55.06,,13.49
4.31880,54.90,,13.24
4.31890,54.91,,12.98
4.31900,56.05,,12.81
4.31910,56.82,,13.12
4.31920,57.34,,13.41
4.31930,58.22,,13.54
4.31940,58.26,,13.72
4.31950,58.01,,13.69
4.31960,57.49,,13.41
4.31970,56.84,,13.24
4.31980,56.37,,13.05
4.31990,55.53,,13.02
4.32000,53.83,,13.19
4.32010,51.99,,13.19
4.32020,51.24,,13.24
4.32030,50.28,,13.27
4.32040,48.77,,13.39
4.32050,47.49,,13.12
4.32060,45.93,,13.09
4.32070,44.05,,12.98
4.32080,42.32,,13.39
4.32090,41.01,,13.27
4.32100,39.95,,13.69
4.32110,40.30,,13.72
4.32120,40.72,,14.04
4.32130,41.10,,14.01
4.32140,41.67,,14.04
4.32150,41.80,,13.85
4.32160,41.57,,13.41
4.32170,41.76,,13.09
4.32180,41.61,,12.77
4.32190,41.51,,12.81
4.32200,41.29,,12.91
4.32210,40.93,,12.84
4.32220,39.74,,13.24
4.32230,37.85,,13.27
4.32240,36.11,,13.24
4.32250,35.10,,13.34
4.32260,34.84,,13.24
4.32270,34.56,,13.34
4.32280,33.89,,13.54
4.32290,32.54,,13.88
4.32300,31.42,,14.18
4.32310,29.95,,13.88
4.32320,28.82,,13.88
4.32330,28.08,,13.54
4.32340,27.41,,13.12
4.32350,26.99,,13.02
4.32360,26.01,,13.05
4.32370,25.49,,13.16
4.32380,24.72,,13.41
4.32390,23.89,,13.61
4.32400,22.92,,13.56
4.32410,21.90,,13.56
4.32420,22.22,,13.46
4.32430,21.63,,13.19
4.32440,21.21,,13.09
4.32450,21.45,,12.98
4.32460,21.94,,12.95
4.32470,22.52,,13.19
4.32480,22.61,,13.46
4.32490,21.98,,13.72
4.32500,21.56,,14.01
4.32510,21.52,,14.20
4.32520,22.06,,13.19
4.32530,21.24,,13.24
4.32540,19.44,,13.64
4.32550,17.74,,13.46
4.32560,7.56,,13.19
4.32570,7.34,,13.46
4.32580,7.95,,13.64
4.32590,10.58,,13.24
4.32600,13.67,,12.98
4.32610,16.92,,12.98
4.32620,18.90,,12.95
4.32630,20.87,,12.84
4.32640,23.56,,13.24
4.32650,26.15,,13.27
4.32660,28.24,,13.54
4.32670,30.17,,13.56
4.32680,31.74,,13.39
4.32690,32.49,,13.56
4.32700,35.68,,13.24
4.32710,36.98,,13.05
4.32720,38.21,,12.91
4.32730,39.75,,12.95
4.32740,41.28,,13.12
4.32750,42.63,,13.24
4.32760,43.86,,13.41
4.32770,44.79,,13.46
4.32780,45.35,,13.41
4.32790,45.96,,13.24
4.32800,46.98,,12.98
4.32810,46.36,,12.77
4.32820,45.66,,12.54
4.32830,44.97,,12.57
4.32840,45.55,,12.54
4.32850,46.20,,12.91
4.32860,47.00,,13.02
4.32870,47.76,,13.41
4.32880,48.01,,13.39
4.32890,47.95,,13.41
4.32900,47.79,,13.31
4.32910,47.37,,13.05
4.32920,47.09,,12.91
4.32930,47.53,,12.74
4.32940,48.04,,12.84
4.32950,48.09,,12.81
4.32960,47.60,,12.98
4.32970,47.02,,13.24
4.32980,46.59,,13.27
4.32990,45.14,,13.16
4.33000,44.30,,12.98
4.33010,43.84,,12.91
4.33020,43.63,,12.67
4.33030,43.94,,12.84
4.33040,43.60,,12.95
4.33050,42.44,,12.98
4.33060,41.97,,13.24
4.33070,41.91,,13.27
4.33080,42.56,,13.39
4.33090,43.17,,13.19
4.33100,43.67,,13.02
4.33110,43.37,,13.19
4.33120,45.04,,12.98
4.33130,44.42,,13.02
4.33140,43.92,,12.98
4.33150,43.24,,12.95
4.33160,42.29,,12.98
4.33170,42.01,,13.09
4.33180,42.27,,12.98
4.33190,41.79,,12.61
4.33200,41.75,,12.91
4.33210,41.56,,12.98
4.33220,40.67,,13.24
4.33230,39.08,,13.41
4.33240,37.41,,13.09
4.33250,36.63,,13.12
4.33260,36.49,,12.88
4.33270,36.90,,12.77
4.33280,37.36,,12.81
4.33290,38.16,,12.98
4.33300,37.13,,13.39
4.33310,37.00,,13.56
4.33320,36.64,,13.80
4.33330,36.28,,13.46
4.33340,35.75,,12.98
4.33350,35.40,,12.81
4.33360,34.80,,12.57
4.33370,34.16,,12.41
4.33380,33.12,,12.71
4.33390,31.67,,12.88
4.33400,29.57,,13.05
4.33410,26.78,,13.12
4.33420,25.49,,13.02
4.33430,25.49,,12.77
4.33440,26.31,,12.81
4.33450,27.77,,12.84
4.33460,29.62,,12.95
4.33470,30.49,,12.98
4.33480,31.09,,13.02
4.33490,31.38,,13.05
4.33500,32.13,,12.95
4.33510,32.19,,12.98
4.33520,32.49,,12.71
4.33530,32.98,,12.54
4.33540,33.63,,12.32
4.33550,33.87,,12.54
4.33560,33.89,,12.84
4.33570,34.08,,13.02
4.33580,34.20,,13.05
4.33590,34.91,,13.16
4.33600,36.37,,12.98
4.33610,37.05,,12.88
4.33620,37.38,,12.71
4.33630,38.24,,12.44
4.33640,39.30,,12.34
4.33650,41.18,,12.19
4.33660,43.02,,12.03
4.33670,43.74,,12.19
4.33680,43.89,,12.47
4.33690,44.08,,12.57
4.33700,44.69,,12.74
4.33710,45.79,,12.64
4.33720,46.11,,12.71
4.33730,45.47,,12.61
4.33740,44.87,,12.64
4.33750,43.74,,12.67
4.33760,43.21,,12.64
4.33770,43.05,,12.61
4.33780,43.35,,12.32
4.33790,44.59,,12.28
4.33800,46.00,,12.19
4.33810,47.40,,12.03
4.33820,48.16,,12.19
4.33830,48.73,,12.38
4.33840,48.25,,12.47
4.33850,47.68,,12.51
4.33860,46.08,,12.41
4.33870,45.01,,12.26
4.33880,44.53,,12.16
4.33890,44.25,,12.32
4.33900,44.04,,12.28
4.33910,44.04,,12.57
4.33920,43.84,,12.38
4.33930,43.64,,12.61
4.33940,42.95,,12.57
4.33950,42.54,,12.54
4.33960,40.78,,12.44
4.33970,38.08,,12.41
4.33980,35.25,,12.19
4.33990,32.39,,12.16
4.34000,30.22,,12.26
4.34010,28.18,,12.41
4.34020,26.63,,12.38
4.34030,26.56,,12.57
4.34040,27.76,,12.41
4.34050,29.66,,12.44
4.34060,32.07,,12.41
4.34070,34.70,,12.32
4.34080,36.41,,12.41
4.34090,36.97,,12.57
4.34100,37.03,,12.67
4.34110,36.31,,12.71
4.34120,35.68,,12.44
4.34130,34.81,,12.16
4.34140,33.53,,12.07
4.34150,31.64,,12.03
4.34160,29.65,,12.32
4.34170,28.63,,12.61
4.34180,27.99,,12.77
4.34190,26.56,,13.24
4.34200,25.27,,12.98
4.34210,23.23,,13.09
4.34220,21.88,,12.57
4.34230,20.31,,12.13
4.34240,19.20,,11.85
4.34250,19.48,,11.72
4.34260,17.78,,11.91
4.34270,14.91,,12.26
4.34280,13.24,,12.81
4.34290,12.63,,12.98
4.34300,11.56,,12.61
4.34310,10.87,,12.38
4.34320,12.77,,12.01
4.34330,17.12,,12.03
4.34340,17.73,,12.01
4.34350,17.78,,12.41
4.34360,17.51,,12.64
4.34370,17.72,,12.95
4.34380,18.03,,12.44
4.34390,18.41,,11.97
4.34400,19.07,,11.66
4.34410,20.50,,11.68
4.34420,22.28,,11.95
4.34430,23.51,,12.26
4.34440,25.14,,12.74
4.34450,27.23,,12.71
4.34460,27.95,,12.81
4.34470,28.58,,12.71
4.34480,28.63,,12.41
4.34490,27.68,,12.07
4.34500,26.35,,11.97
4.34510,26.25,,11.89
4.34520,26.59,,11.78
4.34530,25.93,,11.62
4.34540,25.49,,11.55
4.34550,25.53,,11.62
4.34560,25.44,,11.72
4.34570,24.86,,12.03
4.34580,24.09,,12.01
4.34590,24.24,,12.41
4.34600,24.78,,12.26
4.34610,25.62,,12.34
4.34620,26.29,,12.57
4.34630,26.86,,12.64
4.34640,27.60,,12.54
4.34650,28.18,,12.44
4.34660,28.72,,12.16
4.34670,29.22,,11.72
4.34680,29.92,,11.62
4.34690,30.64,,11.50
4.34700,31.38,,11.51
4.34710,32.13,,11.50
4.34720,32.61,,12.01
4.34730,33.64,,12.22
4.34740,34.55,,12.71
4.34750,35.20,,12.88
4.34760,35.27,,12.77
4.34770,34.96,,12.41
4.34780,34.93,,12.19
4.34790,35.06,,12.03
4.34800,35.19,,11.83
4.34810,35.09,,11.68
4.34820,36.03,,11.50
4.34830,37.10,,11.72
4.34840,39.26,,11.91
4.34850,40.94,,11.95
4.34860,40.98,,12.16
4.34870,40.58,,12.01
4.34880,41.33,,12.03
4.34890,41.53,,12.13
4.34900,40.85,,12.09
4.34910,41.24,,11.83
4.34920,41.17,,11.83
4.34930,41.58,,12.03
4.34940,43.50,,12.38
4.34950,44.49,,12.61
4.34960,44.15,,12.77
4.34970,44.09,,12.54
4.34980,44.34,,12.19
4.34990,44.67,,11.57
4.35000,45.34,,11.50
4.35010,44.85,,11.35
4.35020,44.53,,11.50
4.35030,45.08,,11.66
4.35040,46.19,,12.03
4.35050,47.35,,12.26
4.35060,48.60,,12.41
4.35070,48.95,,12.32
4.35080,48.74,,12.28
4.35090,49.67,,11.95
4.35100,50.49,,11.79
4.35110,50.83,,12.07
4.35120,51.48,,12.01
4.35130,51.44,,12.22
4.35140,50.75,,12.32
4.35150,51.62,,12.03
4.35160,51.95,,11.72
4.35170,52.13,,11.51
4.35180,52.69,,11.55
4.35190,52.82,,11.97
4.35200,52.88,,12.19
4.35210,52.63,,12.41
4.35220,52.05,,12.38
4.35230,51.69,,12.38
4.35240,52.03,,12.09
4.35250,51.38,,11.78
4.35260,51.06,,11.51
4.35270,50.91,,11.50
4.35280,50.66,,11.51
4.35290,50.88,,11.66
4.35300,51.98,,12.03
4.35310,54.13,,12.01
4.35320,55.97,,12.19
4.35330,57.31,,12.22
4.35340,59.14,,12.19
4.35350,61.50,,12.03
4.35360,63.62,,11.83
4.35370,64.95,,11.68
4.35380,66.07,,11.66
4.35390,67.72,,11.74
4.35400,69.13,,11.95
4.35410,69.44,,12.03
4.35420,69.77,,12.19
4.35430,69.61,,12.01
4.35440,70.69,,11.68
4.35450,72.69,,11.66
4.35460,73.61,,11.51
4.35470,74.28,,11.50
4.35480,74.80,,11.68
4.35490,75.09,,12.01
4.35500,75.34,,12.03
4.35510,75.58,,12.19
4.35520,75.88,,12.01
4.35530,76.46,,11.68
4.35540,76.15,,11.66
4.35550,75.80,,11.68
4.35560,76.04,,11.66
4.35570,75.92,,11.85
4.35580,76.05,,11.83
4.35590,76.09,,12.03
4.35600,75.72,,11.66
4.35610,75.90,,11.68
4.35620,76.80,,11.55
4.35630,77.25,,11.78
4.35640,76.89,,12.03
4.35650,76.06,,12.19
4.35660,75.47,,12.22
4.35670,75.27,,12.19
4.35680,74.92,,12.03
4.35690,74.32,,11.66
4.35700,73.75,,11.68
4.35710,72.51,,11.66
4.35720,70.60,,11.66
4.35730,69.14,,11.51
4.35740,68.49,,11.72
4.35750,67.68,,11.97
4.35760,66.96,,12.01
4.35770,66.31,,12.41
4.35780,66.44,,12.19
4.35790,65.63,,12.41
4.35800,64.56,,12.07
4.35810,62.83,,11.97
4.35820,62.06,,11.66
4.35830,63.15,,11.50
4.35840,64.33,,11.68
4.35850,66.54,,11.72
4.35860,69.43,,11.97
4.35870,72.59,,12.38
4.35880,75.73,,12.61
4.35890,77.81,,12.38
4.35900,77.82,,12.22
4.35910,76.68,,12.01
4.35920,75.63,,11.66
4.35930,75.33,,11.51
4.35940,74.91,,11.66
4.35950,75.06,,11.85
4.35960,75.53,,12.19
4.35970,76.57,,12.28
4.35980,77.35,,12.13
4.35990,78.29,,11.85
4.36000,79.47,,11.72
4.36010,80.73,,11.68
4.36020,81.19,,11.78
4.36030,80.57,,11.89
4.36040,79.56,,11.97
4.36050,78.46,,12.01
4.36060,77.86,,11.85
4.36070,77.75,,11.78
4.36080,78.41,,11.74
4.36090,80.17,,11.83
4.36100,81.43,,11.85
4.36110,82.71,,11.83
4.36120,83.75,,11.66
4.36130,84.32,,11.35
4.36140,84.62,,11.33
4.36150,84.80,,11.51
4.36160,84.71,,11.83
4.36170,84.05,,12.41
4.36180,83.24,,12.57
4.36190,82.92,,12.61
4.36200,82.77,,12.44
4.36210,82.40,,12.16
4.36220,82.42,,11.83
4.36230,82.70,,11.83
4.36240,82.91,,11.35
4.36250,83.01,,10.73
4.36260,82.57,,11.35
4.36270,83.13,,11.83
4.36280,92.26,,11.85
4.36290,81.61,,12.32
4.36300,81.73,,12.09
4.36310,82.15,,11.83
4.36320,82.90,,11.68
4.36330,84.05,,11.66
4.36340,84.93,,11.95
4.36350,85.59,,12.28
4.36360,85.37,,12.57
4.36370,84.93,,12.41
4.36380,85.06,,12.19
4.36390,85.32,,12.03
4.36400,86.36,,11.50
4.36410,88.72,,11.19
4.36420,89.94,,11.18
4.36430,90.24,,11.66
4.36440,90.86,,12.03
4.36450,90.79,,12.32
4.36460,90.12,,12.41
4.36470,90.55,,12.07
4.36480,90.97,,12.03
4.36490,91.26,,11.66
4.36500,90.32,,11.74
4.36510,89.59,,11.83
4.36520,89.55,,12.03
4.36530,89.34,,12.13
4.36540,89.05,,11.83
4.36550,89.03,,11.97
4.36560,89.65,,11.89
4.36570,90.06,,11.85
4.36580,90.38,,11.66
4.36590,90.44,,11.68
4.36600,90.98,,11.50
4.36610,90.46,,11.74
4.36620,90.27,,11.95
4.36630,89.90,,12.07
4.36640,89.90,,12.34
4.36650,90.86,,12.19
4.36660,92.78,,11.85
4.36670,94.59,,11.50
4.36680,95.60,,11.35
4.36690,96.53,,11.33
4.36700,96.32,,11.85
4.36710,95.91,,12.01
4.36720,95.52,,12.03
4.36730,95.59,,11.83
4.36740,97.04,,11.50
4.36750,99.00,,11.35
4.36760,100.43,,11.33
4.36770,99.37,,11.57
4.36780,97.63,,11.95
4.36790,96.37,,12.16
4.36800,95.83,,11.89
4.36810,94.67,,11.51
4.36820,93.50,,11.18
4.36830,93.29,,11.33
4.36840,92.53,,11.62
4.36850,91.60,,11.89
4.36860,89.77,,12.22
4.36870,88.70,,12.19
4.36880,88.01,,11.85
4.36890,87.84,,11.44
4.36900,87.64,,11.40
4.36910,87.66,,11.50
4.36920,86.11,,11.62
4.36930,84.32,,11.83
4.36940,83.49,,11.72
4.36950,82.33,,11.51
4.36960,81.31,,11.02
4.36970,82.11,,11.03
4.36980,82.02,,11.61
4.36990,81.35,,12.03
4.37000,79.76,,12.26
4.37010,77.63,,12.34
4.37020,75.75,,12.07
4.37030,74.24,,11.66
4.37040,73.16,,11.19
4.37050,72.29,,11.02
4.37060,72.31,,11.03
4.37070,73.73,,11.66
4.37080,75.22,,12.41
4.37090,75.43,,12.71
4.37100,74.61,,12.67
4.37110,73.55,,12.38
4.37120,72.87,,11.85
4.37130,72.84,,11.18
4.37140,71.88,,10.73
4.37150,70.61,,11.03
4.37160,71.54,,11.66
4.37170,71.88,,12.03
4.37180,70.82,,12.01
4.37190,69.54,,12.22
4.37200,67.85,,11.72
4.37210,64.89,,11.45
4.37220,61.97,,11.18
4.37230,59.32,,11.28
4.37240,56.70,,11.40
4.37250,55.68,,11.78
4.37260,52.37,,12.03
4.37270,48.87,,12.19
4.37280,46.12,,12.28
4.37290,43.66,,12.57
4.37300,42.30,,12.16
4.37310,41.16,,11.72
4.37320,41.52,,11.51
4.37330,42.52,,11.18
4.37340,42.64,,11.02
4.37350,41.55,,11.45
4.37360,40.20,,11.72
4.37370,37.78,,11.68
4.37380,36.26,,11.61
4.37390,34.96,,11.40
4.37400,33.40,,11.50
4.37410,32.51,,11.51
4.37420,31.40,,11.83
4.37430,30.39,,12.19
4.37440,28.99,,12.41
4.37450,27.80,,12.01
4.37460,26.44,,11.68
4.37470,24.96,,11.18
4.37480,23.75,,10.73
4.37490,22.66,,11.02
4.37500,21.64,,11.51
4.37510,21.24,,11.83
4.37520,20.25,,11.97
4.37530,19.38,,12.07
4.37540,18.24,,11.66
4.37550,17.10,,11.35
4.37560,15.69,,11.18
4.37570,14.13,,11.03
4.37580,12.44,,11.33
4.37590,10.75,,11.35
4.37600,8.59,,11.83
4.37610,6.29,,12.41
4.37620,4.33,,12.07
4.37630,1.95,,11.61
4.37640,-1.09,,11.51
4.37650,-0.08,,10.88
4.37660,1.11,,10.88
4.37670,2.16,,11.02
4.37680,1.36,,11.35
4.37690,1.22,,11.50
4.37700,0.86,,11.51
4.37710,-0.06,,11.66
4.37720,0.73,,11.35
4.37730,2.19,,11.23
4.37740,2.65,,11.61
4.37750,2.33,,11.68
4.37760,1.79,,11.83
4.37770,2.10,,11.79
4.37780,2.93,,11.50
4.37790,4.22,,11.24
4.37800,4.18,,11.02
4.37810,3.44,,10.88
4.37820,1.89,,11.18
4.37830,0.32,,11.18
4.37840,-1.04,,11.51
4.37850,-2.14,,11.55
4.37860,-2.17,,11.45
4.37870,-2.03,,11.33
4.37880,-1.56,,11.40
4.37890,-0.57,,11.28
4.37900,0.19,,11.35
4.37910,0.44,,11.02
4.37920,1.01,,11.03
4.37930,1.66,,10.88
4.37940,2.03,,11.18
4.37950,2.01,,11.19
4.37960,1.19,,11.33
4.37970,0.25,,11.40
4.37980,-0.84,,11.61
4.37990,-2.55,,11.79
4.38000,-5.19,,11.72
4.38010,-9.69,,11.51
4.38020,-13.98,,11.18
4.38030,-16.69,,10.88
4.38040,-17.87,,10.45
4.38050,-18.68,,10.59
4.38060,-18.30,,10.88
4.38070,-17.49,,11.50
4.38080,-17.00,,11.68
4.38090,-17.21,,11.83
4.38100,-18.00,,11.68
4.38110,-18.93,,11.18
4.38120,-20.26,,10.73
4.38130,-19.81,,10.88
4.38140,-19.28,,11.02
4.38150,-19.98,,11.51
4.38160,-21.51,,11.66
4.38170,-22.34,,11.51
4.38180,-22.72,,11.18
4.38190,-22.41,,10.88
4.38200,-22.18,,10.59
4.38210,-22.57,,10.73
4.38220,-22.70,,11.23
4.38230,-22.58,,11.44
4.38240,-22.21,,11.35
4.38250,-20.78,,10.92
4.38260,-18.82,,10.83
4.38270,-17.10,,10.59
4.38280,-16.61,,10.93
4.38290,-15.64,,11.13
4.38300,-14.84,,11.19
4.38310,-13.84,,11.33
4.38320,-12.54,,11.03
4.38330,-11.74,,10.88
4.38340,-11.23,,11.02
4.38350,-11.03,,10.88
4.38360,-11.47,,10.88
4.38370,-11.75,,10.73
4.38380,-11.16,,10.73
4.38390,-10.07,,10.31
4.38400,-9.22,,10.45
4.38410,-8.80,,10.59
4.38420,-9.22,,10.73
4.38430,-10.07,,11.02
4.38440,-11.63,,10.98
4.38450,-13.67,,10.92
4.38460,-15.38,,10.73
4.38470,-16.59,,10.73
4.38480,-17.91,,10.45
4.38490,-20.19,,10.88
4.38500,-22.43,,10.88
4.38510,-24.33,,10.73
4.38520,-26.65,,10.88
4.38530,-28.52,,10.59
4.38540,-30.37,,10.19
4.38550,-32.28,,10.18
4.38560,-33.69,,10.19
4.38570,-34.51,,10.59
4.38580,-34.65,,11.18
4.38590,-34.46,,11.45
4.38600,-34.31,,11.39
4.38610,-34.69,,11.03
4.38620,-34.71,,10.45
4.38630,-34.73,,10.19
4.38640,-33.75,,9.80
4.38650,-32.99,,10.06
4.38660,-30.47,,10.59
4.38670,-28.28,,11.07
4.38680,-28.02,,11.29
4.38690,-28.29,,11.02
4.38700,-28.26,,10.88
4.38710,-27.45,,10.45
4.38720,-25.83,,10.18
4.38730,-23.33,,10.32
4.38740,-20.46,,10.32
4.38750,-16.71,,10.45
4.38760,-14.18,,10.59
4.38770,-12.09,,10.45
4.38780,-9.53,,10.19
4.38790,-8.14,,10.18
4.38800,-6.33,,10.19
4.38810,-2.98,,10.31
4.38820,0.88,,10.59
4.38830,4.15,,10.73
4.38840,7.39,,10.88
4.38850,9.99,,10.88
4.38860,10.94,,10.73
4.38870,11.14,,10.32
4.38880,10.87,,10.05
4.38890,11.00,,9.81
4.38900,11.25,,9.57
4.38910,11.34,,9.58
4.38920,12.07,,9.45
4.38930,14.62,,9.94
4.38940,17.54,,10.32
4.38950,20.10,,10.73
4.38960,22.99,,11.18
4.38970,25.03,,10.88
4.38980,27.05,,10.45
4.38990,29.12,,10.05
4.39000,31.06,,9.58
4.39010,33.18,,9.57
4.39020,36.17,,9.81
4.39030,39.65,,10.18
4.39040,42.39,,10.19
4.39050,45.08,,10.06
4.39060,48.23,,9.80
4.39070,51.91,,9.70
4.39080,54.53,,9.80
4.39090,56.92,,9.94
4.39100,58.73,,10.05
4.39110,61.37,,10.19
4.39120,63.80,,10.18
4.39130,65.29,,9.94
4.39140,67.11,,9.81
4.39150,69.15,,9.69
4.39160,70.26,,9.94
4.39170,71.20,,10.05
4.39180,72.25,,10.19
4.39190,73.31,,10.31
4.39200,73.78,,10.06
4.39210,74.46,,9.80
4.39220,75.51,,9.81
4.39230,76.19,,9.80
4.39240,76.58,,9.94
4.39250,76.85,,9.94
4.39260,77.13,,10.05
4.39270,77.44,,10.32
4.39280,77.94,,10.05
4.39290,77.90,,9.81
4.39300,78.49,,9.69
4.39310,79.80,,9.70
4.39320,81.36,,9.93
4.39330,83.06,,10.19
4.39340,84.51,,10.06
4.39350,85.79,,10.05
4.39360,87.24,,9.94
4.39370,89.75,,9.69
4.39380,92.57,,9.58
4.39390,95.04,,9.80
4.39400,97.05,,10.19
4.39410,99.19,,10.59
4.39420,100.24,,10.59
4.39430,100.30,,10.05
4.39440,100.53,,9.47
4.39450,100.63,,9.04
4.39460,100.31,,9.13
4.39470,101.10,,9.81
4.39480,101.01,,10.45
4.39490,101.15,,10.73
4.39500,101.18,,10.88
4.39510,101.83,,10.59
4.39520,102.69,,10.18
4.39530,102.78,,9.58
4.39540,102.51,,9.15
4.39550,102.90,,9.45
4.39560,103.67,,10.06
4.39570,106.85,,10.18
4.39580,101.47,,10.19
4.39590,98.88,,9.69
4.39600,99.57,,9.58
4.39610,99.40,,9.57
4.39620,98.98,,9.70
4.39630,99.75,,10.31
4.39640,97.40,,11.02
4.39650,94.84,,10.45
4.39660,95.28,,9.80
4.39670,97.48,,9.58
4.39680,102.89,,9.57
4.39690,109.30,,10.06
4.39700,109.65,,10.31
4.39710,109.68,,10.45
4.39720,110.09,,10.31
4.39730,110.97,,9.47
4.39740,111.82,,9.04
4.39750,113.10,,9.45
4.39760,114.85,,10.06
4.39770,115.80,,10.45
4.39780,115.88,,10.88
4.39790,116.49,,10.59
4.39800,117.51,,9.94
4.39810,118.43,,9.69
4.39820,118.59,,9.81
4.39830,118.00,,9.69
4.39840,117.19,,9.81
4.39850,117.07,,9.94
4.39860,114.95,,9.93
4.39870,117.13,,9.94
4.39880,116.56,,10.05
4.39890,116.83,,10.06
4.39900,117.14,,10.05
4.39910,116.62,,9.94
4.39920,117.26,,9.93
4.39930,117.34,,9.94
4.39940,117.40,,10.32
4.39950,117.77,,10.45
4.39960,117.83,,10.45
4.39970,117.17,,10.31
4.39980,116.79,,9.81
4.39990,116.94,,9.34
4.40000,117.89,,9.15
4.40010,119.75,,9.57
4.40020,121.86,,10.19
4.40030,123.28,,10.73
4.40040,123.10,,10.73
4.40050,122.46,,10.32
4.40060,121.03,,9.93
4.40070,119.08,,9.58
4.40080,117.56,,9.57
4.40090,116.20,,9.94
4.40100,114.92,,10.59
4.40110,113.53,,10.59
4.40120,111.72,,10.31
4.40130,109.64,,9.81
4.40140,108.50,,9.58
4.40150,107.35,,9.80
4.40160,105.37,,10.19
4.40170,103.66,,10.45
4.40180,101.95,,10.88
4.40190,100.42,,10.73
4.40200,98.62,,10.32
4.40210,96.90,,9.93
4.40220,95.29,,9.81
4.40230,94.27,,10.05
4.40240,93.15,,10.19
4.40250,91.39,,10.59
4.40260,89.90,,10.59
4.40270,88.97,,10.45
4.40280,87.35,,10.18
4.40290,84.98,,10.19
4.40300,82.67,,10.18
4.40310,80.51,,10.06
4.40320,78.81,,10.31
4.40330,77.80,,10.45
4.40340,77.00,,10.45
4.40350,76.05,,10.73
4.40360,75.17,,10.59
4.40370,74.61,,10.73
4.40380,73.72,,10.45
4.40390,72.88,,10.31
4.40400,72.24,,10.06
4.40410,71.50,,9.93
4.40420,70.99,,10.19
4.40430,70.83,,10.59
4.40440,70.31,,11.02
4.40450,70.10,,10.88
4.40460,69.14,,10.73
4.40470,68.65,,10.19
4.40480,68.54,,10.05
4.40490,68.96,,10.06
4.40500,71.50,,10.31
4.40510,69.27,,10.59
4.40520,68.93,,10.59
4.40530,68.70,,10.45
4.40540,69.03,,10.19
4.40550,69.58,,10.18
4.40560,69.77,,10.32
4.40570,70.07,,10.59
4.40580,70.08,,10.59
4.40590,70.59,,10.59
4.40600,71.55,,10.45
4.40610,72.53,,10.18
4.40620,73.04,,10.06
4.40630,73.61,,10.18
4.40640,74.10,,10.50
4.40650,74.11,,10.83
4.40660,74.32,,10.73
4.40670,75.09,,10.59
4.40680,75.96,,10.31
4.40690,76.98,,10.32
4.40700,78.09,,10.31
4.40710,77.82,,10.45
4.40720,77.20,,10.31
4.40730,76.96,,10.32
4.40740,77.41,,10.45
4.40750,77.97,,10.45
4.40760,78.03,,10.59
4.40770,78.09,,10.73
4.40780,77.42,,10.88
4.40790,75.51,,10.73
4.40800,74.49,,10.45
4.40810,73.49,,10.31
4.40820,72.96,,10.32
4.40830,71.73,,10.45
4.40840,70.72,,10.45
4.40850,69.66,,10.73
4.40860,68.97,,10.73
4.40870,68.24,,10.59
4.40880,67.85,,10.73
4.40890,67.57,,10.73
4.40900,66.85,,10.88
4.40910,66.72,,11.02
4.40920,66.51,,11.08
4.40930,65.46,,10.97
4.40940,64.03,,10.73
4.40950,63.16,,10.59
4.40960,62.18,,10.59
4.40970,60.96,,10.45
4.40980,60.37,,10.73
4.40990,59.59,,10.78
4.41000,58.31,,10.97
4.41010,56.94,,10.88
4.41020,55.99,,10.88
4.41030,55.56,,11.03
4.41040,54.94,,11.02
4.41050,53.99,,11.07
4.41060,53.53,,10.98
4.41070,52.96,,10.88
4.41080,52.79,,10.73
4.41090,53.42,,10.88
4.41100,53.65,,11.29
4.41110,56.30,,11.23
4.41120,55.92,,11.29
4.41130,54.72,,10.78
4.41140,54.14,,10.45
4.41150,54.81,,10.31
4.41160,55.96,,10.59
4.41170,56.84,,11.03
4.41180,56.50,,11.39
4.41190,56.32,,11.62
4.41200,56.70,,11.50
4.41210,57.87,,11.29
4.41220,58.99,,11.07
4.41230,59.36,,10.73
4.41240,59.03,,10.59
4.41250,58.11,,10.73
4.41260,56.60,,10.73
4.41270,57.39,,10.88
4.41280,56.86,,10.88
4.41290,55.92,,10.88
4.41300,55.43,,11.19
4.41310,55.38,,11.13
4.41320,54.90,,11.24
4.41330,54.13,,11.07
4.41340,53.53,,10.97
4.41350,53.81,,11.19
4.41360,54.77,,11.02
4.41370,55.07,,11.35
4.41380,54.85,,11.18
4.41390,53.97,,11.19
4.41400,52.79,,10.73
4.41410,53.24,,10.59
4.41420,54.04,,10.88
4.41430,54.87,,11.03
4.41440,55.92,,11.23
4.41450,56.12,,11.44
4.41460,55.73,,11.35
4.41470,56.01,,11.33
4.41480,55.88,,10.88
4.41490,55.43,,10.88
4.41500,55.94,,10.88
4.41510,57.04,,11.66
4.41520,57.22,,11.85
4.41530,57.65,,11.83
4.41540,58.21,,11.33
4.41550,58.99,,11.03
4.41560,59.90,,10.59
4.41570,60.51,,10.73
4.41580,60.38,,10.88
4.41590,59.99,,11.19
4.41600,60.07,,11.66
4.41610,60.62,,12.03
4.41620,59.94,,12.01
4.41630,59.21,,11.91
4.41640,58.36,,11.72
4.41650,57.40,,11.23
4.41660,56.76,,10.88
4.41670,57.04,,10.73
4.41680,58.85,,10.98
4.41690,60.22,,11.39
4.41700,60.90,,11.68
4.41710,61.88,,11.50
4.41720,62.61,,11.35
4.41730,64.21,,11.18
4.41740,65.61,,11.24
4.41750,66.17,,11.28
4.41760,66.29,,11.61
4.41770,66.74,,11.79
4.41780,66.86,,11.95
4.41790,66.63,,11.68
4.41800,66.06,,11.50
4.41810,66.81,,11.03
4.41820,67.15,,10.88
4.41830,67.70,,11.19
4.41840,68.28,,11.50
4.41850,68.28,,11.83
4.41860,68.00,,11.85
4.41870,66.68,,11.50
4.41880,64.88,,11.24
4.41890,62.50,,11.13
4.41900,59.95,,11.19
4.41910,58.28,,11.83
4.41920,55.99,,12.03
4.41930,53.86,,12.19
4.41940,51.57,,12.22
4.41950,50.07,,11.66
4.41960,49.17,,11.33
4.41970,48.08,,11.03
4.41980,48.28,,11.18
4.41990,47.42,,11.35
4.42000,46.97,,11.83
4.42010,47.54,,11.85
4.42020,47.44,,12.01
4.42030,47.40,,11.51
4.42040,47.79,,11.66
4.42050,47.88,,11.50
4.42060,48.39,,11.68
4.42070,49.29,,11.78
4.42080,50.35,,11.91
4.42090,51.78,,12.01
4.42100,52.81,,11.85
4.42110,52.85,,11.83
4.42120,52.11,,11.85
4.42130,51.51,,11.89
4.42140,50.65,,11.68
4.42150,49.15,,11.61
4.42160,47.54,,11.66
4.42170,45.97,,11.62
4.42180,45.36,,11.39
4.42190,45.28,,11.35
4.42200,45.59,,11.66
4.42210,45.74,,12.03
4.42220,44.87,,12.57
4.42230,43.75,,12.61
4.42240,41.60,,12.57
4.42250,39.47,,12.01
4.42260,37.84,,11.51
4.42270,36.27,,11.07
4.42280,35.29,,11.29
4.42290,35.14,,11.83
4.42300,34.97,,12.03
4.42310,35.09,,12.19
4.42320,35.35,,12.22
4.42330,36.03,,12.19
4.42340,37.04,,11.68
4.42350,37.18,,11.83
4.42360,37.45,,11.66
4.42370,37.29,,12.03
4.42380,36.19,,12.26
4.42390,35.97,,12.16
4.42400,37.92,,11.83
4.42410,39.63,,11.68
4.42420,41.48,,11.72
4.42430,42.53,,12.16
4.42440,39.52,,12.19
4.42450,35.27,,12.32
4.42460,31.84,,11.91
4.42470,33.10,,11.66
4.42480,34.02,,11.51
4.42490,33.66,,11.66
4.42500,33.02,,12.22
4.42510,31.84,,12.32
4.42520,31.07,,12.47
4.42530,31.01,,12.38
4.42540,31.87,,12.03
4.42550,31.95,,11.83
4.42560,32.02,,11.72
4.42570,31.39,,11.97
4.42580,30.67,,12.57
4.42590,29.84,,12.74
4.42600,28.92,,12.44
4.42610,29.97,,12.22
4.42620,31.30,,12.01
4.42630,33.18,,11.35
4.42640,34.42,,11.18
4.42650,35.69,,11.61
4.42660,38.26,,11.91
4.42670,39.88,,12.57
4.42680,39.79,,12.95
4.42690,39.59,,13.05
4.42700,39.95,,12.74
4.42710,39.88,,12.44
4.42720,39.34,,12.03
4.42730,37.72,,11.66
4.42740,36.25,,11.68
4.42750,35.18,,12.01
4.42760,35.65,,12.07
4.42770,36.10,,12.16
4.42780,36.89,,12.38
4.42790,38.18,,12.41
4.42800,38.31,,12.01
4.42810,38.66,,11.91
4.42820,40.88,,11.95
4.42830,42.29,,12.03
4.42840,43.36,,12.38
4.42850,43.27,,12.38
4.42860,42.04,,12.41
4.42870,43.26,,12.19
4.42880,44.67,,12.03
4.42890,45.30,,11.95
4.42900,45.65,,11.79
4.42910,45.55,,11.95
4.42920,45.35,,12.28
4.42930,44.83,,12.57
4.42940,45.05,,12.74
4.42950,44.89,,12.57
4.42960,45.13,,12.19
4.42970,45.61,,11.85
4.42980,46.18,,11.33
4.42990,46.36,,11.40
4.43000,46.77,,11.78
4.43010,47.08,,12.34
4.43020,47.76,,12.57
4.43030,48.95,,12.81
4.43040,50.66,,12.84
4.43050,51.95,,12.77
4.43060,51.97,,12.41
4.43070,51.17,,12.26
4.43080,50.09,,12.16
4.43090,49.72,,12.07
4.43100,49.30,,11.91
4.43110,49.27,,11.72
4.43120,49.46,,11.68
4.43130,49.26,,11.72
4.43140,48.93,,12.03
4.43150,49.57,,12.19
4.43160,49.64,,12.32
4.43170,50.77,,12.54
4.43180,52.22,,12.57
4.43190,53.70,,12.28
4.43200,54.01,,12.19
4.43210,53.92,,11.91
4.43220,53.73,,11.95
4.43230,52.74,,12.41
4.43240,50.62,,12.77
4.43250,48.65,,12.91
4.43260,46.86,,12.88
4.43270,46.05,,12.77
4.43280,46.48,,12.41
4.43290,46.38,,12.01
4.43300,45.85,,11.62
4.43310,45.79,,11.72
4.43320,46.11,,11.85
4.43330,47.17,,12.19
4.43340,48.07,,12.61
4.43350,48.19,,12.57
4.43360,47.76,,12.57
4.43370,47.46,,12.28
4.43380,46.61,,12.32
4.43390,45.50,,12.41
4.43400,44.58,,12.44
4.43410,43.60,,12.54
4.43420,43.49,,12.38
4.43430,43.14,,12.22
4.43440,42.97,,12.19
4.43450,43.46,,12.07
4.43460,43.42,,12.28
4.43470,41.30,,12.26
4.43480,39.62,,12.61
4.43490,39.84,,12.84
4.43500,39.61,,12.67
4.43510,39.97,,12.26
4.43520,38.92,,12.22
4.43530,39.99,,12.38
4.43540,39.16,,12.47
4.43550,37.23,,12.51
4.43560,35.46,,12.38
4.43570,35.63,,12.54
4.43580,35.99,,12.32
4.43590,35.90,,12.16
4.43600,34.59,,12.57
4.43610,34.21,,12.67
4.43620,34.54,,12.32
4.43630,34.58,,12.41
4.43640,36.39,,12.38
4.43650,38.49,,12.01
4.43660,39.02,,12.16
4.43670,41.31,,12.26
4.43680,42.98,,12.22
4.43690,43.47,,12.57
4.43700,45.06,,12.95
4.43710,48.25,,12.64
4.43720,49.48,,12.47
4.43730,49.69,,12.71
4.43740,49.70,,12.28
4.43750,48.63,,12.32
4.43760,46.55,,12.32
4.43770,44.75,,12.28
4.43780,43.66,,12.19
4.43790,42.40,,12.41
4.43800,41.96,,12.19
4.43810,41.66,,12.22
4.43820,41.00,,12.38
4.43830,40.40,,12.54
4.43840,39.55,,12.57
4.43850,39.26,,12.44
4.43860,39.08,,12.41
4.43870,39.71,,12.19
4.43880,39.92,,12.41
4.43890,39.24,,12.19
4.43900,38.88,,12.41
4.43910,39.24,,12.38
4.43920,39.34,,12.61
4.43930,38.50,,12.71
4.43940,36.19,,12.67
4.43950,33.84,,12.57
4.43960,32.16,,12.38
4.43970,31.20,,12.22
4.43980,30.72,,12.07
4.43990,30.14,,12.16
4.44000,29.64,,12.38
4.44010,29.70,,12.74
4.44020,29.74,,12.71
4.44030,29.01,,12.81
4.44040,28.79,,12.84
4.44050,29.29,,12.26
4.44060,29.78,,11.85
4.44070,30.70,,11.95
4.44080,31.50,,12.03
4.44090,30.76,,12.44
4.44100,29.99,,13.09
4.44110,29.82,,13.72
4.44120,30.65,,13.54
4.44130,31.31,,13.19
4.44140,32.57,,12.61
4.44150,34.33,,11.95
4.44160,35.11,,11.50
4.44170,34.91,,11.74
4.44180,33.98,,12.51
4.44190,33.09,,12.95
4.44200,33.83,,13.12
4.44210,35.87,,13.24
4.44220,37.87,,12.77
4.44230,38.90,,12.41
4.44240,38.78,,12.13
4.44250,38.45,,11.95
4.44260,38.37,,12.16
4.44270,39.58,,12.38
4.44280,40.77,,12.61
4.44290,41.90,,12.98
4.44300,42.24,,13.02
4.44310,42.78,,13.05
4.44320,43.40,,12.81
4.44330,44.81,,12.51
4.44340,46.83,,12.22
4.44350,49.46,,12.19
4.44360,52.82,,12.07
4.44370,56.09,,12.54
4.44380,57.82,,12.71
4.44390,57.99,,12.67
4.44400,57.52,,12.19
4.44410,56.93,,12.03
4.44420,56.85,,12.01
4.44430,57.44,,11.68
4.44440,57.04,,11.89
4.44450,56.88,,12.54
4.44460,58.77,,13.27
4.44470,59.91,,13.88
4.44480,59.56,,13.85
4.44490,57.87,,13.88
4.44500,56.22,,12.95
4.44510,56.29,,11.89
4.44520,57.27,,10.88
4.44530,56.57,,10.45
4.44540,55.95,,10.59
4.44550,55.82,,11.83
4.44560,57.52,,13.27
4.44570,57.84,,13.85
4.44580,57.99,,14.20
4.44590,58.53,,14.01
4.44600,60.05,,13.56
4.44610,62.73,,12.95
4.44620,65.14,,12.01
4.44630,67.10,,11.97
4.44640,67.64,,11.72
4.44650,67.17,,11.85
4.44660,67.00,,12.38
4.44670,67.64,,12.77
4.44680,66.15,,12.61
4.44690,64.05,,12.44
4.44700,61.97,,12.16
4.44710,60.57,,12.01
4.44720,58.99,,11.85
4.44730,56.67,,11.83
4.44740,54.05,,12.61
4.44750,51.84,,13.19
4.44760,48.29,,13.41
4.44770,45.67,,13.24
4.44780,44.39,,13.19
4.44790,43.43,,12.88
4.44800,41.89,,12.71
4.44810,40.05,,12.41
4.44820,36.94,,12.44
4.44830,35.34,,12.54
4.44840,34.28,,12.38
4.44850,33.90,,12.22
4.44860,33.88,,12.44
4.44870,34.41,,12.32
4.44880,33.24,,12.22
4.44890,31.42,,12.38
4.44900,31.12,,13.24
4.44910,31.14,,13.41
4.44920,30.79,,13.69
4.44930,31.10,,13.56
4.44940,32.03,,13.09
4.44950,33.18,,12.38
4.44960,36.15,,12.01
4.44970,39.52,,11.91
4.44980,41.44,,12.44
4.44990,41.56,,13.24
4.45000,40.43,,13.72
4.45010,39.43,,14.18
4.45020,38.73,,13.88
4.45030,38.78,,13.69
4.45040,38.87,,12.84
4.45050,38.01,,11.79
4.45060,37.94,,11.33
4.45070,39.01,,11.55
4.45080,40.58,,11.79
4.45090,40.93,,12.57
4.45100,41.62,,13.39
4.45110,42.93,,13.05
4.45120,42.47,,12.88
4.45130,43.13,,12.71
4.45140,48.37,,12.61
4.45150,52.70,,12.26
4.45160,55.72,,12.71
4.45170,56.53,,13.39
4.45180,56.08,,13.72
4.45190,55.82,,13.69
4.45200,54.77,,13.72
4.45210,51.71,,13.39
4.45220,49.22,,12.38
4.45230,46.86,,11.68
4.45240,48.82,,11.50
4.45250,53.86,,11.35
4.45260,56.90,,11.83
4.45270,59.59,,12.57
4.45280,59.90,,13.02
4.45290,57.58,,13.12
4.45300,56.21,,12.88
4.45310,54.59,,12.26
4.45320,52.98,,12.28
4.45330,54.10,,12.19
4.45340,52.85,,12.28
4.45350,51.30,,12.84
4.45360,51.84,,13.12
4.45370,51.54,,13.54
4.45380,49.92,,13.80
4.45390,49.25,,13.46
4.45400,49.10,,12.98
4.45410,49.15,,12.22
4.45420,49.29,,12.01
4.45430,47.32,,11.79
4.45440,46.14,,11.83
4.45450,45.64,,11.91
4.45460,45.70,,12.19
4.45470,45.25,,12.84
4.45480,44.29,,12.95
4.45490,42.86,,12.71
4.45500,43.60,,12.67
4.45510,45.03,,12.77
4.45520,44.84,,12.61
4.45530,43.47,,12.77
4.45540,43.11,,13.46
4.45550,43.28,,13.41
4.45560,43.15,,13.27
4.45570,43.93,,13.09
4.45580,43.88,,12.71
4.45590,42.41,,12.16
4.45600,40.82,,11.83
4.45610,39.49,,11.85
4.45620,42.62,,12.01
4.45630,43.59,,12.41
4.45640,43.45,,13.12
4.45650,42.80,,13.54
4.45660,41.48,,13.88
4.45670,40.79,,13.56
4.45680,40.76,,12.88
4.45690,41.08,,12.38
4.45700,42.29,,11.85
4.45710,44.73,,11.83
4.45720,45.83,,12.61
4.45730,46.90,,13.41
4.45740,47.95,,14.18
4.45750,49.50,,14.37
4.45760,50.04,,14.20
4.45770,50.98,,13.39
4.45780,51.80,,12.44
4.45790,48.65,,11.79
4.45800,45.88,,11.02
4.45810,44.75,,11.68
4.45820,46.28,,12.26
4.45830,45.97,,12.81
4.45840,45.38,,13.27
4.45850,45.29,,13.54
4.45860,45.21,,13.41
4.45870,45.30,,12.84
4.45880,46.30,,12.54
4.45890,46.17,,12.57
4.45900,44.44,,12.61
4.45910,43.10,,13.19
4.45920,41.08,,13.39
4.45930,39.20,,13.72
4.45940,37.23,,13.24
4.45950,33.92,,12.98
4.45960,32.92,,12.19
4.45970,31.60,,11.91
4.45980,30.39,,11.95
4.45990,29.29,,12.03
4.46000,28.63,,12.57
4.46010,28.64,,12.95
4.46020,28.03,,12.98
4.46030,26.94,,12.95
4.46040,27.97,,12.71
4.46050,27.95,,12.41
4.46060,26.43,,12.19
4.46070,24.05,,12.07
4.46080,20.99,,12.16
4.46090,18.69,,12.57
4.46100,18.10,,13.24
4.46110,17.12,,13.64
4.46120,14.67,,13.69
4.46130,12.43,,13.64
4.46140,10.89,,13.24
4.46150,10.24,,12.77
4.46160,9.56,,12.57
4.46170,8.98,,12.61
4.46180,7.01,,12.38
4.46190,4.55,,12.47
4.46200,3.88,,12.44
4.46210,3.69,,12.47
4.46220,1.13,,12.57
4.46230,-0.16,,12.74
4.46240,-1.30,,12.84
4.46250,-4.15,,12.95
4.46260,-6.25,,12.84
4.46270,-6.70,,12.77
4.46280,-6.05,,13.16
4.46290,-5.58,,13.12
4.46300,-7.57,,12.95
4.46310,-7.29,,12.98
4.46320,-4.71,,13.02
4.46330,-3.37,,13.05
4.46340,-2.81,,13.09
4.46350,-2.96,,13.12
4.46360,-2.32,,12.98
4.46370,-1.20,,12.95
4.46380,0.25,,12.71
4.46390,2.14,,12.67
4.46400,3.25,,12.38
4.46410,4.87,,12.47
4.46420,6.33,,12.51
4.46430,8.44,,12.61
4.46440,10.00,,12.77
4.46450,10.65,,13.02
4.46460,11.03,,13.41
4.46470,11.58,,13.27
4.46480,11.67,,13.09
4.46490,12.41,,12.84
4.46500,14.87,,12.61
4.46510,16.38,,12.38
4.46520,17.72,,12.61
4.46530,19.24,,12.57
4.46540,20.11,,12.74
4.46550,20.96,,12.84
4.46560,21.96,,12.77
4.46570,22.23,,12.81
4.46580,23.13,,12.51
4.46590,23.27,,12.28
4.46600,23.39,,12.57
4.46610,23.21,,12.61
4.46620,19.22,,12.57
4.46630,24.95,,12.81
4.46640,27.40,,12.98
4.46650,27.54,,12.88
4.46660,28.71,,12.91
4.46670,29.81,,12.77
4.46680,29.09,,12.41
4.46690,29.00,,12.38
4.46700,29.72,,11.85
4.46710,31.28,,11.83
4.46720,32.29,,12.16
4.46730,33.96,,12.57
4.46740,35.21,,12.88
4.46750,36.43,,13.34
4.46760,37.29,,13.27
4.46770,38.74,,12.95
4.46780,39.33,,12.32
4.46790,40.78,,12.16
4.46800,43.11,,12.01
4.46810,43.51,,12.22
4.46820,41.92,,12.98
4.46830,40.91,,13.24
4.46840,41.85,,13.41
4.46850,42.25,,13.24
4.46860,42.56,,12.84
4.46870,43.21,,12.32
4.46880,44.11,,11.68
4.46890,45.11,,11.66
4.46900,46.83,,11.85
4.46910,48.81,,12.38
4.46920,50.78,,13.02
4.46930,52.99,,13.41
4.46940,52.12,,13.93
4.46950,50.91,,13.88
4.46960,50.24,,13.41
4.46970,49.55,,12.81
4.46980,49.55,,12.01
4.46990,49.49,,11.45
4.47000,51.40,,11.55
4.47010,52.75,,12.34
4.47020,53.15,,12.71
4.47030,53.07,,12.95
4.47040,53.49,,13.27
4.47050,52.97,,12.95
4.47060,52.38,,12.57
4.47070,51.20,,12.38
4.47080,50.68,,12.22
4.47090,49.71,,12.38
4.47100,50.17,,12.81
4.47110,50.34,,13.34
4.47120,49.72,,13.69
4.47130,48.50,,13.88
4.47140,47.86,,13.85
4.47150,46.91,,13.34
4.47160,45.64,,12.81
4.47170,45.12,,11.89
4.47180,45.37,,11.13
4.47190,47.54,,11.19
4.47200,50.36,,11.95
4.47210,52.40,,12.67
4.47220,52.67,,13.27
4.47230,53.09,,13.69
4.47240,55.28,,13.72
4.47250,57.82,,13.09
4.47260,60.26,,12.71
4.47270,62.82,,12.19
4.47280,65.78,,12.16
4.47290,68.57,,12.57
4.47300,70.47,,13.09
4.47310,73.03,,13.27
4.47320,75.57,,13.54
4.47330,78.51,,13.34
4.47340,81.33,,13.02
4.47350,83.63,,12.57
4.47360,84.76,,12.22
4.47370,85.59,,11.66
4.47380,86.21,,11.33
4.47390,87.27,,11.40
4.47400,88.43,,11.83
4.47410,89.44,,12.41
4.47420,89.57,,12.98
4.47430,88.51,,13.39
4.47440,87.70,,12.98
4.47450,86.89,,12.67
4.47460,85.57,,12.32
4.47470,83.44,,12.07
4.47480,81.42,,11.79
4.47490,79.57,,12.01
4.47500,77.89,,12.41
4.47510,76.24,,12.64
4.47520,73.63,,12.95
4.47530,71.72,,13.27
4.47540,71.52,,13.24
4.47550,71.31,,13.12
4.47560,69.84,,12.61
4.47570,68.99,,12.19
4.47580,67.75,,11.89
4.47590,66.54,,12.16
4.47600,63.78,,12.19
4.47610,60.27,,12.41
4.47620,57.04,,12.84
4.47630,54.87,,12.81
4.47640,50.35,,12.51
4.47650,47.60,,12.09
4.47660,46.73,,12.19
4.47670,44.51,,12.32
4.47680,43.93,,12.41
4.47690,42.26,,12.84
4.47700,41.15,,13.16
4.47710,40.71,,13.05
4.47720,39.58,,12.95
4.47730,38.95,,12.77
4.47740,38.34,,12.61
4.47750,38.89,,12.38
4.47760,38.26,,12.22
4.47770,38.06,,12.38
4.47780,38.59,,12.98
4.47790,39.31,,13.61
4.47800,39.89,,13.88
4.47810,39.41,,13.85
4.47820,38.57,,13.56
4.47830,38.02,,13.02
4.47840,37.63,,12.19
4.47850,36.58,,11.68
4.47860,36.14,,11.66
4.47870,35.22,,11.83
4.47880,35.46,,12.41
4.47890,38.70,,12.57
4.47900,32.70,,13.24
4.47910,32.21,,13.41
4.47920,33.35,,13.24
4.47930,34.39,,13.27
4.47940,34.91,,12.95
4.47950,38.04,,12.77
4.47960,35.73,,12.41
4.47970,37.21,,12.51
4.47980,36.84,,12.57
4.47990,37.87,,12.67
4.48000,35.89,,12.44
4.48010,35.73,,12.41
4.48020,36.36,,12.32
4.48030,37.68,,12.41
4.48040,35.95,,12.32
4.48050,35.29,,12.47
4.48060,35.44,,12.51
4.48070,36.37,,12.71
4.48080,34.40,,12.67
4.48090,37.09,,12.44
4.48100,36.98,,12.61
4.48110,36.71,,12.57
4.48120,34.94,,12.61
4.48130,33.95,,12.38
4.48140,33.06,,12.41
4.48150,33.83,,12.01
4.48160,38.10,,11.79
4.48170,39.10,,11.89
4.48180,40.45,,12.19
4.48190,44.38,,12.61
4.48200,42.91,,12.98
4.48210,42.58,,13.02
4.48220,40.91,,12.77
4.48230,39.66,,12.16
4.48240,38.41,,11.89
4.48250,38.19,,11.85
4.48260,38.47,,11.83
4.48270,37.12,,12.32
4.48280,36.25,,12.81
4.48290,36.83,,13.27
4.48300,36.80,,13.54
4.48310,34.58,,13.56
4.48320,32.67,,13.24
4.48330,31.44,,12.57
4.48340,30.81,,12.03
4.48350,30.18,,11.50
4.48360,32.71,,11.79
4.48370,34.21,,12.07
4.48380,33.94,,12.38
4.48390,33.42,,12.81
4.48400,32.21,,12.91
4.48410,31.78,,12.67
4.48420,32.29,,12.19
4.48430,33.35,,12.03
4.48440,34.04,,12.19
4.48450,34.20,,12.95
4.48460,32.93,,13.27
4.48470,32.42,,13.56
4.48480,31.92,,13.54
4.48490,30.47,,12.77
4.48500,28.17,,12.22
4.48510,28.01,,11.83
4.48520,28.98,,11.51
4.48530,31.45,,11.78
4.48540,33.09,,12.28
4.48550,35.00,,13.12
4.48560,36.48,,13.85
4.48570,37.21,,14.04
4.48580,38.23,,13.64
4.48590,38.63,,13.31
4.48600,40.25,,12.91
4.48610,40.03,,11.97
4.48620,39.06,,11.50
4.48630,38.79,,11.74
4.48640,40.36,,12.19
4.48650,41.02,,12.61
4.48660,40.15,,12.77
4.48670,39.97,,12.98
4.48680,40.65,,12.61
4.48690,39.37,,12.19
4.48700,37.93,,11.91
4.48710,37.37,,12.32
4.48720,39.93,,12.61
4.48730,38.29,,13.05
4.48740,36.76,,13.39
4.48750,33.31,,13.19
4.48760,34.76,,12.88
4.48770,37.51,,12.32
4.48780,37.31,,11.95
4.48790,40.55,,11.91
4.48800,39.42,,12.19
4.48810,39.30,,12.67
4.48820,38.75,,12.84
4.48830,37.76,,12.81
4.48840,37.15,,12.84
4.48850,36.94,,12.61
4.48860,38.36,,12.19
4.48870,38.09,,11.66
4.48880,40.25,,11.68
4.48890,42.23,,11.83
4.48900,42.54,,11.85
4.48910,43.25,,12.51
4.48920,43.56,,12.67
4.48930,42.82,,12.71
4.48940,43.59,,13.09
4.48950,45.04,,12.84
4.48960,45.95,,12.81
4.48970,45.71,,12.84
4.48980,46.51,,12.84
4.48990,49.21,,12.61
4.49000,47.56,,12.51
4.49010,49.93,,12.28
4.49020,51.28,,11.83
4.49030,52.97,,11.91
4.49040,55.41,,12.07
4.49050,57.72,,12.09
4.49060,58.71,,12.19
4.49070,61.94,,12.01
4.49080,76.34,,11.85
4.49090,64.43,,11.83
4.49100,68.20,,12.22
4.49110,69.67,,12.44
4.49120,70.15,,12.81
4.49130,70.45,,13.12
4.49140,69.33,,13.09
4.49150,70.68,,13.12
4.49160,70.25,,12.67
4.49170,70.59,,12.32
4.49180,71.10,,12.01
4.49190,62.25,,11.68
4.49200,60.59,,11.83
4.49210,60.98,,11.74
4.49220,61.13,,11.95
4.49230,60.47,,12.22
4.49240,61.38,,12.77
4.49250,64.24,,12.95
4.49260,63.70,,12.71
4.49270,59.28,,12.57
4.49280,59.97,,12.16
4.49290,59.71,,12.19
4.49300,59.43,,11.85
4.49310,64.31,,11.83
4.49320,66.39,,12.22
4.49330,67.81,,12.57
4.49340,67.76,,12.81
4.49350,68.25,,12.98
4.49360,68.82,,13.24
4.49370,70.03,,12.98
4.49380,71.21,,12.19
4.49390,70.93,,11.68
4.49400,74.13,,11.66
4.49410,75.37,,11.51
4.49420,76.10,,11.66
4.49430,75.16,,12.03
4.49440,74.58,,12.38
4.49450,73.91,,12.61
4.49460,75.49,,12.91
4.49470,72.23,,12.64
4.49480,70.68,,12.41
4.49490,66.78,,12.38
4.49500,72.12,,12.28
4.49510,69.13,,12.51
4.49520,66.67,,12.74
4.49530,73.54,,12.84
4.49540,72.09,,12.67
4.49550,61.11,,12.32
4.49560,57.52,,12.03
4.49570,55.98,,11.50
4.49580,55.23,,11.39
4.49590,54.83,,11.79
4.49600,54.38,,12.19
4.49610,53.77,,12.61
4.49620,51.92,,13.05
4.49630,51.73,,13.39
4.49640,54.37,,13.27
4.49650,50.22,,12.81
4.49660,49.98,,12.13
4.49670,50.83,,11.29
4.49680,51.56,,11.39
4.49690,52.48,,12.01
4.49700,52.23,,12.74
4.49710,49.15,,13.27
4.49720,46.22,,13.69
4.49730,44.35,,13.41
4.49740,40.74,,12.81
4.49750,40.26,,12.19
4.49760,41.34,,11.68
4.49770,36.60,,11.33
4.49780,32.91,,11.55
4.49790,30.95,,12.28
4.49800,29.82,,12.84
4.49810,29.55,,13.39
4.49820,32.35,,13.41
4.49830,30.32,,12.88
4.49840,30.28,,12.19
4.49850,31.90,,11.51
4.49860,34.08,,11.07
4.49870,34.79,,11.45
4.49880,36.66,,12.38
4.49890,36.56,,13.05
4.49900,35.59,,13.61
4.49910,34.16,,13.49
4.49920,33.38,,13.54
4.49930,33.64,,12.84
4.49940,34.37,,12.16
4.49950,34.36,,11.72
4.49960,34.59,,11.51
4.49970,33.74,,11.66
4.49980,33.62,,12.19
4.49990,35.27,,12.61
4.50000,34.56,,12.77
4.50010,34.18,,12.41
4.50020,36.32,,12.19
4.50030,39.62,,12.03
4.50040,35.32,,11.50
4.50050,36.28,,11.85
4.50060,37.78,,12.19
4.50070,36.34,,12.61
4.50080,42.12,,12.98
4.50090,36.83,,12.71
4.50100,36.21,,12.47
4.50110,34.18,,12.01
4.50120,34.42,,11.68
4.50130,35.52,,11.83
4.50140,39.54,,12.03
4.50150,35.78,,12.19
4.50160,35.43,,12.41
4.50170,34.90,,12.57
4.50180,31.95,,12.38
4.50190,30.94,,12.03
4.50200,29.75,,11.83
4.50210,28.56,,11.85
4.50220,28.71,,12.07
4.50230,28.26,,12.34
4.50240,27.31,,12.77
4.50250,26.87,,12.61
4.50260,26.90,,12.57
4.50270,27.28,,12.34
4.50280,28.67,,11.89
4.50290,28.36,,11.66
4.50300,28.78,,11.91
4.50310,29.33,,12.13
4.50320,29.03,,12.22
4.50330,28.12,,12.32
4.50340,28.84,,12.16
4.50350,29.21,,12.13
4.50360,29.33,,12.03
4.50370,29.92,,12.01
4.50380,31.43,,12.19
4.50390,30.86,,12.41
4.50400,30.86,,12.57
4.50410,30.86,,12.81
4.50420,29.61,,12.84
4.50430,29.21,,12.74
4.50440,28.56,,12.38
4.50450,28.35,,12.03
4.50460,28.61,,11.66
4.50470,29.70,,11.51
4.50480,31.94,,11.66
4.50490,30.48,,11.83
4.50500,30.13,,11.97
4.50510,31.34,,12.07
4.50520,33.93,,12.41
4.50530,36.09,,12.57
4.50540,36.90,,12.54
4.50550,35.29,,12.44
4.50560,33.77,,12.41
4.50570,32.64,,12.19
4.50580,31.73,,12.19
4.50590,30.46,,11.85
4.50600,31.22,,11.83
4.50610,31.86,,11.97
4.50620,32.18,,12.26
4.50630,31.04,,12.61
4.50640,30.20,,12.71
4.50650,29.37,,12.67
4.50660,28.61,,12.19
4.50670,28.40,,11.85
4.50680,27.87,,11.50
4.50690,26.88,,11.66
4.50700,25.95,,11.91
4.50710,25.36,,12.32
4.50720,23.88,,12.41
4.50730,22.47,,12.77
4.50740,21.83,,12.61
4.50750,22.91,,12.38
4.50760,23.16,,11.85
4.50770,23.98,,11.66
4.50780,24.18,,11.50
4.50790,24.23,,11.74
4.50800,24.38,,12.13
4.50810,24.41,,12.34
4.50820,24.44,,12.44
4.50830,24.29,,12.28
4.50840,23.70,,12.13
4.50850,24.51,,12.03
4.50860,25.68,,12.01
4.50870,27.74,,11.85
4.50880,22.72,,12.01
4.50890,21.17,,12.01
4.50900,20.31,,11.85
4.50910,20.13,,11.95
4.50920,20.61,,12.09
4.50930,20.02,,12.19
4.50940,18.43,,12.47
4.50950,17.63,,12.51
4.50960,17.07,,12.22
4.50970,16.67,,11.83
4.50980,17.49,,11.39
4.50990,18.59,,11.35
4.51000,18.63,,11.61
4.51010,17.89,,12.16
4.51020,16.82,,12.44
4.51030,15.29,,12.54
4.51040,16.58,,12.26
4.51050,29.61,,12.09
4.51060,14.66,,11.72
4.51070,14.51,,11.57
4.51080,14.79,,11.66
4.51090,14.78,,12.01
4.51100,16.68,,12.03
4.51110,16.82,,11.83
4.51120,17.55,,11.51
4.51130,22.17,,11.33
4.51140,22.65,,11.19
4.51150,33.93,,11.33
4.51160,34.42,,11.85
4.51170,24.38,,12.13
4.51180,24.43,,12.44
4.51190,23.89,,12.41
4.51200,22.34,,12.38
4.51210,20.65,,12.09
4.51220,18.22,,11.61
4.51230,16.23,,11.03
4.51240,16.41,,10.88
4.51250,17.27,,11.03
4.51260,17.49,,11.18
4.51270,17.97,,11.85
4.51280,18.84,,11.83
4.51290,21.06,,11.83
4.51300,23.86,,11.51
4.51310,26.40,,11.02
4.51320,26.90,,10.73
4.51330,27.12,,11.02
4.51340,27.25,,11.19
4.51350,29.31,,11.50
4.51360,30.00,,11.74
4.51370,31.06,,11.95
4.51380,33.34,,12.01
4.51390,35.40,,12.22
4.51400,35.06,,12.01
4.51410,35.54,,11.62
4.51420,34.11,,11.07
4.51430,32.54,,10.59
4.51440,30.03,,10.19
4.51450,29.22,,9.93
4.51460,28.74,,10.45
4.51470,28.87,,11.29
4.51480,30.04,,11.61
4.51490,29.28,,11.78
4.51500,30.81,,11.51
4.51510,33.23,,11.07
4.51520,35.76,,10.68
4.51530,37.01,,10.88
4.51540,38.49,,11.03
4.51550,44.25,,11.18
4.51560,41.11,,11.03
4.51570,45.35,,11.02
4.51580,45.66,,11.18
4.51590,49.41,,11.03
4.51600,48.44,,11.02
4.51610,45.04,,10.59
4.51620,45.50,,10.19
4.51630,46.78,,10.18
4.51640,47.60,,10.59
4.51650,50.64,,11.03
4.51660,50.95,,10.88
4.51670,49.45,,10.59
4.51680,47.85,,10.19
4.51690,48.94,,9.81
4.51700,44.97,,9.93
4.51710,45.29,,10.73
4.51720,43.97,,11.19
4.51730,42.20,,11.18
4.51740,41.29,,11.03
4.51750,40.90,,10.32
4.51760,40.20,,9.93
4.51770,39.11,,9.81
4.51780,38.93,,10.19
4.51790,37.90,,10.59
4.51800,39.02,,10.73
4.51810,38.56,,10.73
4.51820,38.52,,10.32
4.51830,39.40,,9.93
4.51840,40.23,,9.81
4.51850,39.98,,9.93
4.51860,42.94,,10.32
4.51870,42.02,,10.18
4.51880,41.12,,10.19
4.51890,43.86,,9.94
4.51900,44.02,,9.80
4.51910,44.08,,9.81
4.51920,43.61,,10.18
4.51930,41.05,,10.45
4.51940,39.01,,10.31
4.51950,38.74,,10.06
4.51960,38.98,,9.69
4.51970,35.70,,9.58
4.51980,35.90,,9.36
4.51990,34.56,,9.45
4.52000,37.42,,9.70
4.52010,34.08,,9.93
4.52020,33.35,,10.19
4.52030,34.05,,9.93
4.52040,30.66,,9.70
4.52050,29.21,,9.45
4.52060,28.41,,9.47
4.52070,28.67,,9.69
4.52080,28.41,,9.70
4.52090,28.02,,9.81
4.52100,26.49,,9.57
4.52110,27.92,,9.58
4.52120,29.24,,9.34
4.52130,30.21,,9.36
4.52140,30.09,,9.02
4.52150,31.23,,8.94
4.52160,31.06,,9.23
4.52170,32.37,,9.25
4.52180,31.41,,9.36
4.52190,31.05,,9.13
4.52200,31.64,,9.15
4.52210,32.55,,9.23
4.52220,33.23,,8.94
4.52230,33.17,,9.02
4.52240,33.12,,8.75
4.52250,33.10,,8.82
4.52260,33.39,,8.94
4.52270,34.07,,8.73
4.52280,34.57,,8.75
4.52290,34.91,,8.94
4.52300,35.27,,8.92
4.52310,35.40,,8.75
4.52320,36.47,,8.27
4.52330,36.92,,8.30
4.52340,36.68,,8.54
4.52350,38.16,,8.65
4.52360,35.38,,8.73
4.52370,34.31,,8.75
4.52380,34.45,,8.63
4.52390,33.36,,8.56
4.52400,33.30,,8.47
4.52410,32.70,,8.19
4.52420,32.39,,8.05
4.52430,30.94,,8.27
4.52440,29.93,,8.21
4.52450,27.77,,8.45
4.52460,26.12,,8.47
4.52470,27.00,,8.45
4.52480,26.25,,8.30
4.52490,26.26,,8.30
4.52500,31.70,,8.36
4.52510,29.58,,8.30
4.52520,29.06,,8.19
4.52530,28.53,,8.30
4.52540,28.73,,8.19
4.52550,30.13,,8.05
4.52560,30.18,,8.10
4.52570,29.22,,8.38
4.52580,28.52,,8.45
4.52590,28.19,,8.21
4.52600,28.02,,7.97
4.52610,27.92,,7.64
4.52620,27.89,,7.97
4.52630,28.04,,8.63
4.52640,31.83,,8.75
4.52650,33.82,,8.36
4.52660,37.88,,7.52
4.52670,35.31,,7.09
4.52680,35.25,,7.74
4.52690,35.57,,8.94
4.52700,37.73,,9.13
4.52710,38.05,,8.65
4.52720,38.35,,7.79
4.52730,38.33,,7.19
4.52740,39.57,,7.71
4.52750,39.65,,8.21
4.52760,38.88,,8.54
4.52770,39.81,,8.05
4.52780,40.30,,7.79
4.52790,41.03,,7.74
4.52800,42.61,,7.74
4.52810,45.21,,7.71
4.52820,41.60,,7.89
4.52830,39.66,,7.71
4.52840,40.03,,8.21
4.52850,39.52,,8.19
4.52860,41.49,,7.74
4.52870,44.61,,7.49
4.52880,40.66,,7.97
4.52890,39.68,,8.56
4.52900,37.94,,7.94
4.52910,36.24,,7.45
4.52920,37.19,,7.64
4.52930,37.49,,8.05
4.52940,37.70,,8.02
4.52950,37.87,,7.74
4.52960,38.41,,7.71
4.52970,38.60,,7.59
4.52980,39.07,,7.94
4.52990,40.43,,8.21
4.53000,41.20,,8.84
4.53010,42.37,,8.54
4.53020,43.20,,7.32
4.53030,37.88,,6.51
4.53040,32.56,,7.32
4.53050,39.58,,8.82
4.53060,41.97,,9.04
4.53070,44.07,,8.02
4.53080,40.12,,6.49
4.53090,41.29,,6.65
4.53100,38.62,,8.92
4.53110,27.50,,10.73
4.53120,17.06,,10.45
4.53130,8.61,,8.84
4.53140,5.37,,6.85
4.53150,10.34,,5.92
4.53160,32.07,,6.62
4.53170,41.99,,7.32
4.53180,45.34,,6.62
4.53190,48.01,,8.38
4.53200,50.22,,9.94
4.53210,51.90,,11.19
4.53220,54.27,,11.33
4.53230,54.14,,10.18
4.53240,54.25,,7.12
4.53250,53.94,,4.62
4.53260,55.73,,6.01
4.53270,58.02,,8.10
4.53280,57.58,,8.65
4.53290,60.71,,8.65
4.53300,61.43,,8.45
4.53310,61.36,,8.56
4.53320,60.72,,8.73
4.53330,58.62,,8.84
4.53340,57.92,,8.45
4.53350,57.59,,7.45
4.53360,57.61,,6.62
4.53370,58.38,,6.71
4.53380,58.97,,7.49
4.53390,60.38,,7.59
4.53400,57.07,,7.89
4.53410,57.03,,8.27
4.53420,57.67,,8.65
4.53430,59.22,,8.92
4.53440,58.95,,9.04
4.53450,56.59,,8.73
4.53460,57.65,,8.05
4.53470,55.85,,7.49
4.53480,55.17,,7.25
4.53490,55.57,,7.52
4.53500,55.79,,7.49
4.53510,54.96,,7.97
4.53520,53.93,,8.19
4.53530,54.49,,8.56
4.53540,54.75,,8.82
4.53550,53.20,,8.75
4.53560,56.82,,8.73
4.53570,59.18,,8.47
4.53580,51.87,,7.86
4.53590,51.94,,7.66
4.53600,51.86,,7.74
4.53610,51.70,,7.71
4.53620,51.87,,7.89
4.53630,52.29,,7.94
4.53640,54.67,,8.13
4.53650,55.22,,8.63
4.53660,57.45,,8.75
4.53670,57.97,,8.73
4.53680,56.67,,8.94
4.53690,58.59,,8.47
4.53700,57.74,,7.49
4.53710,59.98,,7.74
4.53720,59.48,,7.71
4.53730,60.94,,8.13
4.53740,70.01,,8.27
4.53750,59.06,,8.30
4.53760,60.12,,8.19
4.53770,48.56,,8.21
4.53780,47.57,,8.82
4.53790,46.83,,9.15
4.53800,46.62,,8.75
4.53810,47.26,,8.27
4.53820,46.51,,7.74
4.53830,48.58,,7.64
4.53840,46.91,,8.21
4.53850,46.47,,8.45
4.53860,46.89,,8.65
4.53870,45.97,,8.63
4.53880,45.86,,8.47
4.53890,44.49,,8.65
4.53900,42.74,,8.73
4.53910,42.10,,8.75
4.53920,41.07,,8.73
4.53930,41.29,,8.75
4.53940,41.57,,8.27
4.53950,40.58,,8.13
4.53960,38.18,,8.27
4.53970,37.90,,8.75
4.53980,37.88,,8.82
4.53990,36.22,,8.94
4.54000,35.64,,8.75
4.54010,35.93,,8.82
4.54020,35.25,,8.56
4.54030,35.45,,8.73
4.54040,42.44,,8.84
4.54050,34.75,,8.82
4.54060,34.22,,8.75
4.54070,35.83,,8.63
4.54080,38.44,,8.75
4.54090,38.59,,8.65
4.54100,39.38,,8.82
4.54110,39.32,,8.94
4.54120,39.31,,8.63
4.54130,40.52,,8.84
4.54140,41.21,,8.82
4.54150,44.06,,9.04
4.54160,47.39,,9.13
4.54170,48.36,,9.15
4.54180,47.54,,8.82
4.54190,50.17,,8.47
4.54200,53.32,,8.84
4.54210,48.71,,8.92
4.54220,49.13,,8.94
4.54230,50.73,,9.02
4.54240,52.70,,8.84
4.54250,50.56,,8.82
4.54260,50.65,,8.56
4.54270,56.45,,8.54
4.54280,54.42,,8.30
4.54290,57.83,,8.84
4.54300,54.51,,10.73
4.54310,54.17,,10.73
4.54320,59.55,,10.18
4.54330,52.83,,9.25
4.54340,52.29,,8.19
4.54350,54.36,,7.12
4.54360,53.76,,7.71
4.54370,55.99,,9.36
4.54380,63.60,,10.88
4.54390,75.08,,11.33
4.54400,58.76,,10.73
4.54410,58.54,,9.57
4.54420,56.12,,8.94
4.54430,56.34,,8.54
4.54440,57.12,,8.75
4.54450,58.45,,9.13
4.54460,67.19,,9.36
4.54470,62.42,,8.73
4.54480,59.59,,8.30
4.54490,63.27,,8.94
4.54500,60.85,,9.34
4.54510,60.45,,9.94
4.54520,61.20,,10.73
4.54530,61.44,,10.59
4.54540,62.11,,9.57
4.54550,69.71,,7.66
4.54560,87.75,,8.63
4.54570,72.46,,9.81
4.54580,68.30,,10.59
4.54590,76.34,,10.88
4.54600,70.89,,10.19
4.54610,68.03,,8.19
4.54620,68.43,,7.52
4.54630,67.28,,7.94
4.54640,68.45,,9.58
4.54650,69.29,,11.03
4.54660,68.60,,11.33
4.54670,69.56,,11.19
4.54680,71.58,,9.94
4.54690,72.39,,8.94
4.54700,69.58,,8.82
4.54710,68.71,,9.25
4.54720,69.00,,9.57
4.54730,68.56,,9.58
4.54740,67.78,,9.34
4.54750,68.08,,8.94
4.54760,67.54,,8.82
4.54770,66.20,,8.94
4.54780,65.75,,9.57
4.54790,66.20,,10.19
4.54800,67.79,,10.19
4.54810,68.44,,10.18
4.54820,65.28,,9.94
4.54830,67.17,,9.57
4.54840,65.76,,9.47
4.54850,77.39,,9.34
4.54860,70.09,,9.36
4.54870,63.44,,9.57
4.54880,64.52,,9.58
4.54890,65.75,,9.36
4.54900,64.95,,9.80
4.54910,63.93,,10.06
4.54920,60.58,,9.69
4.54930,60.37,,9.70
4.54940,62.46,,9.80
4.54950,68.03,,9.81
4.54960,62.22,,9.69
4.54970,55.33,,9.81
4.54980,54.19,,9.93
4.54990,55.53,,9.70
4.55000,56.24,,9.58
4.55010,59.24,,9.57
4.55020,58.45,,9.58
4.55030,61.87,,9.80
4.55040,72.38,,9.94
4.55050,66.35,,10.05
4.55060,62.25,,9.70
4.55070,60.60,,9.69
4.55080,57.96,,9.47
4.55090,58.00,,9.69
4.55100,73.65,,9.81
4.55110,65.37,,9.94
4.55120,63.41,,10.05
4.55130,64.18,,9.70
4.55140,55.01,,9.80
4.55150,56.58,,9.58
4.55160,60.51,,9.69
4.55170,64.22,,9.81
4.55180,57.04,,9.69
4.55190,49.92,,9.58
4.55200,46.35,,9.81
4.55210,45.99,,9.80
4.55220,47.76,,9.94
4.55230,45.98,,9.93
4.55240,47.85,,9.58
4.55250,44.78,,9.69
4.55260,45.48,,9.81
4.55270,45.12,,9.80
4.55280,45.63,,9.81
4.55290,46.47,,9.69
