桩号(km),左高程(mm),右高程(mm),速度(m/s)
0.00000,44.10,,0.53
0.00010,46.37,,0.73
0.00020,46.86,,0.93
0.00030,46.85,,1.08
0.00040,47.16,,1.23
0.00050,47.93,,1.35
0.00060,49.06,,1.46
0.00070,50.53,,1.57
0.00080,51.76,,1.66
0.00090,52.29,,1.73
0.00100,52.31,,1.83
0.00110,52.25,,1.88
0.00120,52.37,,1.96
0.00130,52.73,,1.99
0.00140,47.43,,2.08
0.00150,46.72,,2.12
0.00160,45.75,,2.17
0.00170,44.43,,2.27
0.00180,43.54,,2.27
0.00190,42.27,,2.35
0.00200,40.77,,2.47
0.00210,39.43,,2.42
0.00220,38.37,,2.55
0.00230,37.55,,2.58
0.00240,36.89,,2.58
0.00250,36.98,,2.72
0.00260,47.50,,2.72
0.00270,48.73,,2.76
0.00280,50.37,,2.81
0.00290,52.16,,2.80
0.00300,53.86,,2.89
0.00310,55.15,,2.94
0.00320,55.92,,3.01
0.00330,56.05,,3.00
0.00340,55.37,,3.10
0.00350,53.77,,3.10
0.00360,51.33,,3.18
0.00370,48.56,,3.22
0.00380,45.83,,3.31
0.00390,43.57,,3.35
0.00400,41.91,,3.33
0.00410,41.09,,3.37
0.00420,41.08,,3.47
0.00430,41.69,,3.45
0.00440,42.77,,3.35
0.00450,44.09,,3.55
0.00460,45.59,,3.59
0.00470,47.31,,3.55
0.00480,49.09,,3.59
0.00490,50.84,,3.71
0.00500,52.44,,3.63
0.00510,53.68,,3.69
0.00520,54.48,,3.78
0.00530,54.85,,3.76
0.00540,54.67,,3.71
0.00550,49.65,,3.98
0.00560,43.88,,3.97
0.00570,42.92,,3.83
0.00580,42.04,,3.89
0.00590,41.23,,4.02
0.00600,40.42,,4.02
0.00610,39.68,,3.93
0.00620,39.05,,4.11
0.00630,38.65,,4.09
0.00640,38.50,,4.06
0.00650,38.46,,4.14
0.00660,38.48,,4.24
0.00670,38.50,,4.18
0.00680,38.50,,4.15
0.00690,38.62,,4.22
0.00700,38.97,,4.19
0.00710,39.48,,4.28
0.00720,39.92,,4.36
0.00730,40.29,,4.33
0.00740,40.78,,4.22
0.00750,41.21,,4.47
0.00760,41.60,,4.36
0.00770,42.01,,4.33
0.00780,42.44,,4.46
0.00790,43.01,,4.42
0.00800,43.64,,4.42
0.00810,49.67,,4.46
0.00820,56.10,,4.47
0.00830,56.72,,4.51
0.00840,57.30,,4.57
0.00850,57.82,,4.56
0.00860,58.16,,4.37
0.00870,58.19,,4.67
0.00880,57.88,,4.73
0.00890,57.32,,4.67
0.00900,56.60,,4.63
0.00910,55.89,,4.52
0.00920,55.04,,4.56
0.00930,54.20,,4.85
0.00940,53.58,,4.90
0.00950,53.04,,4.85
0.00960,52.49,,4.73
0.00970,51.99,,4.79
0.00980,51.34,,4.73
0.00990,54.68,,4.79
0.01000,54.92,,5.16
0.01010,54.16,,5.09
0.01020,53.69,,4.79
0.01030,53.46,,4.78
0.01040,53.43,,5.09
0.01050,53.57,,5.16
0.01060,53.87,,4.97
0.01070,54.29,,5.09
0.01080,54.72,,5.03
0.01090,55.13,,5.09
0.01100,55.54,,5.23
0.01110,56.00,,5.16
0.01120,56.44,,5.09
0.01130,56.81,,5.23
0.01140,57.13,,5.22
0.01150,57.40,,5.37
0.01160,57.63,,5.37
0.01170,57.85,,5.44
0.01180,57.96,,5.16
0.01190,57.84,,5.29
0.01200,57.45,,5.51
0.01210,56.87,,5.44
0.01220,56.09,,5.29
0.01230,55.20,,5.37
0.01240,54.41,,5.59
0.01250,53.86,,5.52
0.01260,53.46,,5.44
0.01270,53.14,,5.59
0.01280,53.01,,5.59
0.01290,53.13,,5.59
0.01300,53.31,,5.37
0.01310,53.36,,5.67
0.01320,53.29,,5.67
0.01330,53.18,,5.67
0.01340,53.08,,5.52
0.01350,52.86,,5.59
0.01360,52.57,,5.75
0.01370,52.21,,5.75
0.01380,51.74,,5.67
0.01390,51.19,,5.67
0.01400,50.59,,5.83
0.01410,49.91,,5.75
0.01420,49.20,,5.75
0.01430,48.57,,5.84
0.01440,48.00,,5.79
0.01450,47.48,,5.88
0.01460,47.15,,5.83
0.01470,47.07,,6.02
0.01480,47.21,,5.79
0.01490,47.11,,5.80
0.01500,43.54,,5.92
0.01510,44.45,,6.10
0.01520,45.57,,5.84
0.01530,46.82,,5.83
0.01540,48.17,,6.02
0.01550,49.62,,6.10
0.01560,51.16,,5.84
0.01570,52.66,,5.67
0.01580,53.96,,6.16
0.01590,55.10,,6.34
0.01600,56.19,,6.05
0.01610,57.18,,5.80
0.01620,57.99,,5.92
0.01630,58.47,,6.11
0.01640,58.67,,6.19
0.01650,58.67,,6.11
0.01660,58.58,,6.19
0.01670,58.40,,6.11
0.01680,58.07,,6.19
0.01690,57.60,,6.20
0.01700,57.02,,6.10
0.01710,56.38,,6.24
0.01720,55.72,,6.25
0.01730,55.05,,6.34
0.01740,54.35,,6.25
0.01750,53.60,,6.29
0.01760,52.90,,6.30
0.01770,52.26,,6.24
0.01780,51.60,,6.16
0.01790,50.85,,6.29
0.01800,50.13,,6.54
0.01810,49.56,,6.56
0.01820,49.18,,6.24
0.01830,49.07,,6.16
0.01840,49.13,,6.29
0.01850,49.34,,6.40
0.01860,49.70,,6.54
0.01870,50.23,,6.51
0.01880,50.93,,6.44
0.01890,51.83,,6.30
0.01900,52.81,,6.39
0.01910,53.75,,6.49
0.01920,54.64,,6.51
0.01930,55.48,,6.49
0.01940,56.31,,6.30
0.01950,57.13,,6.44
0.01960,57.88,,6.56
0.01970,58.55,,6.60
0.01980,59.12,,6.56
0.01990,59.58,,6.44
0.02000,59.94,,6.49
0.02010,60.18,,6.51
0.02020,60.30,,6.71
0.02030,60.32,,6.62
0.02040,60.19,,6.60
0.02050,59.86,,6.46
0.02060,59.33,,6.54
0.02070,58.63,,6.62
0.02080,57.89,,6.82
0.02090,57.14,,6.73
0.02100,56.34,,6.49
0.02110,55.44,,6.49
0.02120,54.53,,6.73
0.02130,53.65,,6.88
0.02140,52.82,,6.79
0.02150,51.98,,6.71
0.02160,51.15,,6.62
0.02170,50.40,,6.71
0.02180,49.73,,6.73
0.02190,49.16,,6.82
0.02200,48.66,,6.82
0.02210,48.18,,6.73
0.02220,47.73,,6.65
0.02230,47.33,,6.67
0.02240,47.01,,6.82
0.02250,46.81,,6.85
0.02260,46.69,,6.82
0.02270,44.70,,6.73
0.02280,44.20,,6.76
0.02290,44.21,,6.79
0.02300,44.29,,6.71
0.02310,44.39,,6.82
0.02320,44.50,,6.85
0.02330,44.60,,6.94
0.02340,44.72,,6.85
0.02350,44.79,,6.71
0.02360,44.78,,6.73
0.02370,44.72,,6.94
0.02380,44.66,,6.85
0.02390,44.60,,6.82
0.02400,44.49,,6.88
0.02410,44.35,,6.79
0.02420,44.22,,6.94
0.02430,44.07,,6.85
0.02440,43.92,,6.88
0.02450,43.77,,6.85
0.02460,43.59,,6.76
0.02470,43.39,,6.91
0.02480,43.20,,7.00
0.02490,43.09,,6.97
0.02500,43.02,,6.82
0.02510,42.96,,6.82
0.02520,42.85,,6.91
0.02530,42.76,,6.94
0.02540,42.70,,6.91
0.02550,42.73,,6.94
0.02560,42.80,,6.97
0.02570,42.89,,6.94
0.02580,42.90,,6.85
0.02590,42.85,,6.94
0.02600,42.78,,6.94
0.02610,42.74,,6.97
0.02620,42.76,,6.94
0.02630,42.77,,6.97
0.02640,42.79,,6.94
0.02650,42.84,,6.97
0.02660,42.94,,6.82
0.02670,43.10,,6.97
0.02680,43.40,,7.06
0.02690,43.79,,6.97
0.02700,44.22,,7.00
0.02710,44.72,,6.94
0.02720,45.30,,6.97
0.02730,45.95,,6.94
0.02740,46.58,,7.03
0.02750,47.16,,7.06
0.02760,47.73,,7.09
0.02770,48.32,,6.94
0.02780,48.91,,6.91
0.02790,49.46,,7.00
0.02800,49.93,,7.22
0.02810,50.34,,7.19
0.02820,50.73,,7.06
0.02830,51.09,,6.79
0.02840,51.38,,6.88
0.02850,51.64,,7.15
0.02860,51.88,,7.25
0.02870,52.11,,7.22
0.02880,52.26,,7.06
0.02890,52.36,,6.97
0.02900,52.45,,7.00
0.02910,52.55,,7.12
0.02920,52.66,,7.22
0.02930,52.73,,7.19
0.02940,52.77,,6.97
0.02950,52.80,,7.12
0.02960,52.81,,7.03
0.02970,52.81,,7.19
0.02980,52.83,,7.09
0.02990,52.86,,7.06
0.03000,52.92,,7.15
0.03010,52.99,,7.19
0.03020,53.11,,7.12
0.03030,53.27,,7.22
0.03040,53.47,,7.19
0.03050,53.71,,7.22
0.03060,53.96,,7.06
0.03070,54.20,,7.15
0.03080,54.42,,7.19
0.03090,54.68,,7.15
0.03100,54.98,,7.32
0.03110,55.33,,7.19
0.03120,55.67,,7.09
0.03130,56.02,,7.06
0.03140,56.38,,7.22
0.03150,56.79,,7.19
0.03160,57.19,,7.29
0.03170,57.60,,7.12
0.03180,57.99,,7.09
0.03190,58.42,,7.32
0.03200,58.85,,7.22
0.03210,59.30,,7.25
0.03220,59.69,,7.25
0.03230,59.99,,7.22
0.03240,60.21,,7.19
0.03250,60.38,,7.22
0.03260,60.54,,7.19
0.03270,60.64,,7.22
0.03280,60.70,,7.32
0.03290,60.78,,7.35
0.03300,60.85,,7.19
0.03310,60.89,,7.19
0.03320,60.87,,7.22
0.03330,60.85,,7.25
0.03340,60.81,,7.35
0.03350,60.78,,7.25
0.03360,60.75,,7.22
0.03370,60.78,,7.19
0.03380,60.83,,7.35
0.03390,60.89,,7.38
0.03400,60.92,,7.42
0.03410,60.95,,7.25
0.03420,61.02,,7.19
0.03430,61.14,,7.29
0.03440,61.27,,7.32
0.03450,61.34,,7.35
0.03460,61.38,,7.25
0.03470,61.43,,7.29
0.03480,61.49,,7.32
0.03490,61.52,,7.35
0.03500,61.53,,7.32
0.03510,61.50,,7.32
0.03520,61.46,,7.35
0.03530,61.41,,7.32
0.03540,61.32,,7.29
0.03550,61.12,,7.38
0.03560,60.88,,7.35
0.03570,60.61,,7.32
0.03580,60.33,,7.35
0.03590,60.01,,7.38
0.03600,59.62,,7.35
0.03610,59.19,,7.25
0.03620,58.75,,7.38
0.03630,58.31,,7.42
0.03640,57.89,,7.38
0.03650,57.48,,7.29
0.03660,57.06,,7.32
0.03670,56.63,,7.56
0.03680,56.22,,7.45
0.03690,55.79,,7.35
0.03700,55.30,,7.25
0.03710,54.69,,7.25
0.03720,54.02,,7.42
0.03730,53.38,,7.59
0.03740,52.78,,7.35
0.03750,52.14,,7.38
0.03760,51.47,,7.29
0.03770,50.81,,7.45
0.03780,50.17,,7.49
0.03790,49.55,,7.45
0.03800,48.89,,7.35
0.03810,48.23,,7.32
0.03820,47.59,,7.45
0.03830,47.01,,7.42
0.03840,46.49,,7.38
0.03850,46.02,,7.35
0.03860,45.56,,7.45
0.03870,45.10,,7.49
0.03880,44.64,,7.45
0.03890,44.15,,7.42
0.03900,43.63,,7.38
0.03910,43.11,,7.45
0.03920,42.58,,7.35
0.03930,42.02,,7.38
0.03940,41.42,,7.42
0.03950,40.74,,7.45
0.03960,40.01,,7.42
0.03970,39.25,,7.38
0.03980,38.52,,7.49
0.03990,37.82,,7.45
0.04000,37.12,,7.49
0.04010,36.42,,7.38
0.04020,35.66,,7.38
0.04030,34.88,,7.49
0.04040,34.09,,7.45
0.04050,33.31,,7.49
0.04060,32.50,,7.38
0.04070,31.73,,7.29
0.04080,31.05,,7.45
0.04090,30.48,,7.56
0.04100,29.98,,7.52
0.04110,29.51,,7.38
0.04120,29.07,,7.35
0.04130,28.68,,7.38
0.04140,28.39,,7.49
0.04150,28.23,,7.52
0.04160,28.16,,7.35
0.04170,28.16,,7.38
0.04180,28.20,,7.35
0.04190,28.30,,7.52
0.04200,28.51,,7.42
0.04210,28.86,,7.32
0.04220,29.30,,7.38
0.04230,29.80,,7.49
0.04240,30.33,,7.45
0.04250,30.91,,7.35
0.04260,31.50,,7.32
0.04270,32.11,,7.35
0.04280,32.75,,7.45
0.04290,33.39,,7.42
0.04300,34.04,,7.32
0.04310,34.71,,7.32
0.04320,35.40,,7.35
0.04330,36.16,,7.52
0.04340,37.04,,7.42
0.04350,37.99,,7.25
0.04360,38.91,,7.22
0.04370,39.79,,7.38
0.04380,40.67,,7.42
0.04390,41.55,,7.45
0.04400,42.42,,7.29
0.04410,43.25,,7.19
0.04420,44.01,,7.25
0.04430,44.71,,7.35
0.04440,45.35,,7.38
0.04450,45.93,,7.35
0.04460,46.46,,7.38
0.04470,46.98,,7.35
0.04480,47.45,,7.25
0.04490,47.86,,7.09
0.04500,48.17,,7.32
0.04510,48.43,,7.38
0.04520,48.69,,7.49
0.04530,49.00,,7.38
0.04540,49.35,,7.22
0.04550,49.68,,7.06
0.04560,50.03,,7.22
0.04570,50.43,,7.45
0.04580,50.90,,7.35
0.04590,51.40,,7.32
0.04600,51.91,,7.15
0.04610,52.45,,7.25
0.04620,53.04,,7.32
0.04630,53.66,,7.29
0.04640,54.32,,7.25
0.04650,54.92,,7.22
0.04660,55.41,,7.12
0.04670,55.90,,7.15
0.04680,56.40,,7.25
0.04690,56.94,,7.29
0.04700,57.50,,7.38
0.04710,58.06,,7.25
0.04720,58.58,,7.09
0.04730,59.06,,7.19
0.04740,59.49,,7.22
0.04750,59.87,,7.25
0.04760,60.17,,7.22
0.04770,60.41,,7.19
0.04780,60.63,,7.22
0.04790,60.78,,7.25
0.04800,60.89,,7.22
0.04810,60.94,,7.19
0.04820,60.92,,7.19
0.04830,60.84,,7.09
0.04840,60.73,,7.25
0.04850,60.57,,7.22
0.04860,60.39,,7.19
0.04870,60.15,,7.15
0.04880,59.87,,7.32
0.04890,59.56,,7.22
0.04900,59.18,,7.12
0.04910,58.69,,7.12
0.04920,58.15,,7.09
0.04930,57.53,,7.25
0.04940,56.91,,7.35
0.04950,56.29,,7.25
0.04960,55.61,,6.97
0.04970,54.84,,7.06
0.04980,54.06,,7.22
0.04990,53.28,,7.32
0.05000,52.51,,7.22
0.05010,51.73,,7.06
0.05020,50.95,,7.06
0.05030,50.19,,7.22
0.05040,49.50,,7.19
0.05050,48.89,,7.15
0.05060,48.36,,7.06
0.05070,47.88,,7.03
0.05080,47.47,,7.25
0.05090,47.16,,7.29
0.05100,46.93,,7.06
0.05110,46.75,,7.06
0.05120,46.58,,7.09
0.05130,46.47,,7.06
0.05140,46.45,,7.09
0.05150,46.50,,7.06
0.05160,46.61,,7.09
0.05170,46.80,,7.19
0.05180,47.07,,7.15
0.05190,47.40,,7.06
0.05200,47.75,,6.97
0.05210,48.12,,7.00
0.05220,48.48,,7.06
0.05230,48.89,,7.15
0.05240,49.35,,7.12
0.05250,49.84,,7.09
0.05260,50.34,,7.06
0.05270,50.81,,7.03
0.05280,51.26,,7.00
0.05290,51.72,,7.03
0.05300,52.18,,7.00
0.05310,52.63,,7.12
0.05320,53.09,,7.15
0.05330,53.56,,7.19
0.05340,54.01,,7.03
0.05350,54.42,,7.00
0.05360,54.79,,7.03
0.05370,55.12,,7.12
0.05380,55.41,,7.03
0.05390,55.64,,7.06
0.05400,55.85,,7.15
0.05410,56.03,,7.19
0.05420,56.22,,7.25
0.05430,56.39,,7.15
0.05440,56.50,,7.06
0.05450,56.51,,7.09
0.05460,56.41,,7.19
0.05470,56.22,,7.22
0.05480,56.03,,7.25
0.05490,55.88,,7.29
0.05500,55.71,,7.06
0.05510,55.49,,7.22
0.05520,55.28,,7.32
0.05530,55.06,,7.19
0.05540,54.85,,7.22
0.05550,54.63,,7.25
0.05560,54.41,,7.15
0.05570,54.19,,7.25
0.05580,54.00,,7.29
0.05590,53.83,,7.19
0.05600,53.72,,7.22
0.05610,53.66,,7.32
0.05620,53.65,,7.32
0.05630,53.70,,7.35
0.05640,53.77,,7.32
0.05650,53.82,,7.22
0.05660,53.80,,7.32
0.05670,53.74,,7.35
0.05680,53.62,,7.38
0.05690,53.43,,7.29
0.05700,53.15,,7.25
0.05710,52.81,,7.22
0.05720,52.39,,7.32
0.05730,51.91,,7.38
0.05740,51.43,,7.49
0.05750,50.98,,7.38
0.05760,50.55,,7.29
0.05770,50.04,,7.19
0.05780,49.46,,7.35
0.05790,48.81,,7.52
0.05800,48.20,,7.56
0.05810,47.59,,7.45
0.05820,46.97,,7.38
0.05830,46.31,,7.29
0.05840,45.60,,7.32
0.05850,44.87,,7.42
0.05860,44.15,,7.45
0.05870,43.47,,7.42
0.05880,42.86,,7.45
0.05890,42.34,,7.49
0.05900,41.86,,7.45
0.05910,41.46,,7.42
0.05920,41.05,,7.45
0.05930,40.68,,7.52
0.05940,40.32,,7.71
0.05950,40.01,,7.52
0.05960,39.74,,7.49
0.05970,39.50,,7.32
0.05980,39.30,,7.35
0.05990,39.13,,7.59
0.06000,39.04,,7.64
0.06010,39.04,,7.59
0.06020,39.14,,7.38
0.06030,40.77,,7.42
0.06040,41.89,,7.52
0.06050,42.07,,7.71
0.06060,42.34,,7.66
0.06070,42.71,,7.49
0.06080,43.13,,7.45
0.06090,43.51,,7.49
0.06100,43.79,,7.52
0.06110,44.04,,7.64
0.06120,44.30,,7.59
0.06130,44.61,,7.59
0.06140,44.90,,7.64
0.06150,45.21,,7.52
0.06160,45.53,,7.56
0.06170,45.86,,7.59
0.06180,46.18,,7.64
0.06190,46.49,,7.59
0.06200,46.81,,7.71
0.06210,47.10,,7.66
0.06220,47.40,,7.59
0.06230,47.68,,7.64
0.06240,47.98,,7.59
0.06250,48.25,,7.64
0.06260,48.48,,7.59
0.06270,48.66,,7.79
0.06280,48.81,,7.74
0.06290,48.94,,7.64
0.06300,49.06,,7.52
0.06310,49.14,,7.71
0.06320,49.17,,7.74
0.06330,49.20,,7.89
0.06340,49.17,,7.64
0.06350,49.08,,7.52
0.06360,48.88,,7.64
0.06370,48.63,,7.81
0.06380,48.35,,7.94
0.06390,48.04,,7.74
0.06400,47.68,,7.64
0.06410,47.25,,7.59
0.06420,46.78,,7.66
0.06430,46.28,,7.86
0.06440,45.79,,7.74
0.06450,45.32,,7.71
0.06460,44.86,,7.59
0.06470,44.42,,7.71
0.06480,44.07,,7.89
0.06490,43.81,,7.79
0.06500,43.61,,7.66
0.06510,43.43,,7.56
0.06520,43.29,,7.74
0.06530,43.26,,7.74
0.06540,43.34,,7.71
0.06550,43.48,,7.66
0.06560,43.66,,7.79
0.06570,43.89,,7.74
0.06580,44.20,,7.64
0.06590,44.59,,7.66
0.06600,45.00,,7.64
0.06610,45.44,,7.81
0.06620,45.92,,7.74
0.06630,46.44,,7.64
0.06640,46.96,,7.66
0.06650,47.49,,7.56
0.06660,48.01,,7.74
0.06670,48.55,,7.71
0.06680,49.11,,7.66
0.06690,49.68,,7.64
0.06700,50.20,,7.66
0.06710,50.71,,7.71
0.06720,51.27,,7.74
0.06730,51.87,,7.66
0.06740,52.44,,7.56
0.06750,52.97,,7.59
0.06760,53.45,,7.64
0.06770,53.90,,7.74
0.06780,54.30,,7.64
0.06790,54.61,,7.59
0.06800,54.82,,7.49
0.06810,54.94,,7.74
0.06820,55.03,,7.66
0.06830,55.06,,7.64
0.06840,55.04,,7.66
0.06850,54.97,,7.64
0.06860,54.88,,7.59
0.06870,54.76,,7.64
0.06880,54.59,,7.59
0.06890,54.39,,7.64
0.06900,54.14,,7.66
0.06910,53.85,,7.71
0.06920,53.53,,7.59
0.06930,53.21,,7.59
0.06940,52.92,,7.56
0.06950,52.69,,7.59
0.06960,52.50,,7.64
0.06970,52.31,,7.66
0.06980,52.10,,7.64
0.06990,51.92,,7.59
0.07000,51.83,,7.56
0.07010,51.82,,7.66
0.07020,51.85,,7.52
0.07030,51.85,,7.56
0.07040,51.82,,7.52
0.07050,51.81,,7.56
0.07060,51.86,,7.59
0.07070,51.95,,7.64
0.07080,52.07,,7.59
0.07090,52.20,,7.56
0.07100,52.35,,7.45
0.07110,52.52,,7.56
0.07120,52.69,,7.59
0.07130,52.82,,7.66
0.07140,52.94,,7.56
0.07150,53.07,,7.38
0.07160,53.21,,7.42
0.07170,53.34,,7.59
0.07180,53.48,,7.64
0.07190,53.67,,7.59
0.07200,53.90,,7.49
0.07210,54.11,,7.52
0.07220,54.29,,7.38
0.07230,54.41,,7.49
0.07240,54.49,,7.59
0.07250,54.54,,7.64
0.07260,54.59,,7.59
0.07270,54.63,,7.35
0.07280,54.63,,7.32
0.07290,54.56,,7.42
0.07300,54.47,,7.52
0.07310,54.35,,7.71
0.07320,54.22,,7.52
0.07330,54.06,,7.38
0.07340,53.87,,7.35
0.07350,53.71,,7.52
0.07360,53.60,,7.56
0.07370,53.52,,7.45
0.07380,53.46,,7.29
0.07390,53.43,,7.45
0.07400,53.39,,7.49
0.07410,53.35,,7.52
0.07420,53.30,,7.45
0.07430,53.35,,7.42
0.07440,53.54,,7.32
0.07450,53.87,,7.35
0.07460,54.27,,7.45
0.07470,54.68,,7.49
0.07480,55.08,,7.45
0.07490,55.58,,7.22
0.07500,56.25,,7.32
0.07510,57.07,,7.42
0.07520,57.92,,7.38
0.07530,58.76,,7.32
0.07540,59.61,,7.29
0.07550,60.55,,7.25
0.07560,61.54,,7.35
0.07570,62.59,,7.38
0.07580,63.65,,7.29
0.07590,64.66,,7.32
0.07600,65.63,,7.35
0.07610,66.60,,7.32
0.07620,67.69,,7.19
0.07630,68.80,,7.22
0.07640,69.85,,7.32
0.07650,70.86,,7.22
0.07660,71.87,,7.32
0.07670,72.90,,7.22
0.07680,73.90,,7.25
0.07690,74.76,,7.42
0.07700,75.42,,7.59
0.07710,76.00,,7.22
0.07720,76.40,,6.71
0.07730,76.40,,6.94
0.07740,76.03,,7.49
0.07750,75.55,,7.74
0.07760,75.02,,7.64
0.07770,74.34,,6.94
0.07780,73.41,,6.79
0.07790,72.31,,7.25
0.07800,71.23,,7.56
0.07810,70.18,,7.52
0.07820,69.00,,7.06
0.07830,67.61,,6.97
0.07840,66.07,,7.06
0.07850,64.59,,7.49
0.07860,63.12,,7.45
0.07870,61.65,,7.15
0.07880,60.20,,7.06
0.07890,58.82,,7.15
0.07900,57.50,,7.19
0.07910,56.32,,7.22
0.07920,55.25,,7.06
0.07930,54.24,,7.19
0.07940,53.34,,7.29
0.07950,52.59,,7.25
0.07960,52.00,,7.09
0.07970,51.58,,6.82
0.07980,51.37,,6.97
0.07990,51.35,,7.12
0.08000,51.48,,7.15
0.08010,51.71,,7.19
0.08020,52.07,,6.94
0.08030,52.56,,6.85
0.08040,53.13,,6.88
0.08050,53.75,,6.97
0.08060,54.35,,7.00
0.08070,54.94,,7.03
0.08080,55.46,,6.88
0.08090,55.92,,6.79
0.08100,56.37,,6.82
0.08110,56.82,,6.91
0.08120,57.22,,6.82
0.08130,57.55,,6.94
0.08140,57.82,,6.73
0.08150,58.05,,6.60
0.08160,58.23,,6.85
0.08170,58.35,,6.82
0.08180,58.42,,6.79
0.08190,58.46,,6.71
0.08200,58.45,,6.56
0.08210,58.38,,6.60
0.08220,58.20,,6.62
0.08230,57.93,,6.82
0.08240,57.64,,6.65
0.08250,57.36,,6.46
0.08260,57.01,,6.49
0.08270,56.56,,6.51
0.08280,56.08,,6.60
0.08290,55.53,,6.40
0.08300,54.87,,6.39
0.08310,54.18,,6.51
0.08320,53.54,,6.44
0.08330,52.87,,6.34
0.08340,52.16,,6.30
0.08350,51.42,,6.34
0.08360,50.76,,6.40
0.08370,50.20,,6.24
0.08380,49.66,,6.11
0.08390,49.19,,6.19
0.08400,48.82,,6.30
0.08410,48.50,,6.29
0.08420,48.18,,5.93
0.08430,47.90,,6.10
0.08440,47.65,,6.01
0.08450,47.44,,6.11
0.08460,47.29,,6.01
0.08470,47.21,,5.93
0.08480,47.21,,5.96
0.08490,47.27,,5.97
0.08500,47.39,,5.83
0.08510,47.56,,5.84
0.08520,47.75,,5.75
0.08530,47.90,,5.67
0.08540,48.01,,5.84
0.08550,48.08,,5.75
0.08560,48.12,,5.71
0.08570,48.11,,5.55
0.08580,48.06,,5.67
0.08590,48.01,,5.59
0.08600,47.89,,5.59
0.08610,47.74,,5.59
0.08620,47.61,,5.44
0.08630,47.47,,5.44
0.08640,47.28,,5.44
0.08650,47.02,,5.44
0.08660,46.79,,5.29
0.08670,46.55,,5.37
0.08680,46.27,,5.37
0.08690,45.98,,5.29
0.08700,45.66,,5.09
0.08710,45.32,,5.22
0.08720,44.98,,5.23
0.08730,44.61,,5.03
0.08740,44.24,,5.09
0.08750,43.89,,5.16
0.08760,43.53,,4.96
0.08770,43.19,,4.97
0.08780,42.91,,4.90
0.08790,42.68,,4.97
0.08800,42.51,,4.84
0.08810,42.41,,4.79
0.08820,42.45,,4.73
0.08830,42.63,,4.73
0.08840,42.97,,4.73
0.08850,43.50,,4.62
0.08860,44.19,,4.52
0.08870,44.73,,4.62
0.08880,45.17,,4.47
0.08890,45.62,,4.46
0.08900,46.01,,4.28
0.08910,46.34,,4.41
0.08920,46.62,,4.33
0.08930,46.94,,4.24
0.08940,47.35,,4.22
0.08950,47.74,,4.15
0.08960,48.09,,4.14
0.08970,48.42,,4.06
0.08980,48.64,,4.01
0.08990,48.75,,4.15
0.09000,48.68,,4.01
0.09010,48.36,,3.98
0.09020,47.83,,3.97
0.09030,47.02,,3.83
0.09040,45.96,,3.98
0.09050,44.80,,3.93
0.09060,43.54,,3.80
0.09070,42.33,,3.89
0.09080,41.24,,3.80
0.09090,40.29,,3.78
0.09100,39.59,,3.80
0.09110,39.18,,3.68
0.09120,39.24,,3.69
0.09130,39.70,,3.59
0.09140,40.62,,3.64
0.09150,41.98,,3.53
0.09160,43.60,,3.51
0.09170,45.30,,3.50
0.09180,47.05,,3.42
0.09190,48.79,,3.38
0.09200,50.37,,3.42
0.09210,51.73,,3.25
0.09220,52.85,,3.31
0.09230,53.79,,3.25
0.09240,54.55,,3.22
0.09250,55.16,,3.08
0.09260,55.70,,3.12
0.09270,56.19,,3.03
0.09280,56.56,,2.96
0.09290,56.90,,3.03
0.09300,57.18,,2.74
0.09310,57.47,,2.78
0.09320,57.83,,2.89
0.09330,58.32,,2.55
0.09340,58.74,,2.58
0.09350,59.02,,2.58
0.09360,59.25,,2.39
0.09370,59.52,,2.37
0.09380,59.85,,2.28
0.09390,60.09,,2.19
0.09400,60.14,,2.10
0.09410,60.03,,2.00
0.09420,59.83,,1.93
0.09430,59.59,,1.81
0.09440,59.37,,1.71
0.09450,59.14,,1.60
0.09460,58.58,,1.48
0.09470,57.78,,1.38
0.09480,57.24,,1.28
0.09490,56.18,,1.17
0.09500,55.07,,1.05
0.09510,54.80,,0.93
0.09520,55.27,,0.78
0.09530,55.03,,0.63
0.09540,54.50,,0.41
0.09550,51.92,,0.01
0.09560,49.80,,0.23
0.09570,51.53,,0.43
0.09580,55.60,,0.68
0.09590,59.35,,0.90
0.09600,60.90,,1.06
0.09610,60.39,,1.22
0.09620,58.80,,1.35
0.09630,56.39,,1.47
0.09640,53.64,,1.58
0.09650,51.26,,1.68
0.09660,49.59,,1.77
0.09670,48.52,,1.87
0.09680,48.06,,1.93
0.09690,48.08,,2.00
0.09700,48.44,,2.06
0.09710,49.12,,2.13
0.09720,50.02,,2.19
0.09730,50.99,,2.22
0.09740,51.85,,2.31
0.09750,52.53,,2.35
0.09760,52.95,,2.41
0.09770,53.08,,2.47
0.09780,52.98,,2.47
0.09790,52.76,,2.56
0.09800,52.46,,2.58
0.09810,52.15,,2.65
0.09820,51.79,,2.65
0.09830,51.40,,2.68
0.09840,51.22,,2.72
0.09850,52.16,,2.76
0.09860,52.02,,2.79
0.09870,52.10,,2.78
0.09880,52.37,,2.85
0.09890,52.76,,2.86
0.09900,53.24,,2.92
0.09910,53.83,,2.90
0.09920,54.40,,2.96
0.09930,56.63,,2.98
0.09940,57.94,,2.99
0.09950,58.14,,3.05
0.09960,58.22,,3.03
0.09970,58.19,,3.10
0.09980,58.06,,3.08
0.09990,57.81,,3.12
0.10000,57.31,,3.13
0.10010,56.47,,3.19
0.10020,55.45,,3.15
0.10030,54.45,,3.19
0.10040,53.61,,3.25
0.10050,53.04,,3.25
0.10060,52.78,,3.22
0.10070,52.78,,3.28
0.10080,53.09,,3.30
0.10090,53.68,,3.28
0.10100,54.48,,3.38
0.10110,55.37,,3.25
0.10120,56.23,,3.38
0.10130,56.94,,3.38
0.10140,57.44,,3.45
0.10150,57.78,,3.41
0.10160,57.84,,3.45
0.10170,57.59,,3.50
0.10180,57.10,,3.48
0.10190,56.46,,3.50
0.10200,55.84,,3.64
0.10210,55.32,,3.56
0.10220,54.94,,3.58
0.10230,54.70,,3.66
0.10240,54.56,,3.69
0.10250,54.52,,3.71
0.10260,54.60,,3.63
0.10270,54.78,,3.78
0.10280,55.14,,3.80
0.10290,55.76,,3.71
0.10300,56.63,,3.80
0.10310,57.63,,3.82
0.10320,58.64,,3.87
0.10330,59.65,,3.83
0.10340,60.49,,3.89
0.10350,61.20,,3.91
0.10360,61.88,,3.93
0.10370,62.58,,3.94
0.10380,63.38,,3.93
0.10390,64.24,,4.02
0.10400,64.96,,4.05
0.10410,65.55,,3.94
0.10420,66.00,,4.01
0.10430,66.33,,4.15
0.10440,66.55,,4.15
0.10450,66.66,,4.14
0.10460,66.65,,4.02
0.10470,66.56,,4.22
0.10480,66.44,,4.28
0.10490,66.24,,4.22
0.10500,65.94,,4.19
0.10510,65.51,,4.27
0.10520,64.98,,4.28
0.10530,64.47,,4.33
0.10540,64.22,,4.41
0.10550,64.17,,4.33
0.10560,64.28,,4.41
0.10570,64.46,,4.52
0.10580,64.69,,4.41
0.10590,64.94,,4.47
0.10600,65.22,,4.51
0.10610,65.55,,4.52
0.10620,65.94,,4.62
0.10630,66.49,,4.63
0.10640,67.23,,4.57
0.10650,68.18,,4.62
0.10660,69.20,,4.73
0.10670,70.11,,4.73
0.10680,70.84,,4.68
0.10690,71.40,,4.78
0.10700,71.73,,4.79
0.10710,71.77,,4.84
0.10720,71.49,,4.85
0.10730,70.86,,4.78
0.10740,69.95,,4.85
0.10750,68.82,,4.91
0.10760,67.50,,4.96
0.10770,66.01,,4.85
0.10780,64.45,,5.09
0.10790,62.91,,5.09
0.10800,61.38,,5.03
0.10810,59.89,,4.97
0.10820,58.46,,5.09
0.10830,57.11,,5.09
0.10840,55.82,,5.09
0.10850,54.66,,5.09
0.10860,53.70,,5.16
0.10870,52.99,,5.16
0.10880,52.51,,5.16
0.10890,52.28,,5.16
0.10900,52.25,,5.29
0.10910,52.40,,5.37
0.10920,52.77,,5.23
0.10930,53.35,,5.09
0.10940,53.99,,5.16
0.10950,54.56,,5.37
0.10960,55.05,,5.52
0.10970,55.52,,5.37
0.10980,56.00,,5.22
0.10990,56.40,,5.29
0.11000,56.69,,5.44
0.11010,56.89,,5.44
0.11020,56.98,,5.44
0.11030,56.92,,5.51
0.11040,56.73,,5.51
0.11050,56.34,,5.40
0.11060,55.72,,5.47
0.11070,54.91,,5.44
0.11080,54.00,,5.59
0.11090,53.01,,5.67
0.11100,51.98,,5.59
0.11110,50.95,,5.44
0.11120,49.97,,5.59
0.11130,49.08,,5.75
0.11140,48.32,,5.67
0.11150,47.74,,5.67
0.11160,47.33,,5.52
0.11170,47.05,,5.67
0.11180,46.86,,5.84
0.11190,46.76,,5.83
0.11200,46.78,,5.59
0.11210,46.88,,5.59
0.11220,47.03,,5.75
0.11230,47.26,,5.92
0.11240,47.58,,5.92
0.11250,47.95,,5.67
0.11260,48.34,,5.71
0.11270,48.72,,5.88
0.11280,49.13,,5.87
0.11290,49.54,,5.84
0.11300,49.90,,5.79
0.11310,50.21,,5.93
0.11320,50.46,,5.92
0.11330,50.60,,5.93
0.11340,50.68,,5.96
0.11350,50.70,,5.87
0.11360,50.65,,5.88
0.11370,50.55,,6.01
0.11380,50.47,,6.06
0.11390,50.36,,6.10
0.11400,50.12,,5.97
0.11410,49.75,,5.96
0.11420,49.33,,6.02
0.11430,48.96,,6.01
0.11440,48.61,,6.01
0.11450,48.23,,6.11
0.11460,47.82,,6.05
0.11470,47.40,,6.06
0.11480,47.02,,6.01
0.11490,46.69,,6.02
0.11500,46.36,,6.10
0.11510,46.00,,6.11
0.11520,45.60,,6.10
0.11530,45.21,,6.11
0.11540,44.87,,6.01
0.11550,44.55,,6.01
0.11560,44.23,,6.02
0.11570,43.93,,6.10
0.11580,43.70,,6.11
0.11590,43.52,,6.01
0.11600,43.38,,6.02
0.11610,43.23,,6.10
0.11620,43.05,,6.11
0.11630,42.94,,6.10
0.11640,42.87,,6.01
0.11650,42.82,,6.02
0.11660,42.80,,5.92
0.11670,42.80,,6.02
0.11680,42.82,,6.14
0.11690,42.89,,6.25
0.11700,43.02,,5.92
0.11710,43.15,,5.59
0.11720,43.22,,5.83
0.11730,43.21,,6.11
0.11740,43.20,,6.14
0.11750,43.22,,5.96
0.11760,43.29,,5.75
0.11770,43.42,,5.83
0.11780,43.66,,5.75
0.11790,43.99,,5.75
0.11800,44.42,,5.67
0.11810,44.97,,5.83
0.11820,45.70,,5.75
0.11830,46.57,,5.67
0.11840,47.54,,5.59
0.11850,48.60,,5.59
0.11860,49.78,,5.59
0.11870,51.04,,5.44
0.11880,52.35,,5.44
0.11890,53.66,,5.44
0.11900,54.89,,5.44
0.11910,56.06,,5.22
0.11920,57.16,,5.29
0.11930,58.15,,5.29
0.11940,59.05,,5.09
0.11950,59.84,,5.09
0.11960,60.51,,5.09
0.11970,61.11,,5.09
0.11980,61.62,,4.96
0.11990,61.99,,4.85
0.12000,62.26,,4.90
0.12010,62.43,,4.79
0.12020,62.46,,4.73
0.12030,62.38,,4.68
0.12040,62.21,,4.52
0.12050,61.96,,4.51
0.12060,61.71,,4.47
0.12070,61.48,,4.41
0.12080,61.27,,4.28
0.12090,61.09,,4.22
0.12100,60.92,,4.19
0.12110,60.75,,4.01
0.12120,60.55,,4.02
0.12130,60.42,,3.93
0.12140,60.38,,3.80
0.12150,60.29,,3.73
0.12160,60.15,,3.64
0.12170,60.00,,3.56
0.12180,59.96,,3.45
0.12190,60.14,,3.35
0.12200,60.47,,3.31
0.12210,60.98,,3.17
0.12220,61.61,,3.03
0.12230,62.14,,2.89
0.12240,62.44,,2.87
0.12250,62.50,,2.74
0.12260,62.35,,2.60
0.12270,62.28,,2.44
0.12280,62.58,,2.44
0.12290,63.24,,2.22
0.12300,64.10,,2.08
0.12310,65.09,,2.02
0.12320,66.81,,1.78
0.12330,69.13,,1.65
0.12340,71.18,,1.52
0.12350,71.48,,1.39
0.12360,68.91,,1.26
0.12370,63.08,,1.12
0.12380,55.84,,1.01
0.12390,51.27,,0.89
0.12400,53.39,,0.73
0.12410,60.83,,0.57
0.12420,61.42,,0.36
0.12430,55.95,,0.01
0.12440,58.14,,0.31
0.12450,59.35,,0.46
0.12460,59.60,,0.56
0.12470,59.08,,0.61
0.12480,59.32,,0.67
0.12490,59.84,,0.73
0.12500,60.87,,0.74
0.12510,60.16,,0.75
0.12520,57.70,,0.74
0.12530,53.42,,0.66
0.12540,48.75,,0.55
0.12550,51.04,,0.32
0.12560,59.19,,0.07
0.12570,60.54,,0.54
0.12580,61.19,,0.77
0.12590,60.50,,0.95
0.12600,60.28,,1.09
0.12610,61.63,,1.22
0.12620,63.36,,1.36
0.12630,64.15,,1.46
0.12640,63.99,,1.54
0.12650,63.28,,1.63
0.12660,62.34,,1.72
0.12670,61.38,,1.79
0.12680,60.62,,1.84
0.12690,60.22,,1.93
0.12700,60.35,,2.00
0.12710,60.82,,2.02
0.12720,61.27,,2.12
0.12730,61.20,,2.12
0.12740,60.58,,2.21
0.12750,53.79,,2.24
0.12760,47.45,,2.31
0.12770,45.70,,2.35
0.12780,44.12,,2.38
0.12790,42.90,,2.42
0.12800,41.98,,2.45
0.12810,41.37,,2.51
0.12820,41.08,,2.51
0.12830,41.17,,2.56
0.12840,41.58,,2.61
0.12850,42.14,,2.61
0.12860,42.64,,2.66
0.12870,42.84,,2.72
0.12880,42.68,,2.74
0.12890,42.23,,2.78
0.12900,41.66,,2.85
0.12910,41.23,,2.82
0.12920,40.99,,2.89
0.12930,40.86,,2.92
0.12940,40.78,,2.92
0.12950,40.76,,2.98
0.12960,40.90,,3.01
0.12970,41.29,,3.05
0.12980,41.90,,3.05
0.12990,42.61,,3.14
0.13000,43.25,,3.15
0.13010,43.79,,3.17
0.13020,44.25,,3.25
0.13030,44.65,,3.27
0.13040,44.99,,3.30
0.13050,45.25,,3.37
0.13060,45.42,,3.38
0.13070,45.45,,3.42
0.13080,45.33,,3.47
0.13090,45.19,,3.45
0.13100,45.08,,3.56
0.13110,45.08,,3.64
0.13120,45.25,,3.53
0.13130,45.64,,3.64
0.13140,46.19,,3.73
0.13150,46.92,,3.66
0.13160,47.85,,3.71
0.13170,48.89,,3.80
0.13180,50.01,,3.82
0.13190,51.17,,3.83
0.13200,52.26,,3.86
0.13210,53.21,,3.87
0.13220,53.94,,3.93
0.13230,54.33,,3.94
0.13240,54.35,,4.02
0.13250,54.12,,4.01
0.13260,53.60,,4.02
0.13270,52.90,,4.14
0.13280,52.18,,4.15
0.13290,51.42,,4.09
0.13300,50.63,,4.19
0.13310,49.78,,4.22
0.13320,48.91,,4.28
0.13330,48.09,,4.22
0.13340,47.32,,4.24
0.13350,46.68,,4.33
0.13360,46.36,,4.46
0.13370,46.41,,4.33
0.13380,46.69,,4.32
0.13390,46.91,,4.42
0.13400,47.12,,4.46
0.13410,47.29,,4.42
0.13420,47.18,,4.46
0.13430,46.79,,4.47
0.13440,46.29,,4.56
0.13450,45.65,,4.57
0.13460,44.90,,4.47
0.13470,44.15,,4.62
0.13480,43.26,,4.63
0.13490,42.28,,4.67
0.13500,41.33,,4.63
0.13510,40.49,,4.73
0.13520,39.80,,4.73
0.13530,39.31,,4.67
0.13540,38.98,,4.68
0.13550,38.83,,4.79
0.13560,38.86,,4.84
0.13570,39.01,,4.68
0.13580,39.39,,4.73
0.13590,40.03,,4.85
0.13600,40.94,,4.73
0.13610,42.08,,4.68
0.13620,43.23,,4.96
0.13630,44.34,,4.91
0.13640,45.49,,4.67
0.13650,46.55,,4.73
0.13660,47.44,,4.97
0.13670,48.15,,4.96
0.13680,48.74,,4.91
0.13690,49.21,,4.84
0.13700,49.58,,4.97
0.13710,49.82,,4.96
0.13720,49.98,,4.97
0.13730,50.18,,4.90
0.13740,50.34,,4.97
0.13750,50.47,,5.03
0.13760,50.61,,5.09
0.13770,50.84,,5.09
0.13780,51.23,,5.16
0.13790,51.72,,5.09
0.13800,52.15,,4.96
0.13810,52.57,,5.16
0.13820,52.97,,5.37
0.13830,53.41,,5.29
0.13840,53.92,,5.03
0.13850,54.61,,5.23
0.13860,55.46,,5.29
0.13870,56.40,,5.22
0.13880,57.36,,5.29
0.13890,58.32,,5.29
0.13900,59.25,,5.37
0.13910,60.12,,5.37
0.13920,60.88,,5.29
0.13930,61.51,,5.37
0.13940,61.97,,5.44
0.13950,62.22,,5.44
0.13960,62.26,,5.52
0.13970,62.16,,5.44
0.13980,61.89,,5.44
0.13990,61.45,,5.51
0.14000,60.85,,5.52
0.14010,60.04,,5.59
0.14020,58.99,,5.55
0.14030,57.83,,5.55
0.14040,56.56,,5.59
0.14050,55.20,,5.51
0.14060,53.84,,5.59
0.14070,52.61,,5.75
0.14080,51.50,,5.59
0.14090,50.51,,5.67
0.14100,49.58,,5.67
0.14110,48.73,,5.84
0.14120,48.00,,5.67
0.14130,47.29,,5.63
0.14140,46.50,,5.63
0.14150,45.68,,5.75
0.14160,44.87,,5.84
0.14170,44.03,,5.75
0.14180,43.18,,5.75
0.14190,42.38,,5.75
0.14200,41.70,,5.84
0.14210,41.16,,5.75
0.14220,40.72,,5.75
0.14230,40.37,,5.83
0.14240,40.02,,5.93
0.14250,39.65,,6.01
0.14260,39.36,,5.83
0.14270,39.29,,5.75
0.14280,39.21,,5.83
0.14290,39.03,,5.97
0.14300,38.81,,5.96
0.14310,38.73,,5.84
0.14320,38.71,,5.92
0.14330,38.53,,6.02
0.14340,38.25,,5.92
0.14350,38.01,,5.92
0.14360,37.87,,5.93
0.14370,37.64,,6.01
0.14380,37.33,,6.06
0.14390,36.98,,6.05
0.14400,36.60,,6.02
0.14410,36.18,,6.01
0.14420,35.66,,5.93
0.14430,35.05,,5.92
0.14440,34.39,,6.11
0.14450,33.77,,6.29
0.14460,33.25,,6.10
0.14470,32.83,,5.84
0.14480,32.45,,6.19
0.14490,32.10,,6.20
0.14500,31.87,,6.10
0.14510,31.72,,5.93
0.14520,31.50,,6.19
0.14530,31.36,,6.62
0.14540,31.32,,6.19
0.14550,31.26,,5.83
0.14560,31.06,,5.84
0.14570,30.86,,6.54
0.14580,30.86,,6.56
0.14590,30.93,,5.87
0.14600,30.93,,5.97
0.14610,31.10,,6.60
0.14620,31.66,,6.73
0.14630,32.54,,6.01
0.14640,33.51,,5.59
0.14650,34.36,,6.19
0.14660,35.24,,6.65
0.14670,36.17,,6.67
0.14680,37.08,,6.39
0.14690,37.91,,6.11
0.14700,38.66,,6.10
0.14710,39.30,,6.02
0.14720,39.75,,6.29
0.14730,40.05,,6.51
0.14740,40.29,,6.49
0.14750,40.46,,6.39
0.14760,40.55,,6.40
0.14770,40.52,,6.54
0.14780,40.46,,6.30
0.14790,40.27,,5.87
0.14800,39.78,,6.11
0.14810,39.02,,6.60
0.14820,38.21,,6.97
0.14830,37.56,,6.76
0.14840,37.08,,6.35
0.14850,36.65,,6.01
0.14860,36.22,,6.29
0.14870,35.85,,6.56
0.14880,35.62,,6.65
0.14890,35.52,,6.40
0.14900,35.46,,6.39
0.14910,35.52,,6.35
0.14920,35.65,,6.65
0.14930,35.76,,6.56
0.14940,35.78,,6.34
0.14950,35.73,,6.19
0.14960,35.81,,6.35
0.14970,36.14,,6.94
0.14980,36.75,,6.91
0.14990,37.55,,6.39
0.15000,38.47,,6.11
0.15010,39.27,,6.39
0.15020,39.94,,6.67
0.15030,40.59,,6.65
0.15040,41.22,,6.73
0.15050,41.77,,6.39
0.15060,42.27,,6.49
0.15070,42.66,,6.30
0.15080,42.90,,6.49
0.15090,43.16,,7.15
0.15100,43.59,,6.88
0.15110,44.07,,6.20
0.15120,44.36,,6.29
0.15130,44.43,,6.62
0.15140,44.47,,6.94
0.15150,44.56,,6.71
0.15160,44.52,,6.30
0.15170,44.34,,6.60
0.15180,44.21,,6.85
0.15190,44.17,,6.65
0.15200,43.94,,6.46
0.15210,43.70,,6.65
0.15220,43.64,,6.97
0.15230,43.81,,6.88
0.15240,43.95,,6.62
0.15250,43.96,,6.29
0.15260,43.94,,6.49
0.15270,44.16,,6.97
0.15280,44.45,,6.82
0.15290,44.65,,6.85
0.15300,44.86,,6.65
0.15310,45.16,,6.56
0.15320,45.55,,6.71
0.15330,46.02,,6.67
0.15340,46.47,,6.76
0.15350,46.85,,6.88
0.15360,47.29,,6.79
0.15370,47.78,,6.49
0.15380,48.33,,6.62
0.15390,48.83,,6.76
0.15400,49.33,,7.03
0.15410,50.01,,6.94
0.15420,50.92,,6.73
0.15430,51.83,,6.71
0.15440,52.69,,6.67
0.15450,53.46,,6.65
0.15460,54.02,,6.60
0.15470,54.30,,7.09
0.15480,54.37,,7.12
0.15490,54.43,,6.91
0.15500,54.43,,6.71
0.15510,54.20,,6.62
0.15520,53.90,,6.94
0.15530,53.65,,7.09
0.15540,53.47,,6.65
0.15550,53.34,,6.39
0.15560,53.08,,6.91
0.15570,52.72,,7.19
0.15580,52.39,,7.22
0.15590,52.22,,7.06
0.15600,52.15,,6.40
0.15610,51.98,,6.60
0.15620,51.68,,7.15
0.15630,51.37,,7.06
0.15640,51.15,,6.97
0.15650,51.02,,6.65
0.15660,50.97,,6.71
0.15670,51.10,,7.09
0.15680,51.35,,7.06
0.15690,51.56,,6.73
0.15700,51.64,,6.71
0.15710,51.66,,6.73
0.15720,51.79,,7.19
0.15730,52.05,,6.97
0.15740,52.27,,6.71
0.15750,52.41,,6.82
0.15760,52.63,,6.85
0.15770,53.05,,6.88
0.15780,53.48,,6.91
0.15790,53.80,,6.94
0.15800,54.12,,6.97
0.15810,54.59,,6.94
0.15820,55.08,,6.62
0.15830,55.46,,6.49
0.15840,55.59,,7.09
0.15850,55.70,,7.38
0.15860,55.88,,7.00
0.15870,56.07,,6.51
0.15880,56.16,,6.60
0.15890,56.19,,7.03
0.15900,56.23,,7.12
0.15910,56.19,,7.09
0.15920,56.12,,6.71
0.15930,55.91,,6.62
0.15940,55.53,,6.82
0.15950,54.95,,6.82
0.15960,54.26,,6.97
0.15970,53.55,,7.06
0.15980,52.89,,7.22
0.15990,52.27,,6.82
0.16000,51.69,,6.73
0.16010,51.02,,6.71
0.16020,50.34,,7.09
0.16030,49.65,,6.94
0.16040,48.93,,6.67
0.16050,48.20,,6.76
0.16060,47.33,,7.06
0.16070,46.47,,7.29
0.16080,45.60,,7.06
0.16090,44.71,,6.97
0.16100,43.87,,6.65
0.16110,43.29,,6.85
0.16120,42.99,,7.00
0.16130,42.95,,6.91
0.16140,43.06,,6.71
0.16150,43.26,,6.85
0.16160,43.42,,6.94
0.16170,43.64,,7.32
0.16180,43.95,,7.22
0.16190,44.38,,6.76
0.16200,44.78,,6.56
0.16210,45.17,,6.88
0.16220,45.60,,7.03
0.16230,46.08,,6.88
0.16240,46.51,,6.85
0.16250,46.82,,7.00
0.16260,47.08,,7.19
0.16270,47.29,,7.03
0.16280,47.39,,6.76
0.16290,47.31,,6.73
0.16300,47.11,,6.94
0.16310,46.91,,7.03
0.16320,46.68,,6.82
0.16330,46.35,,6.85
0.16340,45.99,,7.06
0.16350,45.71,,7.29
0.16360,45.54,,7.19
0.16370,45.47,,6.94
0.16380,45.39,,6.67
0.16390,45.36,,6.76
0.16400,45.35,,6.79
0.16410,45.28,,7.00
0.16420,45.09,,7.09
0.16430,44.79,,7.19
0.16440,44.41,,7.09
0.16450,43.96,,7.06
0.16460,43.46,,6.76
0.16470,42.84,,6.79
0.16480,42.00,,6.94
0.16490,41.00,,7.03
0.16500,40.10,,6.88
0.16510,39.32,,6.97
0.16520,38.59,,7.06
0.16530,37.76,,7.09
0.16540,36.99,,6.94
0.16550,36.50,,6.85
0.16560,36.21,,7.06
0.16570,36.09,,7.06
0.16580,36.02,,6.91
0.16590,35.92,,6.76
0.16600,35.88,,6.97
0.16610,36.03,,7.06
0.16620,36.56,,7.09
0.16630,37.19,,7.00
0.16640,37.83,,6.79
0.16650,38.39,,7.00
0.16660,38.93,,7.00
0.16670,39.55,,6.85
0.16680,40.26,,6.76
0.16690,41.06,,6.79
0.16700,41.88,,7.06
0.16710,42.66,,7.35
0.16720,43.45,,7.12
0.16730,44.36,,6.46
0.16740,45.34,,6.54
0.16750,46.27,,7.22
0.16760,47.25,,7.74
0.16770,48.45,,7.25
0.16780,49.89,,6.30
0.16790,51.20,,6.39
0.16800,52.20,,7.29
0.16810,53.15,,7.81
0.16820,54.17,,7.42
0.16830,55.24,,6.54
0.16840,56.07,,6.30
0.16850,56.49,,6.94
0.16860,56.81,,7.97
0.16870,57.01,,7.71
0.16880,57.24,,6.71
0.16890,57.36,,6.16
0.16900,57.16,,6.65
0.16910,56.64,,7.29
0.16920,56.06,,7.45
0.16930,55.42,,7.35
0.16940,54.66,,7.38
0.16950,53.88,,7.22
0.16960,53.31,,6.76
0.16970,52.75,,6.71
0.16980,52.13,,6.73
0.16990,51.40,,7.25
0.17000,50.69,,7.42
0.17010,49.98,,7.52
0.17020,49.42,,7.35
0.17030,48.82,,7.06
0.17040,48.47,,6.97
0.17050,48.34,,6.94
0.17060,48.36,,7.00
0.17070,48.36,,7.03
0.17080,48.46,,6.94
0.17090,49.38,,7.49
0.17100,51.89,,7.25
0.17110,52.37,,6.91
0.17120,52.93,,7.12
0.17130,53.38,,7.42
0.17140,53.84,,7.38
0.17150,54.47,,7.15
0.17160,55.21,,6.82
0.17170,55.94,,6.60
0.17180,56.53,,7.35
0.17190,57.14,,7.59
0.17200,57.86,,7.56
0.17210,58.63,,7.32
0.17220,59.34,,7.22
0.17230,60.12,,7.00
0.17240,60.91,,7.22
0.17250,61.64,,7.06
0.17260,62.18,,6.94
0.17270,62.55,,7.22
0.17280,62.86,,7.59
0.17290,63.17,,7.56
0.17300,63.40,,7.45
0.17310,63.49,,7.15
0.17320,63.35,,6.94
0.17330,62.96,,6.97
0.17340,62.49,,7.52
0.17350,61.96,,7.56
0.17360,61.32,,7.38
0.17370,60.59,,7.38
0.17380,59.76,,7.22
0.17390,58.89,,7.25
0.17400,57.97,,7.56
0.17410,57.13,,7.59
0.17420,56.35,,7.49
0.17430,55.59,,7.19
0.17440,54.74,,7.09
0.17450,53.90,,7.45
0.17460,53.13,,7.59
0.17470,52.42,,7.64
0.17480,51.73,,7.45
0.17490,51.04,,7.29
0.17500,50.36,,7.38
0.17510,49.81,,7.56
0.17520,49.39,,7.52
0.17530,49.08,,7.29
0.17540,48.81,,7.38
0.17550,48.68,,7.64
0.17560,48.65,,7.45
0.17570,48.72,,7.45
0.17580,48.89,,7.49
0.17590,49.13,,7.59
0.17600,49.46,,7.71
0.17610,49.88,,7.59
0.17620,50.36,,7.42
0.17630,50.83,,7.19
0.17640,51.26,,7.56
0.17650,51.70,,7.81
0.17660,52.20,,7.74
0.17670,52.77,,7.49
0.17680,53.31,,7.32
0.17690,53.77,,7.49
0.17700,54.16,,7.74
0.17710,54.55,,7.79
0.17720,54.95,,7.52
0.17730,55.25,,7.49
0.17740,55.45,,7.59
0.17750,55.54,,7.64
0.17760,55.62,,7.66
0.17770,55.66,,7.59
0.17780,55.62,,7.71
0.17790,55.44,,7.66
0.17800,55.08,,7.64
0.17810,54.51,,7.59
0.17820,53.88,,7.56
0.17830,53.24,,7.66
0.17840,52.58,,7.79
0.17850,51.86,,7.81
0.17860,51.12,,7.59
0.17870,50.27,,7.56
0.17880,49.44,,7.74
0.17890,48.69,,7.79
0.17900,48.02,,7.81
0.17910,47.33,,7.64
0.17920,46.59,,7.66
0.17930,45.86,,7.79
0.17940,45.20,,7.81
0.17950,44.57,,7.86
0.17960,44.00,,7.81
0.17970,43.48,,7.74
0.17980,43.06,,7.86
0.17990,42.79,,7.59
0.18000,42.52,,7.56
0.18010,42.22,,8.05
0.18020,42.00,,8.19
0.18030,41.87,,7.81
0.18040,41.88,,7.49
0.18050,41.92,,7.38
0.18060,41.80,,7.74
0.18070,41.64,,8.45
0.18080,41.55,,8.38
0.18090,41.58,,8.10
0.18100,41.65,,7.45
0.18110,41.76,,7.49
0.18120,41.93,,7.89
0.18130,42.15,,8.10
0.18140,42.43,,8.21
0.18150,42.76,,7.94
0.18160,43.09,,7.52
0.18170,43.29,,7.81
0.18180,43.45,,8.27
0.18190,43.66,,8.38
0.18200,43.88,,8.10
0.18210,44.08,,7.74
0.18220,44.21,,7.64
0.18230,44.25,,7.89
0.18240,44.30,,8.27
0.18250,44.31,,8.21
0.18260,44.28,,8.05
0.18270,44.20,,7.79
0.18280,44.07,,7.89
0.18290,44.07,,8.45
0.18300,44.22,,8.38
0.18310,44.53,,7.71
0.18320,44.77,,7.52
0.18330,44.78,,8.27
0.18340,44.83,,8.56
0.18350,44.93,,8.45
0.18360,44.98,,7.89
0.18370,45.11,,7.74
0.18380,45.27,,7.86
0.18390,45.51,,7.97
0.18400,45.80,,8.10
0.18410,46.05,,8.21
0.18420,46.22,,8.10
0.18430,46.37,,8.13
0.18440,46.61,,8.27
0.18450,46.96,,8.38
0.18460,47.41,,8.21
0.18470,47.88,,8.02
0.18480,48.42,,7.89
0.18490,49.00,,7.94
0.18500,49.58,,7.97
0.18510,50.12,,8.19
0.18520,50.61,,8.38
0.18530,51.08,,8.19
0.18540,51.58,,8.05
0.18550,52.11,,8.10
0.18560,52.68,,8.13
0.18570,53.30,,8.30
0.18580,53.91,,8.19
0.18590,54.48,,8.05
0.18600,54.99,,8.02
0.18610,55.45,,8.21
0.18620,55.87,,8.19
0.18630,56.30,,8.21
0.18640,56.69,,8.10
0.18650,57.03,,8.05
0.18660,57.32,,8.13
0.18670,57.57,,8.27
0.18680,57.78,,8.30
0.18690,57.93,,8.19
0.18700,58.02,,8.13
0.18710,58.04,,8.10
0.18720,57.98,,8.05
0.18730,57.89,,8.27
0.18740,57.76,,8.38
0.18750,57.62,,8.27
0.18760,57.42,,8.13
0.18770,57.11,,8.05
0.18780,56.73,,8.10
0.18790,56.27,,8.13
0.18800,55.80,,8.45
0.18810,55.32,,8.30
0.18820,54.83,,8.19
0.18830,54.32,,8.13
0.18840,53.79,,8.19
0.18850,53.28,,8.21
0.18860,52.79,,8.27
0.18870,52.31,,8.21
0.18880,51.82,,8.21
0.18890,51.29,,8.10
0.18900,50.75,,8.21
0.18910,50.25,,8.27
0.18920,49.83,,8.38
0.18930,49.49,,8.27
0.18940,49.21,,8.05
0.18950,48.92,,8.10
0.18960,48.65,,8.13
0.18970,48.41,,8.30
0.18980,48.21,,8.27
0.18990,48.10,,8.21
0.19000,48.08,,8.10
0.19010,48.13,,8.13
0.19020,48.22,,8.19
0.19030,48.36,,8.21
0.19040,48.55,,8.27
0.19050,48.80,,8.21
0.19060,49.06,,8.10
0.19070,49.33,,8.05
0.19080,49.56,,8.05
0.19090,49.80,,8.27
0.19100,50.09,,8.38
0.19110,50.41,,8.19
0.19120,50.73,,8.13
0.19130,50.94,,8.02
0.19140,51.09,,8.13
0.19150,51.23,,8.27
0.19160,51.37,,8.21
0.19170,51.49,,8.21
0.19180,51.57,,8.10
0.19190,51.59,,7.97
0.19200,51.56,,8.19
0.19210,51.48,,8.13
0.19220,51.38,,8.27
0.19230,51.24,,8.13
0.19240,51.04,,8.10
0.19250,50.79,,8.13
0.19260,50.47,,8.19
0.19270,50.08,,8.13
0.19280,49.65,,8.21
0.19290,49.21,,8.19
0.19300,48.77,,8.13
0.19310,48.26,,8.02
0.19320,47.71,,8.13
0.19330,47.17,,8.10
0.19340,46.66,,8.13
0.19350,46.17,,8.27
0.19360,45.69,,8.13
0.19370,45.23,,8.13
0.19380,44.76,,8.02
0.19390,44.32,,8.13
0.19400,43.94,,8.27
0.19410,43.62,,8.21
0.19420,43.38,,8.10
0.19430,43.14,,7.97
0.19440,42.86,,7.94
0.19450,42.57,,8.05
0.19460,42.33,,8.19
0.19470,42.16,,8.30
0.19480,42.02,,8.13
0.19490,41.91,,8.02
0.19500,41.82,,7.89
0.19510,41.77,,8.02
0.19520,41.76,,8.13
0.19530,41.79,,8.19
0.19540,41.83,,8.05
0.19550,41.87,,8.02
0.19560,41.94,,7.97
0.19570,42.08,,7.97
0.19580,42.31,,8.02
0.19590,42.59,,8.05
0.19600,42.89,,7.94
0.19610,43.18,,7.97
0.19620,43.46,,7.94
0.19630,43.73,,7.97
0.19640,43.99,,8.02
0.19650,44.28,,8.05
0.19660,44.59,,8.02
0.19670,44.91,,7.81
0.19680,45.21,,7.81
0.19690,45.44,,7.79
0.19700,45.63,,7.89
0.19710,45.84,,7.94
0.19720,46.02,,7.89
0.19730,46.17,,7.86
0.19740,46.24,,7.81
0.19750,46.26,,7.79
0.19760,46.28,,7.81
0.19770,46.34,,7.81
0.19780,46.40,,7.71
0.19790,46.47,,7.66
0.19800,46.50,,7.64
0.19810,46.55,,7.74
0.19820,46.63,,7.94
0.19830,46.75,,7.74
0.19840,46.90,,7.64
0.19850,47.05,,7.52
0.19860,47.19,,7.49
0.19870,47.34,,7.59
0.19880,47.44,,7.66
0.19890,47.51,,7.79
0.19900,47.60,,7.59
0.19910,47.72,,7.49
0.19920,47.83,,7.45
0.19930,47.89,,7.56
0.19940,47.93,,7.52
0.19950,47.97,,7.49
0.19960,47.99,,7.45
0.19970,48.01,,7.32
0.19980,48.02,,7.35
0.19990,48.02,,7.32
0.20000,47.97,,7.42
0.20010,47.88,,7.52
0.20020,47.78,,7.49
0.20030,47.70,,7.19
0.20040,47.68,,7.15
0.20050,47.64,,7.12
0.20060,47.61,,7.22
0.20070,47.52,,7.25
0.20080,47.36,,7.12
0.20090,47.17,,7.09
0.20100,47.01,,7.19
0.20110,46.87,,7.35
0.20120,46.68,,7.19
0.20130,46.45,,6.85
0.20140,46.24,,6.76
0.20150,46.17,,6.97
0.20160,46.27,,7.06
0.20170,46.43,,6.88
0.20180,46.54,,6.85
0.20190,46.55,,6.94
0.20200,46.58,,6.97
0.20210,46.70,,6.94
0.20220,46.91,,6.91
0.20230,47.07,,6.76
0.20240,47.26,,6.51
0.20250,47.50,,6.60
0.20260,47.79,,6.62
0.20270,48.10,,6.71
0.20280,48.46,,6.60
0.20290,48.83,,6.79
0.20300,49.20,,6.65
0.20310,49.62,,6.40
0.20320,50.18,,6.39
0.20330,50.81,,6.40
0.20340,51.44,,6.49
0.20350,52.13,,6.51
0.20360,52.80,,6.29
0.20370,53.39,,6.19
0.20380,53.91,,6.30
0.20390,54.41,,6.39
0.20400,54.86,,6.30
0.20410,55.24,,6.19
0.20420,55.60,,6.02
0.20430,56.10,,5.83
0.20440,56.69,,6.02
0.20450,57.12,,6.39
0.20460,57.42,,6.25
0.20470,57.73,,6.01
0.20480,58.12,,5.79
0.20490,58.53,,5.84
0.20500,58.85,,5.92
0.20510,59.20,,5.84
0.20520,59.55,,5.75
0.20530,59.82,,5.75
0.20540,59.95,,5.83
0.20550,60.03,,5.67
0.20560,60.18,,5.92
0.20570,60.35,,5.75
0.20580,60.43,,5.44
0.20590,60.43,,5.44
0.20600,60.39,,5.52
0.20610,60.36,,5.51
0.20620,60.20,,5.52
0.20630,59.92,,5.44
0.20640,59.73,,5.67
0.20650,59.77,,5.51
0.20660,59.92,,4.90
0.20670,60.01,,5.03
0.20680,60.00,,5.67
0.20690,59.94,,5.59
0.20700,59.89,,4.91
0.20710,59.69,,4.96
0.20720,59.39,,5.40
0.20730,59.05,,5.19
0.20740,58.68,,4.68
0.20750,58.27,,4.84
0.20760,57.98,,5.09
0.20770,57.74,,5.03
0.20780,57.31,,4.84
0.20790,56.82,,4.79
0.20800,56.30,,4.78
0.20810,55.79,,4.91
0.20820,55.22,,4.46
0.20830,54.39,,4.57
0.20840,53.44,,4.90
0.20850,52.32,,4.85
0.20860,51.18,,4.78
0.20870,49.95,,4.47
0.20880,48.58,,4.24
0.20890,46.97,,4.62
0.20900,45.37,,4.85
0.20910,43.76,,4.51
0.20920,42.15,,4.57
0.20930,40.76,,4.46
0.20940,39.39,,4.11
0.20950,37.98,,4.46
0.20960,36.92,,4.73
0.20970,36.15,,4.47
0.20980,35.56,,4.27
0.20990,35.32,,4.28
0.21000,35.40,,4.27
0.21010,35.66,,4.37
0.21020,36.23,,4.51
0.21030,36.93,,4.28
0.21040,37.58,,4.18
0.21050,38.37,,4.28
0.21060,39.25,,4.36
0.21070,40.20,,4.19
0.21080,41.17,,4.24
0.21090,42.01,,4.27
0.21100,42.76,,4.24
0.21110,43.44,,4.14
0.21120,44.11,,4.28
0.21130,44.56,,4.22
0.21140,44.74,,4.15
0.21150,44.78,,4.27
0.21160,44.73,,4.24
0.21170,44.67,,4.15
0.21180,44.50,,4.18
0.21190,44.28,,4.24
0.21200,43.99,,4.18
0.21210,43.58,,4.11
0.21220,43.24,,4.27
0.21230,42.95,,4.15
0.21240,42.65,,4.14
0.21250,42.42,,4.33
0.21260,42.37,,4.18
0.21270,42.39,,4.11
0.21280,42.54,,4.24
0.21290,43.04,,4.18
0.21300,43.89,,4.24
0.21310,44.94,,4.22
0.21320,46.12,,4.24
0.21330,47.26,,4.14
0.21340,48.28,,4.28
0.21350,49.16,,4.41
0.21360,49.86,,4.24
0.21370,50.29,,4.24
0.21380,50.47,,4.41
0.21390,50.48,,4.28
0.21400,50.37,,4.41
0.21410,50.10,,4.57
0.21420,49.71,,4.41
0.21430,49.22,,4.33
0.21440,48.74,,4.41
0.21450,48.28,,4.63
0.21460,47.80,,4.62
0.21470,47.35,,4.42
0.21480,47.06,,4.63
0.21490,46.90,,4.67
0.21500,46.87,,4.52
0.21510,46.85,,4.62
0.21520,46.81,,4.85
0.21530,46.69,,4.73
0.21540,46.54,,4.47
0.21550,46.43,,4.96
0.21560,46.30,,4.73
0.21570,46.16,,4.62
0.21580,45.97,,4.97
0.21590,45.78,,4.97
0.21600,45.59,,4.73
0.21610,45.33,,4.85
0.21620,44.96,,5.03
0.21630,44.47,,4.97
0.21640,43.81,,5.03
0.21650,43.02,,4.97
0.21660,42.24,,5.16
0.21670,41.66,,4.97
0.21680,41.47,,4.97
0.21690,41.53,,5.03
0.21700,41.62,,5.44
0.21710,41.96,,5.16
0.21720,42.65,,4.97
0.21730,43.50,,5.09
0.21740,44.37,,5.37
0.21750,45.17,,5.22
0.21760,45.59,,5.09
0.21770,45.57,,5.29
0.21780,45.36,,5.37
0.21790,44.84,,5.16
0.21800,44.03,,5.37
0.21810,43.18,,5.37
0.21820,42.54,,5.37
0.21830,42.09,,5.44
0.21840,41.84,,5.37
0.21850,41.72,,5.37
0.21860,41.65,,5.44
0.21870,41.58,,5.59
0.21880,41.48,,5.37
0.21890,41.38,,5.44
0.21900,41.32,,5.59
0.21910,41.25,,5.67
0.21920,41.18,,5.51
0.21930,41.13,,5.59
0.21940,41.20,,5.75
0.21950,41.37,,5.52
0.21960,41.43,,5.40
0.21970,41.19,,5.71
0.21980,40.85,,5.92
0.21990,40.56,,5.83
0.22000,40.16,,5.59
0.22010,39.64,,5.51
0.22020,39.09,,5.52
0.22030,38.48,,5.67
0.22040,37.99,,6.20
0.22050,37.77,,6.29
0.22060,38.01,,5.84
0.22070,38.55,,5.37
0.22080,39.28,,5.75
0.22090,40.21,,6.11
0.22100,41.24,,6.01
0.22110,42.26,,5.75
0.22120,43.20,,6.10
0.22130,44.09,,6.02
0.22140,44.93,,5.92
0.22150,45.57,,5.67
0.22160,45.99,,5.96
0.22170,46.29,,6.16
0.22180,46.55,,5.92
0.22190,46.71,,5.92
0.22200,46.75,,6.30
0.22210,46.73,,6.29
0.22220,46.73,,5.97
0.22230,46.70,,5.87
0.22240,46.67,,6.11
0.22250,46.74,,6.29
0.22260,46.97,,6.20
0.22270,47.39,,6.19
0.22280,47.87,,6.19
0.22290,48.38,,6.30
0.22300,48.92,,6.14
0.22310,49.46,,6.16
0.22320,50.04,,6.29
0.22330,50.71,,6.30
0.22340,51.45,,6.39
0.22350,52.23,,6.30
0.22360,53.04,,6.29
0.22370,53.91,,6.35
0.22380,54.83,,6.34
0.22390,55.79,,6.29
0.22400,56.79,,6.40
0.22410,57.86,,6.39
0.22420,59.00,,6.51
0.22430,60.18,,6.39
0.22440,61.37,,6.46
0.22450,62.60,,6.39
0.22460,63.91,,6.40
0.22470,65.25,,6.49
0.22480,66.53,,6.54
0.22490,67.70,,6.62
0.22500,68.83,,6.49
0.22510,69.96,,6.51
0.22520,71.03,,6.49
0.22530,71.99,,6.62
0.22540,72.86,,6.49
0.22550,73.66,,6.62
0.22560,74.42,,6.54
0.22570,75.15,,6.56
0.22580,75.81,,6.71
0.22590,76.43,,6.60
0.22600,76.98,,6.62
0.22610,77.50,,6.60
0.22620,78.01,,6.62
0.22630,78.55,,6.71
0.22640,79.15,,6.73
0.22650,79.78,,6.71
0.22660,80.49,,6.73
0.22670,81.31,,6.71
0.22680,82.25,,6.71
0.22690,83.25,,6.73
0.22700,84.27,,6.82
0.22710,85.32,,6.85
0.22720,86.48,,6.94
0.22730,87.75,,6.67
0.22740,89.06,,6.65
0.22750,90.13,,6.73
0.22760,90.81,,7.12
0.22770,91.20,,7.15
0.22780,91.38,,6.76
0.22790,91.21,,6.60
0.22800,90.64,,6.79
0.22810,89.73,,7.06
0.22820,88.51,,7.09
0.22830,86.96,,7.06
0.22840,85.06,,6.85
0.22850,82.88,,7.00
0.22860,80.56,,7.15
0.22870,78.17,,7.32
0.22880,75.67,,7.06
0.22890,73.04,,6.91
0.22900,70.39,,6.94
0.22910,67.83,,7.09
0.22920,65.59,,7.25
0.22930,63.71,,7.35
0.22940,61.93,,7.12
0.22950,60.26,,7.03
0.22960,58.78,,7.06
0.22970,57.53,,7.22
0.22980,56.47,,7.32
0.22990,55.56,,7.32
0.23000,54.79,,7.09
0.23010,54.12,,6.94
0.23020,53.61,,7.22
0.23030,53.25,,7.38
0.23040,52.95,,7.29
0.23050,52.71,,7.19
0.23060,52.53,,7.22
0.23070,52.45,,7.19
0.23080,52.40,,7.25
0.23090,52.33,,7.29
0.23100,52.18,,7.32
0.23110,52.00,,7.35
0.23120,51.82,,7.32
0.23130,51.65,,7.22
0.23140,51.46,,7.32
0.23150,51.23,,7.35
0.23160,50.95,,7.32
0.23170,50.60,,7.35
0.23180,50.19,,7.32
0.23190,49.73,,7.32
0.23200,49.24,,7.42
0.23210,48.75,,7.38
0.23220,48.28,,7.49
0.23230,47.80,,7.32
0.23240,47.28,,7.35
0.23250,46.74,,7.52
0.23260,46.22,,7.49
0.23270,45.71,,7.45
0.23280,45.22,,7.38
0.23290,44.80,,7.35
0.23300,44.43,,7.52
0.23310,44.14,,7.56
0.23320,43.96,,7.45
0.23330,43.92,,7.49
0.23340,43.98,,7.45
0.23350,44.11,,7.42
0.23360,44.30,,7.52
0.23370,44.57,,7.56
0.23380,44.94,,7.52
0.23390,45.43,,7.52
0.23400,45.97,,7.42
0.23410,46.54,,7.59
0.23420,47.09,,7.49
0.23430,47.66,,7.59
0.23440,48.57,,7.64
0.23450,55.66,,7.74
0.23460,58.23,,7.56
0.23470,56.97,,7.52
0.23480,57.51,,7.45
0.23490,57.96,,7.56
0.23500,58.33,,7.66
0.23510,59.14,,7.79
0.23520,60.11,,7.59
0.23530,57.88,,7.64
0.23540,59.42,,7.74
0.23550,59.10,,7.86
0.23560,57.42,,7.66
0.23570,56.88,,7.64
0.23580,56.48,,7.66
0.23590,56.37,,7.74
0.23600,57.02,,7.79
0.23610,56.47,,7.81
0.23620,59.52,,7.79
0.23630,59.76,,7.89
0.23640,58.36,,7.79
0.23650,53.93,,7.89
0.23660,53.09,,7.79
0.23670,51.42,,7.81
0.23680,51.27,,7.97
0.23690,53.86,,7.94
0.23700,54.08,,7.89
0.23710,53.32,,8.02
0.23720,52.59,,7.89
0.23730,51.87,,7.86
0.23740,51.13,,7.81
0.23750,50.41,,8.02
0.23760,49.70,,8.05
0.23770,48.99,,8.02
0.23780,48.25,,7.89
0.23790,47.50,,8.13
0.23800,46.87,,8.10
0.23810,46.32,,8.13
0.23820,45.83,,7.94
0.23830,45.33,,7.97
0.23840,44.86,,8.10
0.23850,44.49,,8.21
0.23860,44.26,,8.10
0.23870,44.12,,8.05
0.23880,44.05,,8.05
0.23890,43.98,,8.10
0.23900,43.99,,8.21
0.23910,44.07,,8.27
0.23920,44.20,,8.21
0.23930,44.34,,8.10
0.23940,44.43,,8.21
0.23950,44.52,,8.10
0.23960,44.60,,8.13
0.23970,44.70,,8.19
0.23980,44.80,,8.21
0.23990,44.95,,8.21
0.24000,45.11,,8.19
0.24010,45.29,,8.13
0.24020,45.47,,8.27
0.24030,45.63,,8.38
0.24040,45.78,,8.36
0.24050,45.87,,8.30
0.24060,45.99,,8.27
0.24070,46.13,,8.13
0.24080,46.30,,8.30
0.24090,46.48,,8.27
0.24100,46.64,,8.47
0.24110,46.81,,8.45
0.24120,47.02,,8.30
0.24130,47.21,,8.27
0.24140,47.40,,8.21
0.24150,47.57,,8.36
0.24160,47.73,,8.47
0.24170,47.92,,8.45
0.24180,48.11,,8.38
0.24190,48.32,,8.30
0.24200,48.52,,8.36
0.24210,48.69,,8.38
0.24220,48.84,,8.45
0.24230,48.97,,8.47
0.24240,49.08,,8.36
0.24250,49.18,,8.47
0.24260,49.30,,8.45
0.24270,49.47,,8.56
0.24280,49.68,,8.54
0.24290,49.91,,8.47
0.24300,50.11,,8.38
0.24310,50.29,,8.36
0.24320,50.44,,8.56
0.24330,50.64,,8.63
0.24340,50.87,,8.56
0.24350,51.12,,8.54
0.24360,51.37,,8.47
0.24370,51.59,,8.54
0.24380,51.79,,8.65
0.24390,51.99,,8.65
0.24400,52.20,,8.63
0.24410,52.44,,8.56
0.24420,52.71,,8.54
0.24430,53.00,,8.47
0.24440,53.30,,8.73
0.24450,53.60,,8.65
0.24460,53.91,,8.63
0.24470,54.29,,8.65
0.24480,54.72,,8.45
0.24490,55.16,,8.65
0.24500,55.48,,8.75
0.24510,55.78,,8.73
0.24520,56.11,,8.84
0.24530,56.47,,8.73
0.24540,56.88,,8.56
0.24550,57.28,,8.54
0.24560,57.65,,8.65
0.24570,58.00,,8.82
0.24580,58.35,,8.84
0.24590,58.75,,8.84
0.24600,59.11,,8.73
0.24610,59.46,,8.65
0.24620,59.79,,8.63
0.24630,60.18,,8.75
0.24640,60.63,,8.92
0.24650,61.08,,8.94
0.24660,61.52,,8.82
0.24670,61.90,,8.75
0.24680,62.29,,8.73
0.24690,62.68,,8.75
0.24700,63.05,,8.75
0.24710,63.42,,8.82
0.24720,63.74,,8.94
0.24730,64.04,,9.02
0.24740,64.30,,8.94
0.24750,64.53,,8.82
0.24760,64.76,,8.75
0.24770,65.02,,8.82
0.24780,65.30,,8.94
0.24790,65.54,,8.94
0.24800,65.72,,8.92
0.24810,65.86,,9.04
0.24820,65.96,,8.82
0.24830,66.08,,8.94
0.24840,66.23,,8.92
0.24850,66.39,,8.84
0.24860,66.51,,9.02
0.24870,66.56,,9.15
0.24880,66.57,,9.02
0.24890,66.53,,8.94
0.24900,66.50,,8.94
0.24910,66.49,,9.02
0.24920,66.45,,8.94
0.24930,66.38,,9.02
0.24940,66.23,,9.15
0.24950,66.11,,9.02
0.24960,66.00,,9.04
0.24970,65.91,,8.92
0.24980,65.78,,9.04
0.24990,65.63,,9.04
0.25000,65.43,,9.23
0.25010,65.21,,9.15
0.25020,65.02,,9.23
0.25030,64.90,,9.25
0.25040,64.84,,9.02
0.25050,64.83,,8.84
0.25060,64.84,,8.92
0.25070,64.78,,9.04
0.25080,64.70,,9.34
0.25090,64.62,,9.47
0.25100,64.62,,9.36
0.25110,64.69,,9.23
0.25120,64.78,,8.84
0.25130,64.79,,8.92
0.25140,64.84,,9.15
0.25150,64.85,,9.34
0.25160,64.90,,9.36
0.25170,64.96,,9.23
0.25180,64.97,,9.04
0.25190,64.94,,8.84
0.25200,64.87,,9.13
0.25210,64.84,,9.36
0.25220,64.89,,9.57
0.25230,65.00,,9.58
0.25240,65.12,,9.34
0.25250,65.22,,9.04
0.25260,65.23,,8.92
0.25270,65.23,,9.15
0.25280,65.25,,9.45
0.25290,65.33,,9.58
0.25300,65.46,,9.47
0.25310,65.58,,9.23
0.25320,65.70,,8.84
0.25330,65.72,,9.13
0.25340,65.72,,9.25
0.25350,65.67,,9.57
0.25360,65.64,,9.70
0.25370,65.63,,9.57
0.25380,65.64,,9.36
0.25390,65.60,,9.04
0.25400,65.46,,9.13
0.25410,65.24,,9.25
0.25420,64.99,,9.57
0.25430,64.77,,9.58
0.25440,64.56,,9.34
0.25450,64.32,,9.25
0.25460,64.03,,9.23
0.25470,63.72,,9.36
0.25480,63.39,,9.57
0.25490,63.07,,9.47
0.25500,62.70,,9.36
0.25510,62.29,,9.34
0.25520,61.82,,9.36
0.25530,61.35,,9.57
0.25540,60.94,,9.58
0.25550,60.57,,9.57
0.25560,60.19,,9.47
0.25570,59.76,,9.34
0.25580,59.31,,9.36
0.25590,58.85,,9.36
0.25600,58.45,,9.57
0.25610,58.08,,9.70
0.25620,57.75,,9.57
0.25630,57.39,,9.47
0.25640,57.01,,9.34
0.25650,56.56,,9.47
0.25660,56.10,,9.57
0.25670,55.74,,9.47
0.25680,55.39,,9.57
0.25690,55.13,,9.58
0.25700,54.82,,9.58
0.25710,54.44,,9.57
0.25720,54.11,,9.58
0.25730,53.72,,9.34
0.25740,53.44,,9.47
0.25750,53.18,,9.69
0.25760,52.88,,9.58
0.25770,52.64,,9.80
0.25780,52.33,,9.70
0.25790,52.10,,9.58
0.25800,51.87,,9.45
0.25810,51.72,,9.47
0.25820,51.73,,9.57
0.25830,51.88,,9.70
0.25840,52.11,,9.57
0.25850,52.36,,9.58
0.25860,52.60,,9.69
0.25870,52.89,,9.58
0.25880,53.20,,9.57
0.25890,53.59,,9.58
0.25900,54.02,,9.47
0.25910,54.51,,9.69
0.25920,55.05,,10.06
0.25930,55.64,,9.69
0.25940,56.29,,9.47
0.25950,56.96,,9.57
0.25960,57.58,,9.25
0.25970,58.05,,9.57
0.25980,58.48,,9.70
0.25990,58.90,,10.19
0.26000,59.36,,10.05
0.26010,59.81,,9.81
0.26020,60.20,,9.57
0.26030,60.50,,9.25
0.26040,60.78,,9.57
0.26050,61.12,,9.81
0.26060,61.49,,9.93
0.26070,61.89,,9.94
0.26080,62.33,,9.69
0.26090,62.72,,9.36
0.26100,63.09,,9.25
0.26110,63.30,,9.57
0.26120,63.32,,9.70
0.26130,63.27,,10.18
0.26140,63.16,,10.19
0.26150,63.08,,10.18
0.26160,62.95,,9.70
0.26170,62.76,,9.57
0.26180,62.49,,9.36
0.26190,62.17,,9.58
0.26200,61.88,,9.80
0.26210,61.58,,9.81
0.26220,61.26,,9.93
0.26230,60.93,,9.81
0.26240,60.54,,9.69
0.26250,60.14,,9.81
0.26260,59.77,,9.80
0.26270,59.45,,10.06
0.26280,59.13,,9.93
0.26290,58.84,,9.94
0.26300,58.51,,9.70
0.26310,58.20,,9.80
0.26320,57.94,,9.70
0.26330,57.73,,9.80
0.26340,57.55,,9.94
0.26350,57.37,,9.80
0.26360,57.19,,9.81
0.26370,57.02,,9.69
0.26380,56.83,,9.81
0.26390,56.74,,9.81
0.26400,56.73,,10.05
0.26410,56.80,,9.94
0.26420,56.88,,9.93
0.26430,56.99,,9.70
0.26440,57.15,,9.80
0.26450,57.35,,9.81
0.26460,57.58,,9.93
0.26470,57.82,,9.81
0.26480,58.09,,10.05
0.26490,58.38,,9.94
0.26500,58.72,,9.81
0.26510,59.11,,9.80
0.26520,59.53,,9.81
0.26530,59.98,,9.80
0.26540,60.45,,9.94
0.26550,60.89,,9.93
0.26560,61.34,,9.94
0.26570,61.75,,9.93
0.26580,62.20,,9.94
0.26590,62.65,,9.94
0.26600,63.10,,9.93
0.26610,63.51,,9.81
0.26620,63.91,,9.93
0.26630,64.25,,9.94
0.26640,64.58,,9.93
0.26650,64.89,,9.94
0.26660,65.20,,9.80
0.26670,65.48,,9.94
0.26680,65.71,,9.93
0.26690,65.92,,9.94
0.26700,66.11,,10.06
0.26710,66.31,,9.93
0.26720,66.53,,10.06
0.26730,66.76,,9.93
0.26740,66.97,,9.94
0.26750,67.19,,9.93
0.26760,67.38,,9.94
0.26770,67.56,,9.93
0.26780,67.78,,9.94
0.26790,68.02,,9.94
0.26800,68.27,,9.93
0.26810,68.49,,9.94
0.26820,68.68,,10.05
0.26830,68.82,,9.94
0.26840,68.94,,10.05
0.26850,69.05,,10.06
0.26860,69.18,,9.93
0.26870,69.33,,9.94
0.26880,69.47,,9.80
0.26890,69.57,,9.94
0.26900,69.65,,10.06
0.26910,69.71,,10.05
0.26920,69.75,,10.06
0.26930,69.81,,9.93
0.26940,69.83,,9.94
0.26950,69.84,,9.93
0.26960,69.86,,10.06
0.26970,69.89,,9.93
0.26980,69.96,,10.06
0.26990,70.03,,9.93
0.27000,70.09,,10.06
0.27010,70.13,,9.94
0.27020,70.14,,10.05
0.27030,70.15,,10.06
0.27040,70.18,,10.05
0.27050,70.20,,10.06
0.27060,70.20,,9.80
0.27070,70.14,,9.81
0.27080,70.00,,9.80
0.27090,69.80,,9.94
0.27100,69.60,,10.19
0.27110,69.41,,10.31
0.27120,69.22,,10.06
0.27130,68.98,,9.93
0.27140,68.66,,9.81
0.27150,68.29,,9.80
0.27160,67.91,,9.94
0.27170,67.52,,10.18
0.27180,67.11,,10.32
0.27190,66.68,,10.05
0.27200,66.26,,9.94
0.27210,65.81,,9.94
0.27220,65.42,,9.80
0.27230,65.00,,9.94
0.27240,64.59,,10.05
0.27250,64.19,,10.19
0.27260,63.79,,10.05
0.27270,63.43,,10.06
0.27280,63.09,,10.05
0.27290,62.72,,9.94
0.27300,62.37,,9.81
0.27310,61.97,,9.93
0.27320,61.51,,9.94
0.27330,61.01,,10.05
0.27340,60.48,,10.06
0.27350,60.00,,9.93
0.27360,59.60,,10.06
0.27370,59.15,,10.05
0.27380,58.71,,10.06
0.27390,58.19,,10.05
0.27400,57.64,,10.06
0.27410,57.12,,9.94
0.27420,56.54,,9.93
0.27430,55.99,,10.06
0.27440,55.44,,9.93
0.27450,54.89,,9.94
0.27460,54.36,,9.93
0.27470,53.84,,10.19
0.27480,53.34,,10.05
0.27490,52.85,,9.94
0.27500,52.37,,9.94
0.27510,51.96,,10.05
0.27520,51.59,,10.06
0.27530,51.28,,10.05
0.27540,51.02,,10.06
0.27550,50.83,,9.80
0.27560,50.64,,9.94
0.27570,50.41,,9.80
0.27580,50.21,,10.06
0.27590,49.97,,9.93
0.27600,49.78,,10.19
0.27610,49.66,,10.19
0.27620,49.61,,9.93
0.27630,49.60,,9.94
0.27640,49.58,,9.93
0.27650,49.55,,9.94
0.27660,49.57,,9.93
0.27670,49.64,,10.06
0.27680,49.79,,10.05
0.27690,50.00,,9.94
0.27700,50.28,,9.94
0.27710,50.62,,9.80
0.27720,50.99,,9.94
0.27730,51.39,,10.18
0.27740,51.87,,10.06
0.27750,52.46,,10.05
0.27760,53.17,,9.94
0.27770,53.95,,9.80
0.27780,54.79,,9.94
0.27790,55.65,,9.80
0.27800,56.56,,9.94
0.27810,57.51,,9.81
0.27820,58.42,,9.93
0.27830,59.29,,9.94
0.27840,60.12,,9.93
0.27850,60.91,,10.06
0.27860,61.74,,10.18
0.27870,62.57,,9.94
0.27880,63.47,,9.80
0.27890,64.39,,9.81
0.27900,65.26,,9.70
0.27910,66.12,,9.80
0.27920,66.93,,10.06
0.27930,67.68,,10.18
0.27940,68.43,,10.06
0.27950,69.16,,10.05
0.27960,69.85,,9.94
0.27970,70.51,,9.69
0.27980,71.09,,9.70
0.27990,71.62,,9.93
0.28000,72.05,,9.94
0.28010,72.43,,10.06
0.28020,72.78,,9.93
0.28030,73.05,,9.70
0.28040,73.21,,9.69
0.28050,73.25,,9.70
0.28060,73.16,,10.05
0.28070,73.05,,10.19
0.28080,72.89,,10.31
0.28090,72.66,,10.06
0.28100,72.29,,9.70
0.28110,71.80,,9.80
0.28120,71.31,,9.81
0.28130,70.82,,9.93
0.28140,70.34,,10.06
0.28150,69.85,,9.93
0.28160,69.31,,9.81
0.28170,68.76,,9.80
0.28180,68.23,,9.94
0.28190,67.74,,9.93
0.28200,67.34,,10.06
0.28210,66.96,,10.32
0.28220,66.67,,9.93
0.28230,66.44,,9.81
0.28240,66.25,,9.57
0.28250,66.11,,9.70
0.28260,66.05,,9.69
0.28270,66.06,,10.06
0.28280,66.15,,9.93
0.28290,66.30,,10.06
0.28300,66.48,,9.81
0.28310,66.70,,9.57
0.28320,66.92,,9.58
0.28330,67.20,,9.69
0.28340,67.52,,9.94
0.28350,67.94,,10.18
0.28360,68.45,,10.06
0.28370,68.99,,9.93
0.28380,69.56,,9.70
0.28390,70.22,,9.57
0.28400,70.91,,9.58
0.28410,71.68,,9.58
0.28420,72.46,,9.80
0.28430,73.23,,9.81
0.28440,74.03,,9.80
0.28450,74.83,,9.81
0.28460,75.65,,9.69
0.28470,76.46,,9.58
0.28480,77.23,,9.69
0.28490,78.01,,9.81
0.28500,78.76,,9.81
0.28510,79.51,,9.69
0.28520,80.19,,9.47
0.28530,80.83,,9.34
0.28540,81.44,,9.47
0.28550,82.03,,9.57
0.28560,82.57,,9.81
0.28570,83.06,,9.80
0.28580,83.45,,9.70
0.28590,83.76,,9.69
0.28600,83.98,,9.47
0.28610,84.14,,9.47
0.28620,84.26,,9.57
0.28630,84.38,,9.58
0.28640,84.48,,9.57
0.28650,84.53,,9.47
0.28660,84.52,,9.45
0.28670,84.44,,9.47
0.28680,84.30,,9.45
0.28690,84.10,,9.58
0.28700,83.87,,9.58
0.28710,83.60,,9.45
0.28720,83.27,,9.47
0.28730,82.90,,9.45
0.28740,82.49,,9.47
0.28750,82.02,,9.34
0.28760,81.48,,9.25
0.28770,80.86,,9.23
0.28780,80.19,,9.36
0.28790,79.50,,9.57
0.28800,78.81,,9.47
0.28810,78.09,,9.36
0.28820,77.26,,9.23
0.28830,76.32,,9.15
0.28840,75.30,,9.23
0.28850,74.30,,9.47
0.28860,73.37,,9.45
0.28870,72.45,,9.36
0.28880,71.52,,9.34
0.28890,70.54,,9.04
0.28900,69.56,,9.15
0.28910,68.58,,9.13
0.28920,67.68,,9.25
0.28930,66.85,,9.34
0.28940,66.07,,9.25
0.28950,65.33,,9.13
0.28960,64.60,,9.15
0.28970,63.93,,9.02
0.28980,63.29,,9.15
0.28990,62.71,,9.02
0.29000,62.16,,9.04
0.29010,61.61,,8.94
0.29020,61.11,,9.02
0.29030,60.64,,9.04
0.29040,60.22,,9.02
0.29050,59.82,,8.94
0.29060,59.43,,8.92
0.29070,59.11,,8.94
0.29080,58.81,,8.92
0.29090,58.54,,8.94
0.29100,58.28,,9.04
0.29110,58.06,,9.13
0.29120,57.88,,8.84
0.29130,57.76,,8.63
0.29140,57.66,,8.47
0.29150,57.56,,8.73
0.29160,57.51,,8.84
0.29170,57.46,,9.02
0.29180,57.38,,9.15
0.29190,57.25,,8.82
0.29200,57.03,,8.84
0.29210,56.73,,8.84
0.29220,56.35,,8.82
0.29230,55.91,,8.75
0.29240,55.38,,8.73
0.29250,54.78,,8.65
0.29260,54.13,,8.63
0.29270,53.38,,8.75
0.29280,52.49,,8.82
0.29290,51.49,,8.94
0.29300,50.41,,8.75
0.29310,49.24,,8.73
0.29320,48.01,,8.84
0.29330,46.83,,8.73
0.29340,45.67,,8.75
0.29350,44.55,,8.63
0.29360,43.37,,8.47
0.29370,42.16,,8.63
0.29380,40.99,,8.75
0.29390,39.89,,8.92
0.29400,38.88,,8.94
0.29410,37.93,,8.75
0.29420,37.06,,8.54
0.29430,36.24,,8.56
0.29440,35.51,,8.63
0.29450,34.91,,8.84
0.29460,34.41,,8.73
0.29470,33.97,,8.65
0.29480,33.57,,8.45
0.29490,33.26,,8.47
0.29500,33.05,,8.56
0.29510,32.99,,8.73
0.29520,33.04,,8.75
0.29530,33.21,,8.63
0.29540,33.43,,8.47
0.29550,33.66,,8.54
0.29560,33.95,,8.65
0.29570,34.29,,8.82
0.29580,34.72,,8.56
0.29590,35.21,,8.45
0.29600,35.77,,8.38
0.29610,36.41,,8.30
0.29620,37.07,,8.54
0.29630,37.76,,8.75
0.29640,38.49,,8.73
0.29650,39.24,,8.75
0.29660,40.03,,8.54
0.29670,40.81,,8.47
0.29680,41.62,,8.36
0.29690,42.39,,8.56
0.29700,43.14,,8.54
0.29710,43.87,,8.56
0.29720,44.57,,8.47
0.29730,45.27,,8.45
0.29740,45.92,,8.56
0.29750,46.47,,8.54
0.29760,46.92,,8.65
0.29770,47.29,,8.63
0.29780,47.63,,8.56
0.29790,47.93,,8.27
0.29800,48.19,,8.38
0.29810,48.38,,8.65
0.29820,48.56,,8.73
0.29830,48.74,,8.75
0.29840,48.86,,8.45
0.29850,48.95,,8.38
0.29860,49.00,,8.45
0.29870,49.03,,8.47
0.29880,49.09,,8.63
0.29890,49.20,,8.65
0.29900,49.33,,8.73
0.29910,49.47,,8.47
0.29920,49.64,,8.56
0.29930,49.84,,8.54
0.29940,50.06,,8.56
0.29950,50.26,,8.54
0.29960,50.44,,8.56
0.29970,50.61,,8.63
0.29980,50.82,,8.65
0.29990,51.06,,8.63
0.30000,51.30,,8.65
0.30010,51.52,,8.56
0.30020,51.69,,8.54
0.30030,51.83,,8.56
0.30040,51.99,,8.63
0.30050,52.21,,8.75
0.30060,52.51,,8.73
0.30070,52.83,,8.56
0.30080,53.17,,8.63
0.30090,53.51,,8.75
0.30100,53.83,,8.63
0.30110,54.18,,8.75
0.30120,54.52,,8.65
0.30130,54.86,,8.63
0.30140,54.96,,8.65
0.30150,54.96,,8.73
0.30160,55.00,,8.75
0.30170,55.02,,8.82
0.30180,55.05,,8.75
0.30190,55.05,,8.73
0.30200,55.04,,8.56
0.30210,55.02,,8.75
0.30220,54.98,,8.73
0.30230,54.96,,8.84
0.30240,54.93,,8.82
0.30250,54.88,,8.84
0.30260,54.81,,8.63
0.30270,54.76,,8.75
0.30280,54.74,,8.82
0.30290,54.72,,8.84
0.30300,54.69,,8.82
0.30310,54.61,,8.94
0.30320,54.51,,8.75
0.30330,54.38,,8.82
0.30340,54.26,,8.84
0.30350,54.14,,8.92
0.30360,54.01,,8.75
0.30370,53.85,,8.92
0.30380,53.66,,8.84
0.30390,53.46,,8.92
0.30400,53.26,,8.84
0.30410,53.08,,8.94
0.30420,52.88,,8.82
0.30430,52.67,,8.94
0.30440,52.42,,8.92
0.30450,52.18,,8.94
0.30460,51.96,,9.13
0.30470,51.76,,8.94
0.30480,51.57,,8.82
0.30490,51.33,,8.94
0.30500,51.08,,8.92
0.30510,50.78,,9.04
0.30520,50.49,,9.04
0.30530,50.23,,9.02
0.30540,50.01,,8.94
0.30550,49.79,,8.92
0.30560,49.54,,8.94
0.30570,49.31,,9.02
0.30580,49.08,,9.15
0.30590,48.89,,9.13
0.30600,48.70,,9.15
0.30610,48.55,,8.94
0.30620,48.42,,9.02
0.30630,48.32,,8.94
0.30640,48.29,,9.13
0.30650,48.31,,9.25
0.30660,48.38,,9.13
0.30670,48.44,,8.94
0.30680,48.53,,9.02
0.30690,48.63,,9.15
0.30700,48.78,,9.13
0.30710,48.95,,9.25
0.30720,49.15,,9.25
0.30730,49.33,,9.13
0.30740,49.51,,9.04
0.30750,49.69,,9.13
0.30760,49.87,,9.15
0.30770,50.10,,9.23
0.30780,50.31,,9.25
0.30790,50.55,,9.23
0.30800,50.75,,9.15
0.30810,50.96,,9.15
0.30820,51.15,,9.13
0.30830,51.39,,9.25
0.30840,51.65,,9.34
0.30850,51.95,,9.36
0.30860,52.27,,9.13
0.30870,52.54,,9.25
0.30880,52.84,,9.23
0.30890,53.12,,9.36
0.30900,53.45,,9.34
0.30910,53.76,,9.25
0.30920,54.10,,9.25
0.30930,54.36,,9.34
0.30940,54.65,,9.36
0.30950,54.92,,9.34
0.30960,55.24,,9.47
0.30970,55.53,,9.34
0.30980,55.76,,9.25
0.30990,55.96,,9.23
0.31000,56.10,,9.25
0.31010,56.31,,9.47
0.31020,56.52,,9.57
0.31030,56.83,,9.47
0.31040,57.05,,9.45
0.31050,57.27,,9.25
0.31060,57.44,,9.34
0.31070,57.65,,9.47
0.31080,57.87,,9.69
0.31090,58.17,,9.47
0.31100,58.48,,9.45
0.31110,58.75,,9.25
0.31120,59.07,,9.36
0.31130,59.37,,9.45
0.31140,59.77,,9.70
0.31150,60.15,,9.69
0.31160,60.61,,9.47
0.31170,61.02,,9.34
0.31180,61.42,,9.36
0.31190,61.76,,9.57
0.31200,62.15,,9.70
0.31210,62.52,,9.58
0.31220,62.91,,9.45
0.31230,63.22,,9.58
0.31240,63.47,,9.45
0.31250,63.69,,9.47
0.31260,63.87,,9.69
0.31270,64.11,,9.70
0.31280,64.34,,9.57
0.31290,64.59,,9.47
0.31300,64.81,,9.45
0.31310,65.07,,9.70
0.31320,65.29,,9.70
0.31330,65.51,,9.69
0.31340,65.72,,9.70
0.31350,65.89,,9.45
0.31360,66.02,,9.47
0.31370,66.12,,9.45
0.31380,66.20,,9.70
0.31390,66.30,,9.69
0.31400,66.43,,9.81
0.31410,66.54,,9.70
0.31420,66.66,,9.57
0.31430,66.74,,9.58
0.31440,66.84,,9.69
0.31450,66.90,,9.70
0.31460,67.03,,9.80
0.31470,67.15,,9.70
0.31480,67.30,,9.57
0.31490,67.47,,9.58
0.31500,67.65,,9.57
0.31510,67.85,,9.70
0.31520,68.05,,9.81
0.31530,68.25,,9.80
0.31540,68.43,,9.81
0.31550,68.64,,9.69
0.31560,68.88,,9.81
0.31570,69.19,,9.69
0.31580,69.51,,9.58
0.31590,69.86,,9.69
0.31600,70.18,,9.70
0.31610,70.47,,9.81
0.31620,70.75,,9.80
0.31630,71.04,,9.70
0.31640,71.32,,9.80
0.31650,71.63,,9.70
0.31660,71.91,,9.69
0.31670,72.18,,9.70
0.31680,72.43,,9.80
0.31690,72.66,,9.81
0.31700,72.88,,9.80
0.31710,73.09,,9.70
0.31720,73.28,,9.81
0.31730,73.44,,9.69
0.31740,73.58,,9.70
0.31750,73.75,,9.69
0.31760,73.94,,9.81
0.31770,74.15,,9.80
0.31780,74.39,,9.81
0.31790,74.63,,9.69
0.31800,74.86,,9.81
0.31810,75.07,,9.70
0.31820,75.27,,9.80
0.31830,75.45,,9.81
0.31840,75.60,,9.69
0.31850,75.72,,9.70
0.31860,75.81,,9.69
0.31870,75.88,,9.81
0.31880,75.93,,9.93
0.31890,75.95,,9.81
0.31900,75.94,,9.80
0.31910,75.84,,9.70
0.31920,75.66,,9.58
0.31930,75.41,,9.80
0.31940,75.09,,9.70
0.31950,74.73,,9.93
0.31960,74.36,,9.81
0.31970,73.92,,9.69
0.31980,73.43,,9.81
0.31990,72.88,,9.69
0.32000,72.31,,9.81
0.32010,71.82,,9.81
0.32020,71.33,,9.93
0.32030,70.82,,9.81
0.32040,70.34,,9.69
0.32050,69.87,,9.58
0.32060,69.45,,9.57
0.32070,69.02,,9.81
0.32080,68.63,,9.93
0.32090,68.25,,9.94
0.32100,67.86,,9.80
0.32110,67.47,,9.70
0.32120,67.06,,9.70
0.32130,66.67,,9.69
0.32140,66.31,,9.81
0.32150,65.97,,9.93
0.32160,65.63,,9.81
0.32170,65.30,,9.69
0.32180,64.95,,9.70
0.32190,64.57,,9.80
0.32200,64.21,,9.81
0.32210,63.89,,9.69
0.32220,63.60,,9.70
0.32230,63.33,,9.81
0.32240,63.10,,9.93
0.32250,62.89,,9.81
0.32260,62.76,,9.80
0.32270,62.62,,9.70
0.32280,62.53,,9.69
0.32290,62.45,,9.70
0.32300,62.43,,9.69
0.32310,62.41,,9.94
0.32320,62.44,,9.81
0.32330,62.48,,9.57
0.32340,62.50,,9.70
0.32350,62.50,,9.69
0.32360,62.49,,9.70
0.32370,62.49,,9.80
0.32380,62.51,,9.70
0.32390,62.53,,9.80
0.32400,62.62,,9.58
0.32410,62.76,,9.69
0.32420,62.98,,9.81
0.32430,63.20,,9.70
0.32440,63.44,,9.80
0.32450,63.71,,9.70
0.32460,63.98,,9.57
0.32470,64.27,,9.81
0.32480,64.53,,9.80
0.32490,64.80,,9.70
0.32500,65.06,,9.80
0.32510,65.32,,9.70
0.32520,65.58,,9.58
0.32530,65.89,,9.69
0.32540,66.17,,9.70
0.32550,66.44,,9.69
0.32560,66.68,,9.70
0.32570,66.89,,9.57
0.32580,67.10,,9.70
0.32590,67.29,,9.69
0.32600,67.47,,9.81
0.32610,67.62,,9.69
0.32620,67.74,,9.70
0.32630,67.85,,9.58
0.32640,67.91,,9.69
0.32650,67.90,,9.58
0.32660,67.85,,9.80
0.32670,67.74,,9.70
0.32680,67.62,,9.69
0.32690,67.50,,9.58
0.32700,67.35,,9.57
0.32710,67.19,,9.70
0.32720,67.01,,9.81
0.32730,66.81,,9.69
0.32740,66.57,,9.70
0.32750,66.30,,9.69
0.32760,66.02,,9.58
0.32770,65.76,,9.69
0.32780,65.53,,9.70
0.32790,65.29,,9.69
0.32800,65.00,,9.58
0.32810,64.68,,9.69
0.32820,64.33,,9.58
0.32830,63.94,,9.70
0.32840,63.56,,9.69
0.32850,63.17,,9.70
0.32860,62.76,,9.69
0.32870,62.32,,9.58
0.32880,61.85,,9.57
0.32890,61.40,,9.70
0.32900,60.98,,9.69
0.32910,60.62,,9.70
0.32920,60.28,,9.58
0.32930,59.95,,9.57
0.32940,59.64,,9.70
0.32950,59.37,,9.69
0.32960,59.15,,9.70
0.32970,58.98,,9.69
0.32980,58.80,,9.47
0.32990,58.64,,9.69
0.33000,58.50,,9.58
0.33010,58.41,,9.57
0.33020,58.34,,9.70
0.33030,58.30,,9.70
0.33040,58.28,,9.57
0.33050,58.26,,9.47
0.33060,58.24,,9.57
0.33070,58.24,,9.58
0.33080,58.29,,9.69
0.33090,58.36,,9.70
0.33100,58.45,,9.57
0.33110,58.49,,9.58
0.33120,58.52,,9.36
0.33130,58.52,,9.57
0.33140,58.57,,9.70
0.33150,58.65,,9.57
0.33160,58.79,,9.58
0.33170,58.93,,9.57
0.33180,59.04,,9.47
0.33190,59.14,,9.57
0.33200,59.19,,9.70
0.33210,59.25,,9.57
0.33220,59.30,,9.58
0.33230,59.38,,9.47
0.33240,59.46,,9.45
0.33250,59.55,,9.47
0.33260,59.65,,9.57
0.33270,59.67,,9.58
0.33280,59.68,,9.57
0.33290,59.66,,9.47
0.33300,59.59,,9.57
0.33310,59.51,,9.47
0.33320,59.41,,9.58
0.33330,59.29,,9.57
0.33340,59.16,,9.58
0.33350,58.97,,9.34
0.33360,58.72,,9.47
0.33370,58.44,,9.45
0.33380,58.14,,9.58
0.33390,57.84,,9.45
0.33400,57.51,,9.58
0.33410,57.16,,9.45
0.33420,56.85,,9.58
0.33430,56.52,,9.36
0.33440,56.19,,9.45
0.33450,55.87,,9.36
0.33460,55.59,,9.45
0.33470,55.32,,9.58
0.33480,55.10,,9.69
0.33490,54.92,,9.58
0.33500,54.74,,9.23
0.33510,54.54,,9.25
0.33520,54.35,,9.25
0.33530,54.16,,9.45
0.33540,53.99,,9.58
0.33550,53.85,,9.69
0.33560,53.75,,9.47
0.33570,53.65,,9.23
0.33580,53.55,,9.25
0.33590,53.44,,9.45
0.33600,53.34,,9.47
0.33610,53.26,,9.45
0.33620,53.21,,9.36
0.33630,53.18,,9.36
0.33640,53.19,,9.34
0.33650,53.23,,9.36
0.33660,53.28,,9.34
0.33670,53.33,,9.36
0.33680,53.36,,9.34
0.33690,53.40,,9.36
0.33700,53.45,,9.45
0.33710,53.56,,9.36
0.33720,53.70,,9.36
0.33730,53.88,,9.23
0.33740,54.06,,9.15
0.33750,54.28,,9.34
0.33760,54.50,,9.47
0.33770,54.70,,9.23
0.33780,54.88,,9.36
0.33790,55.05,,9.23
0.33800,55.20,,9.25
0.33810,55.34,,9.34
0.33820,55.49,,9.25
0.33830,55.60,,9.36
0.33840,55.70,,9.23
0.33850,55.73,,9.25
0.33860,55.75,,9.13
0.33870,55.78,,9.25
0.33880,55.80,,9.34
0.33890,55.83,,9.25
0.33900,55.83,,9.23
0.33910,55.85,,9.25
0.33920,55.86,,9.15
0.33930,55.88,,9.23
0.33940,55.90,,9.25
0.33950,55.97,,9.13
0.33960,56.02,,9.25
0.33970,56.11,,9.13
0.33980,56.21,,9.15
0.33990,56.34,,9.23
0.34000,56.49,,9.25
0.34010,56.67,,9.23
0.34020,56.85,,9.15
0.34030,57.02,,9.04
0.34040,57.15,,9.13
0.34050,57.26,,9.25
0.34060,57.36,,9.23
0.34070,57.51,,9.25
0.34080,57.63,,9.02
0.34090,57.71,,9.04
0.34100,57.72,,9.13
0.34110,57.74,,9.04
0.34120,57.76,,9.15
0.34130,57.80,,9.13
0.34140,57.87,,9.15
0.34150,57.89,,9.02
0.34160,57.91,,9.15
0.34170,57.93,,9.23
0.34180,58.02,,9.25
0.34190,58.16,,9.13
0.34200,58.35,,9.04
0.34210,58.53,,8.92
0.34220,58.71,,8.94
0.34230,58.91,,9.04
0.34240,59.10,,9.13
0.34250,59.33,,9.15
0.34260,59.56,,9.13
0.34270,59.83,,9.04
0.34280,60.08,,8.92
0.34290,60.34,,8.94
0.34300,60.58,,9.13
0.34310,60.79,,9.15
0.34320,60.97,,9.15
0.34330,61.11,,9.02
0.34340,61.21,,8.84
0.34350,61.27,,8.92
0.34360,61.31,,9.04
0.34370,61.37,,9.13
0.34380,61.45,,9.15
0.34390,61.54,,9.02
0.34400,61.61,,8.94
0.34410,61.67,,8.92
0.34420,61.72,,8.94
0.34430,61.82,,9.04
0.34440,61.94,,9.02
0.34450,62.07,,9.15
0.34460,62.14,,8.92
0.34470,62.15,,8.84
0.34480,62.13,,8.92
0.34490,62.11,,8.94
0.34500,62.12,,9.02
0.34510,62.14,,9.04
0.34520,62.11,,8.94
0.34530,61.98,,8.92
0.34540,61.81,,9.04
0.34550,61.63,,8.92
0.34560,61.51,,8.84
0.34570,61.43,,8.82
0.34580,61.36,,8.94
0.34590,61.29,,8.92
0.34600,61.21,,8.94
0.34610,61.14,,9.02
0.34620,61.06,,8.94
0.34630,61.00,,8.84
0.34640,60.95,,8.82
0.34650,60.92,,8.94
0.34660,60.90,,8.92
0.34670,60.88,,8.94
0.34680,60.89,,8.92
0.34690,60.89,,8.84
0.34700,60.90,,8.92
0.34710,60.89,,8.75
0.34720,60.84,,8.65
0.34730,60.77,,9.02
0.34740,60.74,,9.04
0.34750,60.73,,9.02
0.34760,60.74,,8.84
0.34770,60.74,,8.73
0.34780,60.72,,8.56
0.34790,60.71,,8.82
0.34800,60.69,,8.94
0.34810,60.73,,9.02
0.34820,60.75,,8.94
0.34830,60.82,,8.65
0.34840,60.87,,8.63
0.34850,60.94,,8.65
0.34860,60.98,,8.92
0.34870,61.00,,8.94
0.34880,61.02,,8.92
0.34890,61.05,,8.75
0.34900,61.12,,8.73
0.34910,61.22,,8.65
0.34920,61.32,,8.82
0.34930,61.39,,8.84
0.34940,61.40,,8.75
0.34950,61.41,,8.73
0.34960,61.43,,8.75
0.34970,61.53,,8.82
0.34980,61.61,,8.75
0.34990,61.67,,8.73
0.35000,61.68,,8.75
0.35010,61.68,,8.73
0.35020,61.70,,8.75
0.35030,61.72,,8.65
0.35040,61.73,,8.82
0.35050,61.73,,8.65
0.35060,61.75,,8.63
0.35070,61.75,,8.75
0.35080,61.72,,8.73
0.35090,61.71,,8.75
0.35100,61.70,,8.73
0.35110,61.71,,8.65
0.35120,61.73,,8.54
0.35130,61.73,,8.65
0.35140,61.75,,8.75
0.35150,61.81,,8.73
0.35160,61.91,,8.75
0.35170,62.00,,8.54
0.35180,62.03,,8.47
0.35190,61.97,,8.54
0.35200,61.90,,8.94
0.35210,61.84,,8.82
0.35220,61.83,,8.65
0.35230,61.83,,8.38
0.35240,61.79,,8.45
0.35250,61.74,,8.56
0.35260,61.74,,8.73
0.35270,61.84,,8.84
0.35280,62.03,,8.63
0.35290,62.26,,8.56
0.35300,62.49,,8.45
0.35310,62.74,,8.47
0.35320,63.03,,8.63
0.35330,63.40,,8.65
0.35340,63.84,,8.75
0.35350,64.33,,8.45
0.35360,64.84,,8.56
0.35370,65.37,,8.54
0.35380,65.95,,8.65
0.35390,66.55,,8.63
0.35400,67.11,,8.56
0.35410,67.62,,8.45
0.35420,68.07,,8.38
0.35430,68.50,,8.47
0.35440,68.90,,8.63
0.35450,69.29,,8.65
0.35460,69.65,,8.73
0.35470,69.96,,8.65
0.35480,70.25,,8.54
0.35490,70.46,,8.47
0.35500,70.59,,8.36
0.35510,70.63,,8.56
0.35520,70.63,,8.63
0.35530,70.61,,8.56
0.35540,70.57,,8.47
0.35550,70.46,,8.36
0.35560,70.27,,8.47
0.35570,70.01,,8.82
0.35580,69.71,,8.75
0.35590,69.40,,8.73
0.35600,69.03,,8.56
0.35610,68.62,,8.45
0.35620,68.12,,8.47
0.35630,67.57,,8.56
0.35640,67.00,,8.63
0.35650,66.37,,8.56
0.35660,65.69,,8.63
0.35670,64.98,,8.56
0.35680,64.23,,8.63
0.35690,63.50,,8.65
0.35700,62.78,,8.73
0.35710,62.13,,8.75
0.35720,61.53,,8.63
0.35730,60.96,,8.56
0.35740,60.44,,8.56
0.35750,59.96,,8.73
0.35760,59.53,,8.65
0.35770,59.14,,8.73
0.35780,58.83,,8.65
0.35790,58.59,,8.63
0.35800,58.40,,8.56
0.35810,58.21,,8.73
0.35820,58.05,,8.84
0.35830,57.92,,8.84
0.35840,57.85,,8.73
0.35850,57.83,,8.56
0.35860,57.84,,8.54
0.35870,57.83,,8.65
0.35880,57.81,,8.82
0.35890,57.81,,8.94
0.35900,57.88,,8.63
0.35910,57.98,,8.47
0.35920,58.08,,8.45
0.35930,58.18,,8.65
0.35940,58.29,,8.94
0.35950,58.43,,9.02
0.35960,58.61,,8.84
0.35970,58.79,,8.63
0.35980,58.91,,8.56
0.35990,59.00,,8.73
0.36000,59.06,,8.84
0.36010,59.12,,8.92
0.36020,59.19,,8.94
0.36030,59.24,,8.65
0.36040,59.23,,8.63
0.36050,59.17,,8.65
0.36060,59.08,,8.82
0.36070,58.99,,8.94
0.36080,58.93,,8.92
0.36090,58.88,,8.84
0.36100,58.84,,8.73
0.36110,58.77,,8.65
0.36120,58.71,,8.92
0.36130,58.66,,9.04
0.36140,58.63,,8.94
0.36150,58.57,,8.82
0.36160,58.47,,8.65
0.36170,58.37,,8.73
0.36180,58.30,,8.94
0.36190,58.28,,8.82
0.36200,58.30,,9.04
0.36210,58.33,,8.92
0.36220,58.36,,8.75
0.36230,58.39,,8.84
0.36240,58.41,,9.02
0.36250,58.49,,9.04
0.36260,58.62,,8.92
0.36270,58.78,,8.84
0.36280,58.95,,8.82
0.36290,59.11,,8.94
0.36300,59.28,,8.92
0.36310,59.44,,8.94
0.36320,59.63,,9.02
0.36330,59.86,,9.04
0.36340,60.09,,8.94
0.36350,60.31,,8.92
0.36360,60.47,,8.94
0.36370,60.63,,9.02
0.36380,60.78,,8.84
0.36390,60.96,,8.92
0.36400,61.11,,8.94
0.36410,61.22,,8.92
0.36420,61.30,,9.04
0.36430,61.33,,8.94
0.36440,61.40,,9.02
0.36450,61.43,,8.94
0.36460,61.46,,9.02
0.36470,61.43,,8.94
0.36480,61.41,,9.02
0.36490,61.40,,9.04
0.36500,61.41,,8.92
0.36510,61.52,,8.94
0.36520,61.63,,9.02
0.36530,61.77,,8.94
0.36540,61.85,,9.04
0.36550,61.91,,9.02
0.36560,61.95,,9.15
0.36570,62.01,,9.02
0.36580,62.15,,8.94
0.36590,62.27,,8.92
0.36600,62.39,,8.84
0.36610,62.48,,8.82
0.36620,62.57,,9.15
0.36630,62.60,,9.15
0.36640,62.65,,9.13
0.36650,62.63,,8.94
0.36660,62.59,,8.92
0.36670,62.52,,8.94
0.36680,62.43,,9.13
0.36690,62.38,,9.25
0.36700,62.32,,9.02
0.36710,62.26,,8.94
0.36720,62.11,,8.82
0.36730,62.01,,8.84
0.36740,61.97,,9.04
0.36750,62.06,,9.23
0.36760,62.22,,9.25
0.36770,62.37,,9.13
0.36780,62.54,,8.94
0.36790,62.71,,9.02
0.36800,62.94,,8.94
0.36810,63.22,,9.13
0.36820,63.56,,9.25
0.36830,63.89,,9.15
0.36840,64.18,,9.02
0.36850,64.39,,9.04
0.36860,64.56,,9.02
0.36870,64.77,,9.15
0.36880,65.02,,9.13
0.36890,65.25,,9.15
0.36900,65.41,,9.13
0.36910,65.50,,9.15
0.36920,65.53,,9.13
0.36930,65.58,,9.15
0.36940,65.61,,9.04
0.36950,65.59,,9.13
0.36960,65.49,,9.36
0.36970,65.35,,9.23
0.36980,65.22,,9.25
0.36990,65.11,,9.34
0.37000,65.07,,9.25
0.37010,65.05,,9.02
0.37020,64.97,,9.04
0.37030,64.83,,8.94
0.37040,64.69,,9.34
0.37050,64.62,,9.47
0.37060,64.66,,9.57
0.37070,64.79,,9.25
0.37080,64.94,,9.02
0.37090,65.08,,8.94
0.37100,65.23,,9.13
0.37110,65.46,,9.36
0.37120,65.75,,9.57
0.37130,66.15,,9.47
0.37140,66.58,,9.15
0.37150,67.08,,9.13
0.37160,67.60,,9.15
0.37170,68.20,,9.23
0.37180,68.90,,9.47
0.37190,69.68,,9.45
0.37200,70.51,,9.25
0.37210,71.35,,9.13
0.37220,72.16,,9.36
0.37230,72.96,,9.47
0.37240,73.84,,9.45
0.37250,74.76,,9.25
0.37260,75.67,,9.13
0.37270,76.53,,9.25
0.37280,77.32,,9.34
0.37290,78.11,,9.58
0.37300,78.87,,9.69
0.37310,79.66,,9.47
0.37320,80.39,,9.13
0.37330,81.03,,9.04
0.37340,81.53,,9.25
0.37350,81.95,,9.34
0.37360,82.33,,9.58
0.37370,82.64,,9.45
0.37380,82.87,,9.47
0.37390,83.00,,9.34
0.37400,83.03,,9.36
0.37410,82.95,,9.45
0.37420,82.85,,9.47
0.37430,82.67,,9.58
0.37440,82.50,,9.57
0.37450,82.26,,9.25
0.37460,81.98,,9.34
0.37470,81.60,,9.36
0.37480,81.22,,9.57
0.37490,80.82,,9.70
0.37500,80.42,,9.57
0.37510,79.97,,9.47
0.37520,79.45,,9.45
0.37530,78.90,,9.47
0.37540,78.31,,9.47
0.37550,77.73,,9.69
0.37560,77.09,,9.70
0.37570,76.45,,9.45
0.37580,75.73,,9.47
0.37590,74.97,,9.34
0.37600,74.17,,9.58
0.37610,73.38,,9.69
0.37620,72.59,,9.70
0.37630,71.77,,9.57
0.37640,70.88,,9.47
0.37650,69.88,,9.47
0.37660,68.90,,9.57
0.37670,67.97,,9.70
0.37680,67.10,,9.69
0.37690,66.22,,9.58
0.37700,65.31,,9.57
0.37710,64.37,,9.47
0.37720,63.41,,9.57
0.37730,62.50,,9.70
0.37740,61.63,,9.81
0.37750,60.84,,9.80
0.37760,60.11,,9.70
0.37770,59.43,,9.57
0.37780,58.75,,9.47
0.37790,58.11,,9.69
0.37800,57.47,,9.70
0.37810,56.88,,9.69
0.37820,56.37,,9.70
0.37830,55.94,,9.57
0.37840,55.59,,9.58
0.37850,55.29,,9.70
0.37860,55.04,,9.57
0.37870,54.81,,9.70
0.37880,54.64,,9.80
0.37890,54.47,,9.70
0.37900,54.29,,9.69
0.37910,54.13,,9.70
0.37920,54.01,,9.69
0.37930,53.97,,9.58
0.37940,53.97,,9.70
0.37950,54.01,,9.69
0.37960,54.02,,9.81
0.37970,54.00,,9.69
0.37980,53.94,,9.81
0.37990,53.87,,9.69
0.38000,53.82,,9.81
0.38010,53.82,,9.69
0.38020,53.80,,9.81
0.38030,53.76,,9.69
0.38040,53.67,,9.58
0.38050,53.55,,9.70
0.38060,53.40,,9.80
0.38070,53.25,,9.81
0.38080,53.11,,9.80
0.38090,52.98,,9.81
0.38100,52.89,,9.69
0.38110,52.78,,9.70
0.38120,52.65,,9.69
0.38130,52.50,,9.70
0.38140,52.33,,9.70
0.38150,52.16,,9.80
0.38160,51.96,,9.94
0.38170,51.76,,9.93
0.38180,51.57,,9.81
0.38190,51.37,,9.69
0.38200,51.14,,9.81
0.38210,50.86,,9.69
0.38220,50.55,,9.70
0.38230,50.24,,9.80
0.38240,49.90,,9.81
0.38250,49.51,,9.70
0.38260,49.11,,9.93
0.38270,48.71,,9.81
0.38280,48.34,,9.80
0.38290,47.96,,9.70
0.38300,47.58,,9.69
0.38310,47.22,,9.81
0.38320,46.89,,9.93
0.38330,46.62,,9.94
0.38340,46.40,,9.81
0.38350,46.20,,9.80
0.38360,46.04,,9.70
0.38370,45.85,,9.45
0.38380,45.65,,9.70
0.38390,45.46,,9.93
0.38400,45.30,,10.06
0.38410,45.21,,9.93
0.38420,45.17,,9.81
0.38430,45.12,,9.69
0.38440,45.05,,9.70
0.38450,44.95,,9.70
0.38460,44.86,,9.93
0.38470,44.78,,9.94
0.38480,44.71,,9.80
0.38490,44.66,,9.70
0.38500,44.61,,9.69
0.38510,44.54,,9.81
0.38520,44.48,,9.80
0.38530,44.40,,9.81
0.38540,44.34,,9.94
0.38550,44.31,,9.69
0.38560,44.31,,9.81
0.38570,44.30,,9.80
0.38580,44.30,,9.94
0.38590,44.32,,9.69
0.38600,44.39,,9.81
0.38610,44.49,,9.69
0.38620,44.63,,9.81
0.38630,44.80,,9.80
0.38640,45.02,,9.81
0.38650,45.27,,9.70
0.38660,45.53,,9.69
0.38670,45.84,,9.81
0.38680,46.18,,9.93
0.38690,46.55,,9.81
0.38700,46.92,,9.80
0.38710,47.29,,9.70
0.38720,47.64,,9.80
0.38730,48.06,,9.81
0.38740,48.56,,9.81
0.38750,49.09,,9.80
0.38760,49.61,,9.58
0.38770,50.09,,9.69
0.38780,50.55,,9.81
0.38790,51.00,,9.80
0.38800,51.47,,9.94
0.38810,51.94,,9.93
0.38820,52.39,,9.70
0.38830,52.82,,9.69
0.38840,53.23,,9.58
0.38850,53.61,,9.70
0.38860,53.96,,9.93
0.38870,54.29,,9.94
0.38880,54.59,,9.80
0.38890,54.83,,9.58
0.38900,55.01,,9.57
0.38910,55.15,,9.70
0.38920,55.26,,9.93
0.38930,55.37,,9.94
0.38940,55.47,,9.94
0.38950,55.56,,9.69
0.38960,55.63,,9.58
0.38970,55.66,,9.69
0.38980,55.67,,9.70
0.38990,55.66,,9.93
0.39000,55.65,,9.81
0.39010,55.61,,9.80
0.39020,55.55,,9.58
0.39030,55.45,,9.57
0.39040,55.35,,9.70
0.39050,55.27,,9.94
0.39060,55.26,,9.80
0.39070,55.28,,9.81
0.39080,55.36,,9.57
0.39090,55.46,,9.47
0.39100,55.58,,9.69
0.39110,55.74,,9.81
0.39120,55.91,,9.69
0.39130,56.09,,9.70
0.39140,56.32,,9.70
0.39150,56.62,,9.69
0.39160,56.95,,9.70
0.39170,57.31,,9.57
0.39180,57.71,,9.58
0.39190,58.15,,9.69
0.39200,58.67,,9.47
0.39210,59.26,,9.57
0.39220,59.89,,9.58
0.39230,60.56,,9.45
0.39240,61.27,,9.58
0.39250,62.03,,9.58
0.39260,62.81,,9.57
0.39270,63.58,,9.47
0.39280,64.36,,9.69
0.39290,65.15,,9.47
0.39300,65.96,,9.34
0.39310,66.79,,9.36
0.39320,67.63,,9.45
0.39330,68.46,,9.47
0.39340,69.29,,9.47
0.39350,70.07,,9.23
0.39360,70.78,,9.25
0.39370,71.40,,9.34
0.39380,71.98,,9.58
0.39390,72.52,,9.69
0.39400,73.01,,9.70
0.39410,73.47,,9.34
0.39420,73.89,,9.15
0.39430,74.25,,9.02
0.39440,74.60,,9.04
0.39450,74.98,,9.15
0.39460,75.32,,9.34
0.39470,75.60,,9.36
0.39480,75.77,,9.23
0.39490,75.84,,9.15
0.39500,75.82,,9.23
0.39510,75.74,,9.25
0.39520,75.59,,9.23
0.39530,75.37,,9.15
0.39540,75.09,,9.15
0.39550,74.74,,8.92
0.39560,74.40,,9.15
0.39570,74.06,,9.02
0.39580,73.72,,9.04
0.39590,73.36,,9.02
0.39600,72.98,,9.15
0.39610,72.61,,9.13
0.39620,72.24,,9.15
0.39630,71.89,,9.02
0.39640,71.55,,8.94
0.39650,71.18,,8.84
0.39660,70.83,,8.92
0.39670,70.50,,8.75
0.39680,70.18,,8.82
0.39690,69.88,,8.94
0.39700,69.60,,8.92
0.39710,69.35,,8.75
0.39720,69.12,,8.63
0.39730,68.88,,8.65
0.39740,68.62,,8.75
0.39750,68.39,,8.92
0.39760,68.20,,8.94
0.39770,68.04,,8.82
0.39780,67.89,,8.65
0.39790,67.70,,8.54
0.39800,67.57,,8.56
0.39810,67.55,,8.63
0.39820,67.62,,8.56
0.39830,67.73,,8.45
0.39840,67.81,,8.38
0.39850,67.87,,8.38
0.39860,67.90,,8.54
0.39870,67.94,,8.56
0.39880,68.05,,8.63
0.39890,68.22,,8.47
0.39900,68.43,,8.36
0.39910,68.64,,8.21
0.39920,68.85,,8.19
0.39930,69.05,,8.30
0.39940,69.24,,8.30
0.39950,69.41,,8.27
0.39960,69.57,,8.21
0.39970,69.71,,8.19
0.39980,69.83,,8.05
0.39990,69.93,,8.27
0.40000,70.00,,8.21
0.40010,70.04,,8.02
0.40020,70.03,,7.89
0.40030,69.95,,8.02
0.40040,69.81,,8.13
0.40050,69.61,,8.30
0.40060,69.40,,8.10
0.40070,69.15,,7.89
0.40080,68.88,,7.79
0.40090,68.57,,7.74
0.40100,68.19,,7.79
0.40110,67.76,,7.89
0.40120,67.29,,7.94
0.40130,66.84,,7.89
0.40140,66.41,,7.74
0.40150,66.04,,7.64
0.40160,65.66,,7.59
0.40170,65.25,,7.64
0.40180,64.87,,7.81
0.40190,64.51,,7.64
0.40200,64.17,,7.52
0.40210,63.80,,7.49
0.40220,63.42,,7.45
0.40230,63.10,,7.64
0.40240,62.77,,7.45
0.40250,62.41,,7.32
0.40260,61.99,,7.35
0.40270,61.58,,7.52
0.40280,61.25,,7.49
0.40290,60.97,,7.32
0.40300,60.68,,7.15
0.40310,60.38,,7.06
0.40320,60.07,,7.22
0.40330,59.78,,7.25
0.40340,59.53,,7.29
0.40350,59.31,,7.06
0.40360,59.05,,7.06
0.40370,58.77,,7.09
0.40380,58.52,,7.06
0.40390,58.30,,6.85
0.40400,58.12,,6.94
0.40410,57.97,,6.85
0.40420,57.82,,6.82
0.40430,57.66,,6.85
0.40440,57.49,,6.82
0.40450,57.30,,6.82
0.40460,57.10,,6.73
0.40470,56.87,,6.71
0.40480,56.64,,6.67
0.40490,56.43,,6.54
0.40500,56.17,,6.51
0.40510,55.84,,6.54
0.40520,55.47,,6.56
0.40530,55.14,,6.60
0.40540,54.85,,6.35
0.40550,54.57,,6.34
0.40560,54.30,,6.29
0.40570,54.05,,6.30
0.40580,53.78,,6.39
0.40590,53.58,,6.40
0.40600,53.47,,6.19
0.40610,53.46,,6.11
0.40620,53.49,,6.10
0.40630,53.54,,6.02
0.40640,53.59,,6.10
0.40650,53.72,,6.10
0.40660,53.92,,5.93
0.40670,54.17,,5.92
0.40680,54.45,,5.93
0.40690,54.71,,5.83
0.40700,54.94,,5.88
0.40710,55.17,,5.79
0.40720,55.42,,5.67
0.40730,55.64,,5.75
0.40740,55.84,,5.71
0.40750,56.04,,5.55
0.40760,56.20,,5.51
0.40770,56.30,,5.59
0.40780,56.43,,5.59
0.40790,56.55,,5.44
0.40800,56.61,,5.37
0.40810,56.68,,5.37
0.40820,56.72,,5.29
0.40830,56.72,,5.22
0.40840,56.69,,5.23
0.40850,56.65,,5.23
0.40860,56.66,,5.16
0.40870,56.70,,5.03
0.40880,56.78,,4.96
0.40890,56.82,,4.97
0.40900,56.84,,4.90
0.40910,56.93,,4.85
0.40920,57.07,,4.84
0.40930,57.19,,4.79
0.40940,57.31,,4.67
0.40950,57.43,,4.68
0.40960,57.50,,4.57
0.40970,57.52,,4.51
0.40980,57.53,,4.47
0.40990,57.52,,4.41
0.41000,57.51,,4.42
0.41010,57.61,,4.41
0.41020,57.74,,4.28
0.41030,57.86,,4.22
0.41040,57.96,,4.15
0.41050,58.01,,4.11
0.41060,58.03,,4.14
0.41070,58.09,,3.98
0.41080,58.15,,3.93
0.41090,58.33,,3.87
0.41100,58.56,,3.86
0.41110,58.78,,3.80
0.41120,59.05,,3.78
0.41130,59.31,,3.63
0.41140,59.54,,3.68
0.41150,59.69,,3.53
0.41160,59.64,,3.56
0.41170,59.47,,3.42
0.41180,59.24,,3.44
0.41190,58.99,,3.37
0.41200,58.76,,3.30
0.41210,58.56,,3.23
0.41220,58.43,,3.25
0.41230,58.32,,3.15
0.41240,58.29,,3.07
0.41250,58.34,,3.07
0.41260,58.50,,2.99
0.41270,58.76,,2.89
0.41280,59.00,,2.90
0.41290,59.31,,2.81
0.41300,59.78,,2.76
0.41310,60.41,,2.70
0.41320,61.03,,2.68
0.41330,61.46,,2.58
0.41340,61.68,,2.53
0.41350,61.87,,2.50
0.41360,62.17,,2.41
0.41370,62.52,,2.35
0.41380,62.82,,2.30
0.41390,62.95,,2.22
0.41400,62.90,,2.19
0.41410,62.77,,2.08
0.41420,62.62,,2.03
0.41430,62.56,,1.96
0.41440,62.50,,1.88
0.41450,62.36,,1.80
0.41460,62.32,,1.73
0.41470,62.60,,1.63
0.41480,63.02,,1.57
0.41490,63.34,,1.49
0.41500,63.43,,1.40
0.41510,63.20,,1.32
0.41520,62.71,,1.24
0.41530,62.17,,1.18
0.41540,61.55,,1.11
0.41550,27.62,,1.03
0.41560,26.36,,0.94
0.41570,26.34,,0.86
0.41580,27.32,,0.76
0.41590,28.78,,0.65
0.41600,28.92,,0.52
0.41610,27.31,,0.35
0.41620,27.66,,0.01
0.41630,27.39,,0.21
0.41640,27.66,,0.32
0.41650,27.98,,0.41
0.41660,27.84,,0.48
0.41670,27.80,,0.53
0.41680,27.90,,0.58
0.41690,28.24,,0.63
0.41700,28.13,,0.68
0.41710,28.04,,0.72
0.41720,28.15,,0.77
0.41730,28.33,,0.81
0.41740,28.27,,0.86
0.41750,27.84,,0.90
0.41760,27.65,,0.94
0.41770,27.40,,0.98
0.41780,27.06,,1.01
0.41790,27.24,,1.04
0.41800,27.84,,1.06
0.41810,28.26,,1.10
0.41820,28.16,,1.13
0.41830,27.90,,1.15
0.41840,27.72,,1.18
0.41850,27.59,,1.20
0.41860,27.61,,1.22
0.41870,27.85,,1.25
0.41880,28.26,,1.26
0.41890,28.59,,1.28
0.41900,28.52,,1.30
0.41910,28.20,,1.31
0.41920,27.96,,1.33
0.41930,27.91,,1.34
0.41940,27.90,,1.36
0.41950,27.75,,1.37
0.41960,27.47,,1.38
0.41970,27.22,,1.39
0.41980,27.13,,1.40
0.41990,27.49,,1.42
0.42000,28.33,,1.46
0.42010,29.16,,1.51
0.42020,29.72,,1.57
0.42030,29.97,,1.62
0.42040,29.91,,1.68
0.42050,29.53,,1.73
0.42060,28.98,,1.79
0.42070,28.51,,1.85
0.42080,28.28,,1.89
0.42090,28.18,,1.94
0.42100,28.08,,1.99
0.42110,27.83,,2.02
0.42120,27.32,,2.08
0.42130,26.69,,2.10
0.42140,26.09,,2.11
0.42150,25.50,,2.15
0.42160,24.93,,2.16
0.42170,24.49,,2.16
0.42180,24.29,,2.20
0.42190,24.43,,2.17
0.42200,24.87,,2.19
0.42210,25.36,,2.17
0.42220,25.73,,2.19
0.42230,25.92,,2.18
0.42240,25.94,,2.18
0.42250,25.75,,2.19
0.42260,25.43,,2.19
0.42270,25.10,,2.19
0.42280,24.80,,2.16
0.42290,24.58,,2.20
0.42300,24.48,,2.18
0.42310,24.52,,2.18
0.42320,24.56,,2.18
0.42330,24.38,,2.16
0.42340,24.10,,2.17
0.42350,23.96,,2.18
0.42360,24.02,,2.18
0.42370,24.34,,2.15
0.42380,24.69,,2.14
0.42390,24.83,,2.16
0.42400,24.75,,2.13
0.42410,24.59,,2.13
0.42420,24.61,,2.12
0.42430,24.93,,2.10
0.42440,25.43,,2.12
0.42450,25.78,,2.11
0.42460,25.90,,2.10
0.42470,25.87,,2.15
0.42480,25.97,,2.13
0.42490,26.24,,2.16
0.42500,26.61,,2.22
0.42510,27.00,,2.26
0.42520,27.40,,2.31
0.42530,27.91,,2.37
0.42540,28.42,,2.45
0.42550,28.78,,2.50
0.42560,28.84,,2.53
0.42570,28.68,,2.63
0.42580,28.36,,2.65
0.42590,28.12,,2.76
0.42600,28.09,,2.79
0.42610,28.38,,2.82
0.42620,28.80,,2.89
0.42630,29.32,,2.96
0.42640,29.80,,2.98
0.42650,30.23,,3.05
0.42660,30.66,,3.10
0.42670,30.99,,3.19
0.42680,31.25,,3.18
0.42690,31.39,,3.25
0.42700,31.43,,3.37
0.42710,31.42,,3.33
0.42720,31.34,,3.39
0.42730,31.27,,3.50
0.42740,31.23,,3.48
0.42750,31.19,,3.53
0.42760,31.18,,3.69
0.42770,31.24,,3.55
0.42780,31.36,,3.69
0.42790,31.50,,3.78
0.42800,31.58,,3.76
0.42810,31.62,,3.82
0.42820,31.57,,3.83
0.42830,31.49,,3.89
0.42840,31.33,,4.02
0.42850,31.09,,3.87
0.42860,30.73,,4.01
0.42870,30.42,,4.15
0.42880,30.28,,4.05
0.42890,30.11,,4.06
0.42900,29.95,,4.27
0.42910,29.80,,4.19
0.42920,29.56,,4.18
0.42930,29.30,,4.28
0.42940,29.02,,4.36
0.42950,28.82,,4.33
0.42960,28.76,,4.42
0.42970,28.75,,4.41
0.42980,28.71,,4.37
0.42990,28.71,,4.62
0.43000,28.71,,4.57
0.43010,28.68,,4.46
0.43020,28.56,,4.57
0.43030,28.36,,4.78
0.43040,28.28,,4.63
0.43050,28.43,,4.62
0.43060,28.65,,4.63
0.43070,28.88,,4.85
0.43080,29.14,,4.90
0.43090,29.46,,4.79
0.43100,29.77,,4.73
0.43110,29.98,,4.97
0.43120,30.08,,4.78
0.43130,30.08,,4.85
0.43140,30.06,,5.22
0.43150,30.09,,5.09
0.43160,30.11,,4.73
0.43170,29.96,,4.84
0.43180,29.81,,5.29
0.43190,29.67,,5.16
0.43200,29.47,,4.97
0.43210,29.21,,5.16
0.43220,28.99,,5.29
0.43230,28.71,,5.03
0.43240,28.38,,5.03
0.43250,28.02,,5.22
0.43260,27.65,,5.37
0.43270,27.31,,5.29
0.43280,27.05,,5.16
0.43290,26.79,,5.03
0.43300,26.55,,5.37
0.43310,26.39,,5.67
0.43320,26.33,,5.44
0.43330,26.20,,4.91
0.43340,25.94,,5.22
0.43350,25.75,,5.75
0.43360,25.63,,5.67
0.43370,25.39,,5.16
0.43380,25.17,,5.37
0.43390,25.03,,5.59
0.43400,24.86,,5.51
0.43410,24.62,,5.37
0.43420,24.38,,5.59
0.43430,24.21,,5.59
0.43440,23.98,,5.59
0.43450,23.73,,5.59
0.43460,23.51,,5.51
0.43470,23.34,,5.75
0.43480,23.28,,5.59
0.43490,23.28,,5.67
0.43500,23.32,,5.67
0.43510,23.39,,5.83
0.43520,23.54,,5.67
0.43530,23.71,,5.75
0.43540,23.95,,5.75
0.43550,24.25,,5.79
0.43560,24.60,,5.87
0.43570,24.95,,5.88
0.43580,25.28,,5.87
0.43590,25.55,,5.75
0.43600,25.76,,5.83
0.43610,25.95,,6.06
0.43620,26.10,,5.96
0.43630,26.21,,5.93
0.43640,26.31,,6.01
0.43650,26.41,,6.11
0.43660,26.49,,6.01
0.43670,26.49,,6.01
0.43680,26.45,,6.11
0.43690,26.46,,6.10
0.43700,26.47,,6.11
0.43710,26.43,,6.10
0.43720,26.33,,6.20
0.43730,26.27,,6.19
0.43740,26.26,,6.11
0.43750,26.25,,6.10
0.43760,26.27,,6.29
0.43770,26.30,,6.30
0.43780,26.37,,6.29
0.43790,26.49,,6.20
0.43800,26.70,,6.29
0.43810,26.99,,6.35
0.43820,27.28,,6.44
0.43830,27.58,,6.25
0.43840,27.92,,6.34
0.43850,28.27,,6.35
0.43860,28.64,,6.44
0.43870,28.99,,6.39
0.43880,29.41,,6.30
0.43890,29.90,,6.49
0.43900,30.43,,6.51
0.43910,30.93,,6.49
0.43920,31.46,,6.40
0.43930,32.01,,6.49
0.43940,32.63,,6.51
0.43950,33.39,,6.65
0.43960,34.15,,6.54
0.43970,34.89,,6.51
0.43980,35.60,,6.49
0.43990,36.28,,6.67
0.44000,36.95,,6.65
0.44010,37.63,,6.67
0.44020,38.28,,6.60
0.44030,38.83,,6.67
0.44040,39.32,,6.82
0.44050,39.73,,6.73
0.44060,40.08,,6.76
0.44070,40.39,,6.76
0.44080,40.66,,6.62
0.44090,40.88,,6.76
0.44100,40.99,,6.97
0.44110,41.06,,6.88
0.44120,41.07,,6.79
0.44130,41.02,,6.76
0.44140,40.87,,6.97
0.44150,40.67,,7.06
0.44160,40.47,,6.82
0.44170,40.22,,6.79
0.44180,39.91,,6.88
0.44190,39.56,,7.09
0.44200,39.20,,7.06
0.44210,38.89,,6.97
0.44220,38.61,,6.94
0.44230,38.31,,6.91
0.44240,37.97,,7.12
0.44250,37.64,,7.09
0.44260,37.32,,7.06
0.44270,37.00,,7.00
0.44280,36.67,,7.09
0.44290,36.35,,7.12
0.44300,36.05,,7.09
0.44310,35.78,,6.94
0.44320,35.59,,7.09
0.44330,35.44,,7.19
0.44340,35.34,,7.22
0.44350,35.28,,7.12
0.44360,35.23,,7.12
0.44370,35.22,,7.09
0.44380,35.23,,7.19
0.44390,35.27,,7.29
0.44400,35.35,,7.12
0.44410,35.44,,7.09
0.44420,35.53,,7.32
0.44430,35.59,,7.29
0.44440,35.64,,7.25
0.44450,35.67,,7.09
0.44460,35.66,,7.19
0.44470,35.62,,7.32
0.44480,35.59,,7.22
0.44490,35.54,,7.19
0.44500,35.43,,7.22
0.44510,35.25,,7.32
0.44520,35.05,,7.49
0.44530,34.82,,7.32
0.44540,34.53,,7.22
0.44550,34.16,,7.06
0.44560,33.77,,7.25
0.44570,33.38,,7.42
0.44580,32.97,,7.45
0.44590,32.51,,7.35
0.44600,31.97,,7.19
0.44610,31.33,,7.35
0.44620,30.71,,7.45
0.44630,30.16,,7.35
0.44640,29.68,,7.19
0.44650,29.23,,7.22
0.44660,28.78,,7.52
0.44670,28.35,,7.45
0.44680,27.95,,7.42
0.44690,27.54,,7.32
0.44700,27.08,,7.29
0.44710,26.61,,7.38
0.44720,26.17,,7.49
0.44730,25.74,,7.38
0.44740,25.29,,7.22
0.44750,24.83,,7.25
0.44760,24.39,,7.59
0.44770,23.99,,7.64
0.44780,23.59,,7.32
0.44790,23.16,,7.22
0.44800,22.69,,7.32
0.44810,22.24,,7.49
0.44820,21.86,,7.59
0.44830,21.55,,7.49
0.44840,21.23,,7.32
0.44850,20.87,,7.35
0.44860,20.53,,7.45
0.44870,20.26,,7.59
0.44880,20.01,,7.56
0.44890,19.77,,7.52
0.44900,19.55,,7.42
0.44910,19.38,,7.38
0.44920,19.24,,7.42
0.44930,19.11,,7.45
0.44940,18.96,,7.64
0.44950,18.80,,7.66
0.44960,18.63,,7.59
0.44970,18.42,,7.49
0.44980,18.14,,7.32
0.44990,17.82,,7.56
0.45000,17.52,,7.66
0.45010,17.24,,7.64
0.45020,16.93,,7.59
0.45030,16.56,,7.42
0.45040,16.17,,7.59
0.45050,15.80,,7.71
0.45060,15.51,,7.66
0.45070,15.29,,7.66
0.45080,15.11,,7.49
0.45090,14.95,,7.52
0.45100,14.82,,7.56
0.45110,14.73,,7.74
0.45120,14.69,,7.79
0.45130,14.69,,7.66
0.45140,14.78,,7.56
0.45150,14.91,,7.59
0.45160,15.03,,7.74
0.45170,15.15,,7.71
0.45180,15.32,,7.74
0.45190,15.52,,7.64
0.45200,15.76,,7.59
0.45210,16.03,,7.56
0.45220,16.29,,7.74
0.45230,16.54,,7.71
0.45240,16.78,,7.74
0.45250,17.04,,7.86
0.45260,17.35,,7.74
0.45270,17.73,,7.59
0.45280,18.12,,7.64
0.45290,18.47,,7.74
0.45300,18.77,,7.79
0.45310,19.10,,7.81
0.45320,19.44,,7.71
0.45330,19.77,,7.59
0.45340,20.05,,7.71
0.45350,20.29,,7.74
0.45360,20.51,,7.81
0.45370,20.74,,7.79
0.45380,20.95,,7.89
0.45390,21.14,,7.79
0.45400,21.22,,7.81
0.45410,21.18,,7.71
0.45420,21.12,,7.74
0.45430,21.02,,7.79
0.45440,20.91,,7.89
0.45450,20.80,,7.94
0.45460,20.63,,7.74
0.45470,20.47,,7.74
0.45480,20.30,,7.79
0.45490,20.15,,7.89
0.45500,20.04,,7.86
0.45510,19.94,,7.81
0.45520,19.79,,7.86
0.45530,19.69,,7.81
0.45540,19.63,,7.86
0.45550,19.68,,7.81
0.45560,19.78,,7.81
0.45570,19.90,,7.86
0.45580,20.01,,7.89
0.45590,20.14,,7.94
0.45600,20.28,,7.81
0.45610,20.47,,7.86
0.45620,20.72,,7.89
0.45630,21.03,,7.86
0.45640,21.40,,7.81
0.45650,21.76,,7.79
0.45660,22.10,,7.89
0.45670,22.49,,7.97
0.45680,22.92,,7.94
0.45690,23.45,,7.81
0.45700,24.03,,7.79
0.45710,24.55,,7.89
0.45720,25.04,,7.94
0.45730,25.52,,8.13
0.45740,26.03,,7.86
0.45750,26.52,,7.74
0.45760,26.98,,7.71
0.45770,27.37,,7.81
0.45780,27.75,,7.97
0.45790,28.10,,8.10
0.45800,28.45,,8.05
0.45810,28.81,,7.86
0.45820,29.16,,7.81
0.45830,29.48,,7.79
0.45840,29.74,,7.89
0.45850,29.97,,8.02
0.45860,30.22,,8.05
0.45870,30.43,,7.89
0.45880,30.55,,7.79
0.45890,30.56,,7.97
0.45900,30.52,,7.94
0.45910,30.45,,7.97
0.45920,30.37,,7.94
0.45930,30.23,,7.89
0.45940,30.07,,7.94
0.45950,29.85,,7.97
0.45960,29.65,,8.10
0.45970,29.47,,7.89
0.45980,29.29,,7.81
0.45990,29.13,,7.94
0.46000,28.99,,8.05
0.46010,28.86,,8.10
0.46020,28.76,,7.97
0.46030,28.70,,7.86
0.46040,28.66,,7.89
0.46050,28.63,,7.94
0.46060,28.62,,8.13
0.46070,28.67,,7.97
0.46080,28.75,,7.94
0.46090,28.85,,7.89
0.46100,28.96,,8.02
0.46110,29.10,,8.13
0.46120,29.21,,7.94
0.46130,29.29,,7.97
0.46140,29.34,,7.86
0.46150,29.40,,7.97
0.46160,29.51,,8.02
0.46170,29.66,,8.13
0.46180,29.83,,8.05
0.46190,30.01,,7.94
0.46200,30.22,,7.97
0.46210,30.42,,7.94
0.46220,30.67,,8.05
0.46230,30.94,,8.19
0.46240,31.23,,8.05
0.46250,31.51,,8.02
0.46260,31.78,,7.89
0.46270,32.09,,8.05
0.46280,32.43,,8.10
0.46290,32.79,,8.13
0.46300,33.12,,8.02
0.46310,33.38,,7.89
0.46320,33.62,,8.02
0.46330,33.86,,8.13
0.46340,34.16,,8.19
0.46350,34.51,,8.13
0.46360,34.86,,7.94
0.46370,35.16,,7.97
0.46380,35.44,,7.97
0.46390,35.70,,8.19
0.46400,35.98,,8.21
0.46410,36.25,,8.10
0.46420,36.51,,8.05
0.46430,36.74,,8.02
0.46440,36.93,,8.05
0.46450,37.07,,8.10
0.46460,37.18,,8.21
0.46470,37.25,,8.13
0.46480,37.29,,8.10
0.46490,37.30,,7.97
0.46500,37.28,,8.10
0.46510,37.22,,8.05
0.46520,37.13,,8.19
0.46530,37.05,,8.21
0.46540,36.96,,8.19
0.46550,36.88,,8.05
0.46560,36.77,,7.94
0.46570,36.61,,8.13
0.46580,36.42,,8.30
0.46590,36.21,,8.19
0.46600,36.01,,8.13
0.46610,35.75,,8.02
0.46620,35.47,,8.13
0.46630,35.15,,8.10
0.46640,34.83,,8.13
0.46650,34.49,,8.10
0.46660,34.11,,8.13
0.46670,33.73,,8.13
0.46680,33.37,,8.19
0.46690,33.03,,8.21
0.46700,32.68,,8.02
0.46710,32.31,,8.05
0.46720,31.95,,8.10
0.46730,31.65,,8.21
0.46740,31.41,,8.19
0.46750,31.21,,8.05
0.46760,31.03,,8.10
0.46770,30.88,,8.13
0.46780,30.79,,8.21
0.46790,30.74,,8.19
0.46800,30.70,,8.21
0.46810,30.69,,8.10
0.46820,30.71,,8.13
0.46830,30.70,,8.02
0.46840,30.68,,8.05
0.46850,30.62,,8.19
0.46860,30.58,,8.21
0.46870,30.59,,8.21
0.46880,30.63,,8.10
0.46890,30.65,,8.05
0.46900,30.67,,8.19
0.46910,30.68,,8.13
0.46920,30.72,,8.19
0.46930,30.80,,8.13
0.46940,30.91,,8.02
0.46950,31.02,,8.13
0.46960,31.13,,8.19
0.46970,31.25,,8.13
0.46980,31.39,,8.21
0.46990,31.54,,8.10
0.47000,31.74,,8.13
0.47010,32.01,,8.10
0.47020,32.27,,8.05
0.47030,32.53,,8.10
0.47040,32.81,,8.05
0.47050,33.10,,8.27
0.47060,33.40,,8.21
0.47070,33.72,,8.05
0.47080,34.03,,8.02
0.47090,34.32,,8.13
0.47100,34.59,,8.10
0.47110,34.87,,8.21
0.47120,35.18,,8.19
0.47130,35.54,,8.05
0.47140,35.88,,8.02
0.47150,36.19,,8.13
0.47160,36.46,,8.10
0.47170,36.71,,8.13
0.47180,36.93,,8.21
0.47190,37.10,,8.10
0.47200,37.21,,8.05
0.47210,37.29,,7.94
0.47220,37.35,,8.13
0.47230,37.41,,8.19
0.47240,37.46,,8.21
0.47250,37.47,,8.10
0.47260,37.45,,8.05
0.47270,37.32,,8.05
0.47280,37.16,,8.10
0.47290,36.97,,8.21
0.47300,36.80,,8.19
0.47310,36.63,,7.97
0.47320,36.40,,7.94
0.47330,36.11,,8.13
0.47340,35.79,,8.19
0.47350,35.45,,8.30
0.47360,35.12,,8.10
0.47370,34.74,,8.05
0.47380,34.33,,7.97
0.47390,33.88,,8.10
0.47400,33.41,,8.05
0.47410,32.89,,8.10
0.47420,32.32,,8.13
0.47430,31.72,,8.10
0.47440,31.11,,8.13
0.47450,30.48,,8.10
0.47460,29.88,,8.05
0.47470,29.30,,8.05
0.47480,28.76,,8.10
0.47490,28.22,,8.13
0.47500,27.68,,8.10
0.47510,27.17,,7.97
0.47520,26.66,,8.10
0.47530,26.19,,8.21
0.47540,25.74,,8.10
0.47550,25.32,,8.13
0.47560,24.92,,8.02
0.47570,24.58,,7.97
0.47580,24.26,,7.97
0.47590,23.97,,8.10
0.47600,23.67,,8.05
0.47610,23.38,,8.10
0.47620,23.11,,8.21
0.47630,22.87,,8.10
0.47640,22.65,,8.05
0.47650,22.43,,7.94
0.47660,22.21,,7.89
0.47670,21.99,,8.13
0.47680,21.77,,8.19
0.47690,21.58,,8.05
0.47700,21.43,,7.94
0.47710,21.29,,8.05
0.47720,21.19,,8.02
0.47730,21.13,,8.13
0.47740,21.11,,8.10
0.47750,21.08,,7.97
0.47760,21.01,,7.94
0.47770,21.01,,7.97
0.47780,21.05,,8.13
0.47790,21.11,,8.02
0.47800,21.10,,7.97
0.47810,21.07,,8.02
0.47820,21.04,,8.05
0.47830,21.10,,8.10
0.47840,21.21,,7.89
0.47850,21.33,,7.94
0.47860,21.41,,8.05
0.47870,21.49,,8.05
0.47880,21.61,,7.94
0.47890,21.76,,7.97
0.47900,21.92,,8.02
0.47910,22.06,,8.05
0.47920,22.24,,8.10
0.47930,22.47,,7.97
0.47940,22.76,,7.86
0.47950,23.06,,7.89
0.47960,23.37,,7.94
0.47970,23.72,,8.05
0.47980,24.06,,8.05
0.47990,24.42,,7.94
0.48000,24.73,,7.89
0.48010,25.05,,7.94
0.48020,25.37,,8.05
0.48030,25.69,,8.02
0.48040,25.97,,7.89
0.48050,26.25,,7.71
0.48060,26.49,,7.89
0.48070,26.71,,7.97
0.48080,26.90,,8.10
0.48090,27.06,,8.13
0.48100,27.21,,8.02
0.48110,27.32,,7.81
0.48120,27.42,,7.64
0.48130,27.48,,7.89
0.48140,27.51,,8.10
0.48150,27.55,,8.05
0.48160,27.61,,7.94
0.48170,27.66,,7.74
0.48180,27.71,,7.89
0.48190,27.76,,7.94
0.48200,27.81,,8.05
0.48210,27.83,,7.94
0.48220,27.80,,7.89
0.48230,27.74,,7.79
0.48240,27.66,,7.89
0.48250,27.58,,7.94
0.48260,27.44,,7.89
0.48270,27.28,,8.05
0.48280,27.08,,7.79
0.48290,26.88,,7.89
0.48300,26.70,,7.94
0.48310,26.57,,7.81
0.48320,26.46,,7.86
0.48330,26.29,,7.89
0.48340,26.08,,7.86
0.48350,25.85,,7.81
0.48360,25.66,,7.94
0.48370,25.45,,7.89
0.48380,25.22,,7.89
0.48390,25.00,,7.94
0.48400,24.75,,7.74
0.48410,24.49,,7.94
0.48420,24.28,,7.74
0.48430,24.06,,7.86
0.48440,23.86,,7.89
0.48450,23.59,,7.86
0.48460,23.26,,7.89
0.48470,22.93,,7.86
0.48480,22.62,,7.97
0.48490,22.37,,7.74
0.48500,22.08,,7.79
0.48510,21.76,,7.74
0.48520,21.35,,7.79
0.48530,20.95,,7.81
0.48540,20.56,,7.94
0.48550,20.22,,8.05
0.48560,19.91,,7.86
0.48570,19.58,,7.74
0.48580,19.27,,7.74
0.48590,18.96,,7.79
0.48600,18.56,,7.74
0.48610,18.03,,7.79
0.48620,17.50,,7.89
0.48630,17.01,,7.94
0.48640,16.64,,7.81
0.48650,16.32,,7.79
0.48660,16.10,,7.81
0.48670,15.92,,7.79
0.48680,15.80,,7.74
0.48690,15.67,,7.89
0.48700,15.54,,7.71
0.48710,15.34,,7.66
0.48720,15.10,,7.71
0.48730,14.83,,7.89
0.48740,14.55,,7.94
0.48750,14.30,,7.89
0.48760,14.02,,7.56
0.48770,13.76,,7.59
0.48780,13.54,,7.74
0.48790,13.36,,7.79
0.48800,13.20,,7.81
0.48810,13.03,,7.86
0.48820,12.88,,7.74
0.48830,12.73,,7.79
0.48840,12.62,,7.81
0.48850,12.56,,7.64
0.48860,12.49,,7.66
0.48870,12.41,,7.64
0.48880,12.33,,7.74
0.48890,12.29,,7.81
0.48900,12.33,,7.71
0.48910,12.42,,7.59
0.48920,12.50,,7.79
0.48930,12.59,,7.74
0.48940,12.71,,7.79
0.48950,12.90,,7.66
0.48960,13.09,,7.56
0.48970,13.28,,7.66
0.48980,13.46,,7.66
0.48990,13.63,,7.71
0.49000,13.85,,7.66
0.49010,14.09,,7.64
0.49020,14.39,,7.74
0.49030,14.73,,7.64
0.49040,15.08,,7.66
0.49050,15.43,,7.71
0.49060,15.78,,7.59
0.49070,16.13,,7.64
0.49080,16.50,,7.59
0.49090,16.85,,7.59
0.49100,17.17,,7.64
0.49110,17.48,,7.74
0.49120,17.84,,7.56
0.49130,18.21,,7.59
0.49140,18.59,,7.56
0.49150,18.97,,7.59
0.49160,19.39,,7.64
0.49170,19.82,,7.59
0.49180,20.23,,7.59
0.49190,20.60,,7.49
0.49200,20.93,,7.66
0.49210,21.25,,7.71
0.49220,21.58,,7.59
0.49230,21.90,,7.35
0.49240,22.17,,7.45
0.49250,22.41,,7.56
0.49260,22.62,,7.66
0.49270,22.82,,7.64
0.49280,23.00,,7.45
0.49290,23.14,,7.52
0.49300,23.30,,7.56
0.49310,23.47,,7.66
0.49320,23.64,,7.49
0.49330,23.79,,7.38
0.49340,23.92,,7.49
0.49350,24.04,,7.45
0.49360,24.22,,7.56
0.49370,24.40,,7.52
0.49380,24.58,,7.45
0.49390,24.77,,7.49
0.49400,24.95,,7.45
0.49410,25.19,,7.56
0.49420,25.44,,7.52
0.49430,25.72,,7.49
0.49440,25.98,,7.32
0.49450,26.23,,7.49
0.49460,26.46,,7.45
0.49470,26.66,,7.42
0.49480,26.86,,7.52
0.49490,27.10,,7.45
0.49500,27.40,,7.35
0.49510,27.71,,7.32
0.49520,27.99,,7.35
0.49530,28.22,,7.45
0.49540,28.46,,7.64
0.49550,28.71,,7.45
0.49560,28.98,,7.22
0.49570,29.23,,7.38
0.49580,29.48,,7.38
0.49590,29.76,,7.35
0.49600,30.08,,7.45
0.49610,30.39,,7.35
0.49620,30.68,,7.32
0.49630,30.97,,7.35
0.49640,31.29,,7.38
0.49650,31.61,,7.35
0.49660,31.95,,7.32
0.49670,32.30,,7.35
0.49680,32.66,,7.32
0.49690,32.99,,7.32
0.49700,33.30,,7.29
0.49710,33.56,,7.25
0.49720,33.81,,7.29
0.49730,34.00,,7.38
0.49740,34.20,,7.29
0.49750,34.38,,7.32
0.49760,34.52,,7.22
0.49770,34.67,,7.32
0.49780,34.83,,7.32
0.49790,35.01,,7.15
0.49800,35.17,,7.25
0.49810,35.33,,7.22
0.49820,35.49,,7.32
0.49830,35.68,,7.22
0.49840,35.91,,7.19
0.49850,36.14,,7.22
0.49860,36.36,,7.25
0.49870,36.54,,7.22
0.49880,36.75,,7.25
0.49890,36.96,,7.12
0.49900,37.17,,7.15
0.49910,37.35,,7.19
0.49920,37.51,,7.22
0.49930,37.60,,7.19
0.49940,37.64,,7.09
0.49950,37.62,,7.19
0.49960,37.59,,7.15
0.49970,37.55,,7.12
0.49980,37.46,,7.12
0.49990,37.29,,7.15
0.50000,37.05,,7.12
0.50010,36.82,,7.15
0.50020,36.56,,7.06
0.50030,36.29,,7.09
0.50040,35.99,,7.06
0.50050,35.73,,7.09
0.50060,35.49,,7.06
0.50070,35.24,,7.09
0.50080,35.00,,7.06
0.50090,34.79,,7.06
0.50100,34.81,,7.03
0.50110,34.90,,7.00
0.50120,35.04,,7.09
0.50130,35.19,,7.00
0.50140,35.35,,7.15
0.50150,35.54,,7.06
0.50160,35.75,,6.97
0.50170,35.97,,6.82
0.50180,36.18,,7.00
0.50190,36.40,,7.03
0.50200,36.64,,7.00
0.50210,36.89,,6.97
0.50220,37.17,,6.94
0.50230,37.46,,6.97
0.50240,37.74,,6.88
0.50250,38.02,,6.97
0.50260,38.31,,6.94
0.50270,38.62,,6.91
0.50280,38.96,,6.88
0.50290,39.31,,6.88
0.50300,39.65,,6.91
0.50310,40.00,,7.00
0.50320,40.37,,6.79
0.50330,40.75,,6.71
0.50340,41.13,,6.85
0.50350,41.50,,6.94
0.50360,41.88,,6.85
0.50370,42.27,,6.82
0.50380,42.66,,6.82
0.50390,43.00,,6.73
0.50400,43.34,,6.82
0.50410,43.66,,6.67
0.50420,43.95,,6.76
0.50430,44.23,,6.79
0.50440,44.55,,6.76
0.50450,44.88,,6.73
0.50460,45.19,,6.71
0.50470,45.48,,6.73
0.50480,45.73,,6.71
0.50490,45.91,,6.60
0.50500,46.00,,6.73
0.50510,46.05,,6.71
0.50520,46.06,,6.62
0.50530,46.00,,6.71
0.50540,45.86,,6.67
0.50550,45.68,,6.65
0.50560,45.43,,6.51
0.50570,45.07,,6.54
0.50580,44.60,,6.65
0.50590,44.12,,6.62
0.50600,43.62,,6.65
0.50610,43.07,,6.46
0.50620,42.45,,6.60
0.50630,41.81,,6.51
0.50640,41.16,,6.54
0.50650,40.46,,6.46
0.50660,39.73,,6.49
0.50670,38.98,,6.40
0.50680,38.26,,6.49
0.50690,37.59,,6.49
0.50700,36.98,,6.51
0.50710,36.38,,6.39
0.50720,35.73,,6.51
0.50730,35.01,,6.39
0.50740,34.26,,6.30
0.50750,33.49,,6.34
0.50760,32.70,,6.35
0.50770,31.94,,6.49
0.50780,31.25,,6.39
0.50790,30.59,,6.30
0.50800,29.89,,6.29
0.50810,29.17,,6.40
0.50820,28.42,,6.34
0.50830,27.65,,6.30
0.50840,26.84,,6.29
0.50850,25.98,,6.30
0.50860,25.15,,6.34
0.50870,24.36,,6.25
0.50880,23.57,,6.24
0.50890,22.83,,6.39
0.50900,22.16,,6.30
0.50910,21.51,,6.19
0.50920,20.87,,6.20
0.50930,20.24,,6.14
0.50940,19.63,,6.25
0.50950,19.09,,6.29
0.50960,18.64,,6.20
0.50970,18.28,,6.19
0.50980,17.94,,6.01
0.50990,17.63,,6.20
